839,290,334,triceps-extension,,,
-270,-921,-468,triceps-extension,,,
488,153,-615,triceps-extension,,,
400,834,-795,triceps-extension,,,
231,647,-590,triceps-extension,,,
-4,710,-629,triceps-extension,,,
-80,499,-529,triceps-extension,,,
-215,803,-702,triceps-extension,,,
-981,522,-893,triceps-extension,,,
-368,1373,-1108,triceps-extension,,,
-1236,1992,-1573,triceps-extension,,,
12,2324,-1201,triceps-extension,,,
599,1485,-558,triceps-extension,,,
-309,100,-501,triceps-extension,,,
-457,-70,-578,triceps-extension,,,
-780,328,-804,triceps-extension,,,
-620,230,-572,triceps-extension,,,
-531,130,-589,triceps-extension,,,
-517,188,-586,triceps-extension,,,
-460,245,-509,triceps-extension,,,
-441,314,-520,triceps-extension,,,
-482,401,-535,triceps-extension,,,
-501,412,-557,triceps-extension,,,
-533,429,-464,triceps-extension,,,
-570,464,-437,triceps-extension,,,
-601,475,-316,triceps-extension,,,
-646,431,-270,triceps-extension,,,
-699,399,-340,triceps-extension,,,
-771,405,-347,triceps-extension,,,
-806,393,-271,triceps-extension,,,
-841,376,-151,triceps-extension,,,
-904,344,-130,triceps-extension,,,
-985,268,-203,triceps-extension,,,
-1063,219,-156,triceps-extension,,,
-1112,224,-89,triceps-extension,,,
-1169,244,-158,triceps-extension,,,
-1234,177,-247,triceps-extension,,,
-1273,68,-126,triceps-extension,,,
-1306,182,-130,triceps-extension,,,
-1290,368,-180,triceps-extension,,,
-1208,320,7,triceps-extension,,,
-1173,243,-168,triceps-extension,,,
-1223,179,-111,triceps-extension,,,
-1267,21,-16,triceps-extension,,,
-1283,-81,-434,triceps-extension,,,
-1192,220,-508,triceps-extension,,,
-1158,373,-438,triceps-extension,,,
-1140,344,-336,triceps-extension,,,
-1185,299,-159,triceps-extension,,,
-1358,181,-228,triceps-extension,,,
-1471,168,-89,triceps-extension,,,
-1616,252,-127,triceps-extension,,,
-1618,293,-117,triceps-extension,,,
-1619,333,-150,triceps-extension,,,
-1589,406,-178,triceps-extension,,,
-1556,460,-101,triceps-extension,,,
-1533,546,67,triceps-extension,,,
-1498,630,92,triceps-extension,,,
-1444,711,15,triceps-extension,,,
-1375,785,-14,triceps-extension,,,
-1344,831,-40,triceps-extension,,,
-1281,819,-64,triceps-extension,,,
-1188,847,20,triceps-extension,,,
-1118,838,-34,triceps-extension,,,
-1048,835,-96,triceps-extension,,,
-962,840,-48,triceps-extension,,,
-852,808,-105,triceps-extension,,,
-694,768,-168,triceps-extension,,,
-553,772,29,triceps-extension,,,
-423,622,-129,triceps-extension,,,
-299,514,-183,triceps-extension,,,
-143,407,-23,triceps-extension,,,
-6,284,-232,triceps-extension,,,
152,281,-261,triceps-extension,,,
284,287,-261,triceps-extension,,,
431,194,-372,triceps-extension,,,
562,254,-490,triceps-extension,,,
659,299,-618,triceps-extension,,,
737,276,-633,triceps-extension,,,
745,307,-617,triceps-extension,,,
813,320,-301,triceps-extension,,,
819,268,-501,triceps-extension,,,
866,189,-411,triceps-extension,,,
857,140,-168,triceps-extension,,,
934,182,-173,triceps-extension,,,
948,156,-220,triceps-extension,,,
956,85,-127,triceps-extension,,,
923,54,-35,triceps-extension,,,
886,6,-42,triceps-extension,,,
873,-22,27,triceps-extension,,,
834,-47,-28,triceps-extension,,,
840,-112,-96,triceps-extension,,,
840,-112,-96,triceps-extension,,,
817,-135,-88,triceps-extension,,,
862,-136,-80,triceps-extension,,,
857,-173,-50,triceps-extension,,,
761,-183,-216,triceps-extension,,,
709,-141,-104,triceps-extension,,,
739,-115,100,triceps-extension,,,
717,-85,-70,triceps-extension,,,
692,-47,9,triceps-extension,,,
681,-60,-46,triceps-extension,,,
680,-64,133,triceps-extension,,,
692,-107,91,triceps-extension,,,
690,-150,52,triceps-extension,,,
635,-184,13,triceps-extension,,,
616,-209,63,triceps-extension,,,
627,-233,127,triceps-extension,,,
654,-240,95,triceps-extension,,,
696,-245,61,triceps-extension,,,
737,-238,102,triceps-extension,,,
752,-252,74,triceps-extension,,,
795,-221,93,triceps-extension,,,
852,-201,109,triceps-extension,,,
930,-230,123,triceps-extension,,,
976,-244,118,triceps-extension,,,
984,-252,96,triceps-extension,,,
1004,-252,108,triceps-extension,,,
985,-248,116,triceps-extension,,,
926,-285,145,triceps-extension,,,
885,-320,202,triceps-extension,,,
862,-310,227,triceps-extension,,,
835,-315,232,triceps-extension,,,
810,-353,253,triceps-extension,,,
783,-385,256,triceps-extension,,,
747,-427,184,triceps-extension,,,
723,-469,157,triceps-extension,,,
694,-527,170,triceps-extension,,,
674,-578,165,triceps-extension,,,
638,-626,123,triceps-extension,,,
634,-648,100,triceps-extension,,,
633,-700,122,triceps-extension,,,
600,-722,67,triceps-extension,,,
562,-764,55,triceps-extension,,,
529,-784,97,triceps-extension,,,
485,-789,129,triceps-extension,,,
421,-818,44,triceps-extension,,,
398,-835,72,triceps-extension,,,
380,-866,72,triceps-extension,,,
343,-888,73,triceps-extension,,,
337,-890,83,triceps-extension,,,
359,-929,134,triceps-extension,,,
320,-976,81,triceps-extension,,,
336,-960,143,triceps-extension,,,
336,-968,82,triceps-extension,,,
321,-960,171,triceps-extension,,,
305,-967,198,triceps-extension,,,
275,-953,171,triceps-extension,,,
236,-959,175,triceps-extension,,,
218,-960,183,triceps-extension,,,
202,-960,211,triceps-extension,,,
187,-953,203,triceps-extension,,,
197,-939,220,triceps-extension,,,
200,-942,243,triceps-extension,,,
188,-963,267,triceps-extension,,,
154,-980,206,triceps-extension,,,
126,-1013,160,triceps-extension,,,
109,-1024,163,triceps-extension,,,
76,-1035,201,triceps-extension,,,
64,-1067,227,triceps-extension,,,
75,-1059,285,triceps-extension,,,
70,-1063,287,triceps-extension,,,
54,-1087,277,triceps-extension,,,
53,-1096,261,triceps-extension,,,
47,-1082,267,triceps-extension,,,
40,-1076,258,triceps-extension,,,
44,-1063,270,triceps-extension,,,
36,-1052,292,triceps-extension,,,
32,-1052,312,triceps-extension,,,
52,-1056,305,triceps-extension,,,
60,-1057,250,triceps-extension,,,
60,-1048,238,triceps-extension,,,
61,-1038,273,triceps-extension,,,
53,-1021,277,triceps-extension,,,
57,-1010,276,triceps-extension,,,
75,-991,326,triceps-extension,,,
77,-979,325,triceps-extension,,,
80,-984,320,triceps-extension,,,
101,-982,347,triceps-extension,,,
119,-965,345,triceps-extension,,,
136,-934,345,triceps-extension,,,
136,-936,264,triceps-extension,,,
136,-956,230,triceps-extension,,,
144,-939,280,triceps-extension,,,
176,-919,271,triceps-extension,,,
175,-915,221,triceps-extension,,,
176,-924,180,triceps-extension,,,
225,-902,247,triceps-extension,,,
233,-889,240,triceps-extension,,,
239,-898,236,triceps-extension,,,
234,-919,194,triceps-extension,,,
265,-904,215,triceps-extension,,,
289,-904,200,triceps-extension,,,
328,-896,208,triceps-extension,,,
344,-896,136,triceps-extension,,,
352,-873,167,triceps-extension,,,
360,-864,168,triceps-extension,,,
367,-901,101,triceps-extension,,,
397,-911,132,triceps-extension,,,
400,-926,129,triceps-extension,,,
393,-928,142,triceps-extension,,,
453,-935,253,triceps-extension,,,
437,-943,185,triceps-extension,,,
386,-944,64,triceps-extension,,,
382,-950,72,triceps-extension,,,
390,-1020,204,triceps-extension,,,
392,-1004,137,triceps-extension,,,
398,-963,139,triceps-extension,,,
389,-900,118,triceps-extension,,,
395,-869,115,triceps-extension,,,
330,-1048,158,triceps-extension,,,
475,-1062,449,triceps-extension,,,
410,-1126,103,triceps-extension,,,
305,-1174,-112,triceps-extension,,,
315,-1154,9,triceps-extension,,,
360,-1098,87,triceps-extension,,,
393,-1046,77,triceps-extension,,,
396,-1041,21,triceps-extension,,,
404,-1036,4,triceps-extension,,,
428,-1000,16,triceps-extension,,,
444,-976,8,triceps-extension,,,
459,-969,11,triceps-extension,,,
486,-949,28,triceps-extension,,,
521,-923,19,triceps-extension,,,
547,-901,6,triceps-extension,,,
558,-887,22,triceps-extension,,,
574,-849,23,triceps-extension,,,
579,-803,-3,triceps-extension,,,
571,-779,-11,triceps-extension,,,
581,-740,18,triceps-extension,,,
597,-696,15,triceps-extension,,,
610,-645,3,triceps-extension,,,
620,-614,26,triceps-extension,,,
643,-597,6,triceps-extension,,,
683,-555,-3,triceps-extension,,,
700,-523,-13,triceps-extension,,,
719,-461,-11,triceps-extension,,,
703,-447,-72,triceps-extension,,,
650,-431,-110,triceps-extension,,,
667,-367,-44,triceps-extension,,,
700,-359,-81,triceps-extension,,,
738,-353,-88,triceps-extension,,,
772,-363,-85,triceps-extension,,,
841,-414,-33,triceps-extension,,,
872,-352,-57,triceps-extension,,,
872,-352,-159,triceps-extension,,,
872,-383,-137,triceps-extension,,,
857,-384,-136,triceps-extension,,,
834,-332,-76,triceps-extension,,,
832,-335,-72,triceps-extension,,,
825,-357,-58,triceps-extension,,,
838,-332,-56,triceps-extension,,,
833,-335,-36,triceps-extension,,,
812,-376,-92,triceps-extension,,,
821,-351,-45,triceps-extension,,,
843,-344,-13,triceps-extension,,,
817,-375,-70,triceps-extension,,,
784,-378,-52,triceps-extension,,,
782,-382,1,triceps-extension,,,
801,-384,45,triceps-extension,,,
786,-412,6,triceps-extension,,,
765,-473,6,triceps-extension,,,
765,-491,37,triceps-extension,,,
788,-483,58,triceps-extension,,,
795,-534,89,triceps-extension,,,
773,-611,51,triceps-extension,,,
732,-672,72,triceps-extension,,,
703,-696,125,triceps-extension,,,
696,-709,153,triceps-extension,,,
679,-745,197,triceps-extension,,,
636,-780,208,triceps-extension,,,
612,-804,207,triceps-extension,,,
598,-842,224,triceps-extension,,,
569,-879,217,triceps-extension,,,
547,-888,215,triceps-extension,,,
512,-891,234,triceps-extension,,,
482,-893,251,triceps-extension,,,
472,-891,259,triceps-extension,,,
467,-899,280,triceps-extension,,,
440,-901,304,triceps-extension,,,
413,-896,281,triceps-extension,,,
419,-901,273,triceps-extension,,,
393,-910,292,triceps-extension,,,
350,-902,282,triceps-extension,,,
346,-900,288,triceps-extension,,,
347,-905,285,triceps-extension,,,
328,-883,271,triceps-extension,,,
323,-897,264,triceps-extension,,,
294,-902,264,triceps-extension,,,
280,-889,264,triceps-extension,,,
279,-897,264,triceps-extension,,,
273,-903,265,triceps-extension,,,
281,-889,278,triceps-extension,,,
290,-906,256,triceps-extension,,,
320,-944,250,triceps-extension,,,
304,-944,304,triceps-extension,,,
280,-936,280,triceps-extension,,,
280,-936,280,triceps-extension,,,
233,-959,280,triceps-extension,,,
232,-960,288,triceps-extension,,,
195,-960,355,triceps-extension,,,
177,-960,272,triceps-extension,,,
155,-946,271,triceps-extension,,,
138,-937,293,triceps-extension,,,
116,-916,276,triceps-extension,,,
119,-919,279,triceps-extension,,,
113,-946,300,triceps-extension,,,
87,-946,298,triceps-extension,,,
86,-950,271,triceps-extension,,,
94,-952,294,triceps-extension,,,
78,-940,292,triceps-extension,,,
66,-959,282,triceps-extension,,,
64,-985,291,triceps-extension,,,
64,-1008,285,triceps-extension,,,
59,-1042,322,triceps-extension,,,
56,-1076,364,triceps-extension,,,
51,-1113,381,triceps-extension,,,
43,-1147,384,triceps-extension,,,
54,-1183,370,triceps-extension,,,
51,-1191,387,triceps-extension,,,
27,-1188,408,triceps-extension,,,
12,-1175,416,triceps-extension,,,
8,-1152,412,triceps-extension,,,
16,-1136,419,triceps-extension,,,
39,-1106,458,triceps-extension,,,
60,-1066,438,triceps-extension,,,
74,-1041,394,triceps-extension,,,
91,-1016,411,triceps-extension,,,
99,-989,404,triceps-extension,,,
119,-975,393,triceps-extension,,,
155,-965,383,triceps-extension,,,
184,-973,352,triceps-extension,,,
205,-956,369,triceps-extension,,,
225,-928,320,triceps-extension,,,
256,-926,274,triceps-extension,,,
290,-912,264,triceps-extension,,,
329,-888,270,triceps-extension,,,
367,-890,215,triceps-extension,,,
399,-893,237,triceps-extension,,,
437,-880,228,triceps-extension,,,
470,-872,241,triceps-extension,,,
509,-824,202,triceps-extension,,,
549,-821,213,triceps-extension,,,
593,-786,188,triceps-extension,,,
600,-723,144,triceps-extension,,,
599,-646,145,triceps-extension,,,
583,-598,158,triceps-extension,,,
560,-536,96,triceps-extension,,,
568,-496,88,triceps-extension,,,
622,-449,65,triceps-extension,,,
677,-402,72,triceps-extension,,,
725,-415,65,triceps-extension,,,
808,-416,28,triceps-extension,,,
816,-423,-83,triceps-extension,,,
788,-403,16,triceps-extension,,,
743,-373,5,triceps-extension,,,
696,-368,-27,triceps-extension,,,
681,-316,-6,triceps-extension,,,
731,-298,38,triceps-extension,,,
750,-290,-8,triceps-extension,,,
843,-276,18,triceps-extension,,,
884,-307,44,triceps-extension,,,
917,-314,59,triceps-extension,,,
939,-340,42,triceps-extension,,,
928,-363,-6,triceps-extension,,,
883,-373,2,triceps-extension,,,
859,-386,31,triceps-extension,,,
836,-343,65,triceps-extension,,,
824,-326,70,triceps-extension,,,
819,-368,64,triceps-extension,,,
789,-388,33,triceps-extension,,,
781,-401,77,triceps-extension,,,
775,-412,128,triceps-extension,,,
768,-400,128,triceps-extension,,,
784,-407,121,triceps-extension,,,
785,-453,108,triceps-extension,,,
776,-492,130,triceps-extension,,,
776,-499,152,triceps-extension,,,
782,-543,149,triceps-extension,,,
801,-628,144,triceps-extension,,,
810,-684,132,triceps-extension,,,
795,-709,137,triceps-extension,,,
766,-725,187,triceps-extension,,,
730,-731,194,triceps-extension,,,
713,-725,198,triceps-extension,,,
643,-734,192,triceps-extension,,,
604,-724,190,triceps-extension,,,
587,-723,193,triceps-extension,,,
568,-758,214,triceps-extension,,,
562,-753,176,triceps-extension,,,
537,-763,179,triceps-extension,,,
545,-782,192,triceps-extension,,,
549,-818,190,triceps-extension,,,
526,-830,173,triceps-extension,,,
513,-820,143,triceps-extension,,,
517,-859,130,triceps-extension,,,
477,-895,153,triceps-extension,,,
424,-871,176,triceps-extension,,,
424,-848,184,triceps-extension,,,
416,-896,200,triceps-extension,,,
393,-919,254,triceps-extension,,,
362,-890,271,triceps-extension,,,
338,-948,235,triceps-extension,,,
321,-967,268,triceps-extension,,,
284,-947,272,triceps-extension,,,
266,-951,258,triceps-extension,,,
244,-979,270,triceps-extension,,,
200,-991,272,triceps-extension,,,
179,-1012,246,triceps-extension,,,
157,-1022,240,triceps-extension,,,
171,-981,308,triceps-extension,,,
140,-980,274,triceps-extension,,,
122,-1002,274,triceps-extension,,,
91,-985,251,triceps-extension,,,
80,-982,240,triceps-extension,,,
64,-984,235,triceps-extension,,,
40,-958,237,triceps-extension,,,
27,-959,220,triceps-extension,,,
19,-973,223,triceps-extension,,,
2,-986,237,triceps-extension,,,
-8,-997,235,triceps-extension,,,
-12,-1000,245,triceps-extension,,,
-20,-1013,256,triceps-extension,,,
-28,-1028,252,triceps-extension,,,
-40,-1052,244,triceps-extension,,,
-56,-1076,232,triceps-extension,,,
-75,-1080,242,triceps-extension,,,
-95,-1091,260,triceps-extension,,,
-111,-1128,293,triceps-extension,,,
-123,-1170,347,triceps-extension,,,
-137,-1202,349,triceps-extension,,,
-146,-1229,335,triceps-extension,,,
-136,-1213,317,triceps-extension,,,
-139,-1184,320,triceps-extension,,,
-127,-1153,341,triceps-extension,,,
-93,-1122,332,triceps-extension,,,
-93,-1122,288,triceps-extension,,,
-58,-1100,308,triceps-extension,,,
-35,-1083,298,triceps-extension,,,
-4,-1059,309,triceps-extension,,,
50,-1030,337,triceps-extension,,,
101,-987,363,triceps-extension,,,
135,-995,304,triceps-extension,,,
179,-965,346,triceps-extension,,,
205,-941,307,triceps-extension,,,
251,-920,331,triceps-extension,,,
283,-917,282,triceps-extension,,,
328,-880,302,triceps-extension,,,
337,-879,256,triceps-extension,,,
376,-856,248,triceps-extension,,,
392,-840,224,triceps-extension,,,
446,-824,201,triceps-extension,,,
471,-801,261,triceps-extension,,,
494,-785,197,triceps-extension,,,
547,-769,214,triceps-extension,,,
581,-761,187,triceps-extension,,,
619,-697,212,triceps-extension,,,
651,-647,202,triceps-extension,,,
669,-627,200,triceps-extension,,,
685,-578,193,triceps-extension,,,
720,-574,192,triceps-extension,,,
740,-533,192,triceps-extension,,,
738,-490,138,triceps-extension,,,
724,-456,85,triceps-extension,,,
668,-459,83,triceps-extension,,,
637,-425,127,triceps-extension,,,
648,-408,106,triceps-extension,,,
703,-408,104,triceps-extension,,,
743,-403,66,triceps-extension,,,
757,-390,60,triceps-extension,,,
789,-355,77,triceps-extension,,,
822,-364,71,triceps-extension,,,
823,-384,55,triceps-extension,,,
842,-384,61,triceps-extension,,,
860,-396,43,triceps-extension,,,
860,-404,24,triceps-extension,,,
852,-396,40,triceps-extension,,,
833,-396,63,triceps-extension,,,
810,-382,66,triceps-extension,,,
785,-367,41,triceps-extension,,,
766,-376,55,triceps-extension,,,
761,-382,94,triceps-extension,,,
773,-398,84,triceps-extension,,,
776,-422,73,triceps-extension,,,
779,-458,107,triceps-extension,,,
750,-475,82,triceps-extension,,,
755,-473,90,triceps-extension,,,
790,-509,98,triceps-extension,,,
777,-558,86,triceps-extension,,,
691,-591,52,triceps-extension,,,
730,-570,117,triceps-extension,,,
735,-624,114,triceps-extension,,,
723,-695,157,triceps-extension,,,
691,-690,143,triceps-extension,,,
665,-707,140,triceps-extension,,,
665,-732,173,triceps-extension,,,
601,-765,214,triceps-extension,,,
528,-738,193,triceps-extension,,,
527,-770,209,triceps-extension,,,
502,-808,232,triceps-extension,,,
440,-816,224,triceps-extension,,,
432,-832,280,triceps-extension,,,
432,-832,280,triceps-extension,,,
432,-879,233,triceps-extension,,,
356,-880,255,triceps-extension,,,
367,-932,204,triceps-extension,,,
339,-980,251,triceps-extension,,,
329,-977,220,triceps-extension,,,
293,-983,216,triceps-extension,,,
281,-1004,189,triceps-extension,,,
240,-995,197,triceps-extension,,,
180,-985,180,triceps-extension,,,
181,-1003,220,triceps-extension,,,
153,-1027,207,triceps-extension,,,
132,-1020,218,triceps-extension,,,
122,-1028,183,triceps-extension,,,
114,-1043,231,triceps-extension,,,
84,-1020,245,triceps-extension,,,
56,-1024,208,triceps-extension,,,
48,-1027,229,triceps-extension,,,
38,-983,258,triceps-extension,,,
32,-970,210,triceps-extension,,,
37,-976,224,triceps-extension,,,
40,-976,251,triceps-extension,,,
44,-980,248,triceps-extension,,,
48,-1010,248,triceps-extension,,,
40,-1040,260,triceps-extension,,,
32,-1060,256,triceps-extension,,,
32,-1087,259,triceps-extension,,,
25,-1126,273,triceps-extension,,,
9,-1173,260,triceps-extension,,,
-10,-1213,243,triceps-extension,,,
-30,-1235,243,triceps-extension,,,
-43,-1246,238,triceps-extension,,,
-36,-1241,225,triceps-extension,,,
-21,-1211,274,triceps-extension,,,
-29,-1195,242,triceps-extension,,,
-22,-1165,279,triceps-extension,,,
-5,-1109,303,triceps-extension,,,
35,-1074,286,triceps-extension,,,
70,-1052,302,triceps-extension,,,
99,-1035,292,triceps-extension,,,
143,-1013,287,triceps-extension,,,
175,-994,308,triceps-extension,,,
213,-965,280,triceps-extension,,,
244,-946,244,triceps-extension,,,
266,-913,258,triceps-extension,,,
288,-919,219,triceps-extension,,,
350,-912,235,triceps-extension,,,
330,-914,183,triceps-extension,,,
362,-943,171,triceps-extension,,,
408,-920,231,triceps-extension,,,
408,-912,184,triceps-extension,,,
448,-864,208,triceps-extension,,,
440,-864,161,triceps-extension,,,
478,-826,160,triceps-extension,,,
487,-809,153,triceps-extension,,,
510,-779,152,triceps-extension,,,
526,-755,145,triceps-extension,,,
563,-724,116,triceps-extension,,,
609,-720,92,triceps-extension,,,
636,-680,121,triceps-extension,,,
647,-665,82,triceps-extension,,,
699,-645,91,triceps-extension,,,
743,-628,102,triceps-extension,,,
770,-600,98,triceps-extension,,,
776,-580,61,triceps-extension,,,
770,-542,59,triceps-extension,,,
735,-506,19,triceps-extension,,,
693,-464,5,triceps-extension,,,
664,-406,13,triceps-extension,,,
661,-369,6,triceps-extension,,,
659,-350,-25,triceps-extension,,,
675,-334,-21,triceps-extension,,,
707,-347,24,triceps-extension,,,
756,-347,48,triceps-extension,,,
806,-366,13,triceps-extension,,,
841,-384,-16,triceps-extension,,,
860,-388,-8,triceps-extension,,,
864,-404,12,triceps-extension,,,
868,-390,39,triceps-extension,,,
886,-379,52,triceps-extension,,,
894,-399,21,triceps-extension,,,
874,-405,7,triceps-extension,,,
852,-403,43,triceps-extension,,,
815,-402,54,triceps-extension,,,
770,-389,59,triceps-extension,,,
744,-400,61,triceps-extension,,,
734,-437,78,triceps-extension,,,
723,-446,65,triceps-extension,,,
769,-451,80,triceps-extension,,,
814,-496,64,triceps-extension,,,
794,-553,93,triceps-extension,,,
737,-581,96,triceps-extension,,,
718,-569,39,triceps-extension,,,
743,-587,76,triceps-extension,,,
729,-641,96,triceps-extension,,,
687,-646,98,triceps-extension,,,
683,-631,118,triceps-extension,,,
710,-631,167,triceps-extension,,,
684,-707,161,triceps-extension,,,
621,-743,168,triceps-extension,,,
560,-721,176,triceps-extension,,,
560,-760,184,triceps-extension,,,
520,-816,248,triceps-extension,,,
504,-816,225,triceps-extension,,,
481,-884,209,triceps-extension,,,
420,-866,230,triceps-extension,,,
401,-857,239,triceps-extension,,,
386,-885,247,triceps-extension,,,
335,-916,241,triceps-extension,,,
308,-927,206,triceps-extension,,,
331,-928,287,triceps-extension,,,
290,-954,252,triceps-extension,,,
280,-960,240,triceps-extension,,,
261,-991,228,triceps-extension,,,
244,-1000,236,triceps-extension,,,
211,-976,222,triceps-extension,,,
183,-997,205,triceps-extension,,,
143,-1002,200,triceps-extension,,,
112,-989,211,triceps-extension,,,
99,-1005,242,triceps-extension,,,
86,-1001,261,triceps-extension,,,
65,-997,284,triceps-extension,,,
51,-1010,296,triceps-extension,,,
34,-1007,315,triceps-extension,,,
15,-996,301,triceps-extension,,,
-5,-992,267,triceps-extension,,,
-16,-984,264,triceps-extension,,,
-28,-976,260,triceps-extension,,,
-36,-980,260,triceps-extension,,,
-54,-988,276,triceps-extension,,,
-84,-999,291,triceps-extension,,,
-95,-1011,307,triceps-extension,,,
-117,-1013,296,triceps-extension,,,
-139,-1011,281,triceps-extension,,,
-159,-1016,305,triceps-extension,,,
-192,-1019,323,triceps-extension,,,
-211,-1029,312,triceps-extension,,,
-226,-1040,287,triceps-extension,,,
-253,-1049,293,triceps-extension,,,
-256,-1078,277,triceps-extension,,,
-232,-1100,300,triceps-extension,,,
-230,-1116,259,triceps-extension,,,
-226,-1133,232,triceps-extension,,,
-229,-1151,215,triceps-extension,,,
-213,-1144,268,triceps-extension,,,
-198,-1139,215,triceps-extension,,,
-181,-1108,261,triceps-extension,,,
-159,-1078,292,triceps-extension,,,
-151,-1063,257,triceps-extension,,,
-133,-1055,271,triceps-extension,,,
-86,-1047,257,triceps-extension,,,
-55,-1024,272,triceps-extension,,,
-16,-1024,272,triceps-extension,,,
-16,-1024,280,triceps-extension,,,
46,-1008,264,triceps-extension,,,
78,-1000,256,triceps-extension,,,
117,-1000,249,triceps-extension,,,
156,-985,328,triceps-extension,,,
196,-963,293,triceps-extension,,,
249,-939,323,triceps-extension,,,
263,-929,308,triceps-extension,,,
304,-921,311,triceps-extension,,,
319,-913,286,triceps-extension,,,
320,-918,280,triceps-extension,,,
351,-895,268,triceps-extension,,,
384,-894,252,triceps-extension,,,
398,-890,248,triceps-extension,,,
429,-882,219,triceps-extension,,,
462,-830,258,triceps-extension,,,
499,-803,291,triceps-extension,,,
528,-784,243,triceps-extension,,,
551,-776,175,triceps-extension,,,
575,-771,147,triceps-extension,,,
603,-754,130,triceps-extension,,,
635,-721,120,triceps-extension,,,
648,-682,124,triceps-extension,,,
648,-642,128,triceps-extension,,,
656,-607,120,triceps-extension,,,
676,-576,112,triceps-extension,,,
680,-545,104,triceps-extension,,,
665,-521,85,triceps-extension,,,
670,-487,68,triceps-extension,,,
681,-446,77,triceps-extension,,,
678,-422,99,triceps-extension,,,
694,-402,80,triceps-extension,,,
719,-392,40,triceps-extension,,,
747,-392,37,triceps-extension,,,
747,-400,24,triceps-extension,,,
743,-401,32,triceps-extension,,,
771,-366,93,triceps-extension,,,
815,-377,85,triceps-extension,,,
860,-428,40,triceps-extension,,,
874,-438,59,triceps-extension,,,
882,-434,43,triceps-extension,,,
887,-437,53,triceps-extension,,,
873,-425,40,triceps-extension,,,
838,-427,47,triceps-extension,,,
814,-401,86,triceps-extension,,,
745,-408,75,triceps-extension,,,
751,-411,103,triceps-extension,,,
743,-441,90,triceps-extension,,,
729,-456,113,triceps-extension,,,
744,-459,127,triceps-extension,,,
752,-544,96,triceps-extension,,,
728,-536,136,triceps-extension,,,
720,-552,113,triceps-extension,,,
758,-567,135,triceps-extension,,,
723,-628,151,triceps-extension,,,
720,-596,137,triceps-extension,,,
706,-642,122,triceps-extension,,,
690,-697,106,triceps-extension,,,
668,-704,118,triceps-extension,,,
637,-711,160,triceps-extension,,,
625,-725,194,triceps-extension,,,
592,-779,168,triceps-extension,,,
547,-773,228,triceps-extension,,,
524,-768,266,triceps-extension,,,
520,-803,248,triceps-extension,,,
486,-862,269,triceps-extension,,,
439,-847,291,triceps-extension,,,
419,-870,274,triceps-extension,,,
421,-909,301,triceps-extension,,,
378,-910,279,triceps-extension,,,
362,-919,271,triceps-extension,,,
363,-938,290,triceps-extension,,,
346,-935,291,triceps-extension,,,
314,-941,243,triceps-extension,,,
274,-974,217,triceps-extension,,,
231,-980,228,triceps-extension,,,
204,-960,232,triceps-extension,,,
192,-971,205,triceps-extension,,,
173,-996,176,triceps-extension,,,
160,-993,190,triceps-extension,,,
150,-997,198,triceps-extension,,,
126,-1006,190,triceps-extension,,,
118,-980,212,triceps-extension,,,
116,-975,215,triceps-extension,,,
88,-997,192,triceps-extension,,,
75,-997,205,triceps-extension,,,
78,-1010,202,triceps-extension,,,
65,-1009,199,triceps-extension,,,
46,-994,184,triceps-extension,,,
38,-998,204,triceps-extension,,,
27,-988,192,triceps-extension,,,
5,-978,195,triceps-extension,,,
-7,-985,208,triceps-extension,,,
-4,-989,209,triceps-extension,,,
-26,-977,220,triceps-extension,,,
-39,-984,237,triceps-extension,,,
-33,-985,221,triceps-extension,,,
-41,-993,268,triceps-extension,,,
-58,-1001,308,triceps-extension,,,
-81,-1010,251,triceps-extension,,,
-96,-1049,311,triceps-extension,,,
-96,-1088,288,triceps-extension,,,
-88,-1080,240,triceps-extension,,,
-104,-1072,209,triceps-extension,,,
-127,-1118,246,triceps-extension,,,
-106,-1135,196,triceps-extension,,,
-119,-1143,228,triceps-extension,,,
-99,-1123,218,triceps-extension,,,
-124,-1099,181,triceps-extension,,,
-135,-1055,224,triceps-extension,,,
-109,-1001,272,triceps-extension,,,
-71,-992,234,triceps-extension,,,
-64,-979,211,triceps-extension,,,
-45,-957,245,triceps-extension,,,
-28,-970,286,triceps-extension,,,
-24,-988,214,triceps-extension,,,
-18,-998,121,triceps-extension,,,
1,-1011,129,triceps-extension,,,
24,-1016,133,triceps-extension,,,
58,-1016,70,triceps-extension,,,
62,-1036,50,triceps-extension,,,
71,-1048,56,triceps-extension,,,
99,-1034,118,triceps-extension,,,
121,-1024,146,triceps-extension,,,
159,-1024,154,triceps-extension,,,
180,-998,198,triceps-extension,,,
168,-980,203,triceps-extension,,,
172,-984,180,triceps-extension,,,
192,-972,191,triceps-extension,,,
215,-949,212,triceps-extension,,,
243,-943,198,triceps-extension,,,
266,-955,176,triceps-extension,,,
293,-960,192,triceps-extension,,,
315,-957,216,triceps-extension,,,
329,-955,193,triceps-extension,,,
360,-952,168,triceps-extension,,,
405,-928,190,triceps-extension,,,
434,-917,139,triceps-extension,,,
442,-921,72,triceps-extension,,,
456,-898,70,triceps-extension,,,
482,-870,60,triceps-extension,,,
488,-844,35,triceps-extension,,,
504,-853,15,triceps-extension,,,
565,-839,92,triceps-extension,,,
556,-827,53,triceps-extension,,,
581,-799,122,triceps-extension,,,
614,-788,136,triceps-extension,,,
659,-760,135,triceps-extension,,,
682,-759,129,triceps-extension,,,
705,-743,144,triceps-extension,,,
720,-727,140,triceps-extension,,,
720,-703,65,triceps-extension,,,
728,-680,88,triceps-extension,,,
728,-648,48,triceps-extension,,,
728,-648,48,triceps-extension,,,
728,-586,1,triceps-extension,,,
728,-569,-15,triceps-extension,,,
721,-553,-68,triceps-extension,,,
698,-508,-43,triceps-extension,,,
675,-468,-26,triceps-extension,,,
658,-443,-10,triceps-extension,,,
683,-413,12,triceps-extension,,,
708,-401,-51,triceps-extension,,,
745,-393,-31,triceps-extension,,,
771,-392,8,triceps-extension,,,
795,-380,16,triceps-extension,,,
824,-376,-32,triceps-extension,,,
850,-376,-36,triceps-extension,,,
856,-387,-26,triceps-extension,,,
839,-386,-30,triceps-extension,,,
821,-395,-32,triceps-extension,,,
832,-389,-37,triceps-extension,,,
815,-389,-15,triceps-extension,,,
810,-382,25,triceps-extension,,,
811,-390,26,triceps-extension,,,
799,-414,30,triceps-extension,,,
796,-420,36,triceps-extension,,,
826,-429,49,triceps-extension,,,
831,-461,39,triceps-extension,,,
800,-476,40,triceps-extension,,,
784,-472,72,triceps-extension,,,
799,-479,91,triceps-extension,,,
798,-509,100,triceps-extension,,,
766,-526,96,triceps-extension,,,
746,-525,96,triceps-extension,,,
736,-550,102,triceps-extension,,,
713,-569,92,triceps-extension,,,
669,-576,75,triceps-extension,,,
669,-570,99,triceps-extension,,,
687,-594,84,triceps-extension,,,
693,-611,96,triceps-extension,,,
670,-661,52,triceps-extension,,,
674,-718,40,triceps-extension,,,
630,-712,49,triceps-extension,,,
622,-732,70,triceps-extension,,,
607,-808,42,triceps-extension,,,
565,-815,80,triceps-extension,,,
553,-859,44,triceps-extension,,,
559,-924,72,triceps-extension,,,
549,-953,128,triceps-extension,,,
516,-962,127,triceps-extension,,,
469,-985,111,triceps-extension,,,
421,-1000,97,triceps-extension,,,
368,-999,119,triceps-extension,,,
352,-968,96,triceps-extension,,,
328,-976,88,triceps-extension,,,
297,-984,111,triceps-extension,,,
258,-946,74,triceps-extension,,,
263,-959,139,triceps-extension,,,
264,-945,144,triceps-extension,,,
235,-958,123,triceps-extension,,,
225,-967,162,triceps-extension,,,
210,-975,148,triceps-extension,,,
195,-969,117,triceps-extension,,,
205,-968,190,triceps-extension,,,
157,-962,170,triceps-extension,,,
156,-979,210,triceps-extension,,,
142,-990,200,triceps-extension,,,
136,-992,233,triceps-extension,,,
113,-998,191,triceps-extension,,,
98,-1011,190,triceps-extension,,,
74,-1011,195,triceps-extension,,,
53,-992,181,triceps-extension,,,
48,-994,156,triceps-extension,,,
43,-985,154,triceps-extension,,,
26,-990,160,triceps-extension,,,
7,-995,179,triceps-extension,,,
-13,-1005,183,triceps-extension,,,
-20,-1025,180,triceps-extension,,,
-33,-1053,172,triceps-extension,,,
-40,-1084,172,triceps-extension,,,
-24,-1108,203,triceps-extension,,,
-31,-1138,206,triceps-extension,,,
-52,-1178,191,triceps-extension,,,
-56,-1197,207,triceps-extension,,,
-59,-1189,222,triceps-extension,,,
-61,-1181,214,triceps-extension,,,
-44,-1164,201,triceps-extension,,,
-16,-1130,246,triceps-extension,,,
5,-1096,275,triceps-extension,,,
23,-1073,285,triceps-extension,,,
51,-1054,276,triceps-extension,,,
86,-1042,245,triceps-extension,,,
114,-1020,300,triceps-extension,,,
153,-1008,281,triceps-extension,,,
189,-1005,261,triceps-extension,,,
211,-992,279,triceps-extension,,,
229,-991,269,triceps-extension,,,
260,-980,255,triceps-extension,,,
283,-959,248,triceps-extension,,,
308,-950,245,triceps-extension,,,
345,-935,217,triceps-extension,,,
360,-921,227,triceps-extension,,,
361,-927,156,triceps-extension,,,
385,-903,232,triceps-extension,,,
408,-856,240,triceps-extension,,,
472,-824,256,triceps-extension,,,
495,-808,194,triceps-extension,,,
488,-861,139,triceps-extension,,,
488,-842,129,triceps-extension,,,
517,-833,77,triceps-extension,,,
527,-818,65,triceps-extension,,,
570,-739,92,triceps-extension,,,
631,-687,110,triceps-extension,,,
687,-653,85,triceps-extension,,,
722,-655,60,triceps-extension,,,
760,-656,31,triceps-extension,,,
799,-606,61,triceps-extension,,,
826,-556,60,triceps-extension,,,
814,-526,32,triceps-extension,,,
785,-509,-16,triceps-extension,,,
759,-476,-38,triceps-extension,,,
730,-426,-45,triceps-extension,,,
683,-387,-85,triceps-extension,,,
674,-351,-119,triceps-extension,,,
680,-321,-103,triceps-extension,,,
694,-307,-102,triceps-extension,,,
727,-299,-66,triceps-extension,,,
748,-309,-72,triceps-extension,,,
799,-316,-69,triceps-extension,,,
852,-324,-28,triceps-extension,,,
868,-352,-40,triceps-extension,,,
887,-360,-64,triceps-extension,,,
882,-356,-90,triceps-extension,,,
852,-339,-88,triceps-extension,,,
851,-319,-48,triceps-extension,,,
850,-322,-58,triceps-extension,,,
837,-312,-51,triceps-extension,,,
826,-315,-16,triceps-extension,,,
794,-315,-19,triceps-extension,,,
762,-299,-8,triceps-extension,,,
774,-307,19,triceps-extension,,,
757,-352,10,triceps-extension,,,
774,-363,20,triceps-extension,,,
792,-404,28,triceps-extension,,,
790,-445,16,triceps-extension,,,
792,-472,14,triceps-extension,,,
818,-514,7,triceps-extension,,,
788,-559,3,triceps-extension,,,
767,-564,18,triceps-extension,,,
754,-633,27,triceps-extension,,,
709,-638,-4,triceps-extension,,,
680,-630,32,triceps-extension,,,
678,-698,33,triceps-extension,,,
654,-722,49,triceps-extension,,,
616,-753,71,triceps-extension,,,
608,-792,48,triceps-extension,,,
568,-808,88,triceps-extension,,,
545,-824,65,triceps-extension,,,
552,-892,49,triceps-extension,,,
530,-911,33,triceps-extension,,,
506,-905,83,triceps-extension,,,
475,-961,45,triceps-extension,,,
416,-968,40,triceps-extension,,,
394,-968,101,triceps-extension,,,
365,-995,92,triceps-extension,,,
327,-1000,62,triceps-extension,,,
295,-1000,62,triceps-extension,,,
263,-1019,83,triceps-extension,,,
244,-1018,88,triceps-extension,,,
205,-1010,94,triceps-extension,,,
181,-1019,113,triceps-extension,,,
165,-1007,159,triceps-extension,,,
155,-1000,133,triceps-extension,,,
136,-1005,123,triceps-extension,,,
113,-993,143,triceps-extension,,,
114,-994,137,triceps-extension,,,
110,-995,152,triceps-extension,,,
85,-992,131,triceps-extension,,,
72,-996,122,triceps-extension,,,
63,-1004,132,triceps-extension,,,
52,-996,128,triceps-extension,,,
48,-988,152,triceps-extension,,,
36,-1007,141,triceps-extension,,,
13,-1035,130,triceps-extension,,,
0,-1048,153,triceps-extension,,,
-7,-1058,144,triceps-extension,,,
-29,-1091,144,triceps-extension,,,
-48,-1129,138,triceps-extension,,,
-42,-1153,163,triceps-extension,,,
-37,-1165,210,triceps-extension,,,
-38,-1163,174,triceps-extension,,,
-23,-1175,152,triceps-extension,,,
-42,-1181,161,triceps-extension,,,
-37,-1139,180,triceps-extension,,,
-4,-1106,162,triceps-extension,,,
13,-1105,164,triceps-extension,,,
44,-1078,230,triceps-extension,,,
84,-1065,228,triceps-extension,,,
65,-1033,236,triceps-extension,,,
84,-1038,188,triceps-extension,,,
157,-1024,251,triceps-extension,,,
192,-1025,211,triceps-extension,,,
193,-1031,167,triceps-extension,,,
213,-1017,157,triceps-extension,,,
280,-1031,230,triceps-extension,,,
280,-1017,199,triceps-extension,,,
280,-1040,160,triceps-extension,,,
320,-1008,160,triceps-extension,,,
320,-1008,160,triceps-extension,,,
336,-1008,199,triceps-extension,,,
359,-947,215,triceps-extension,,,
390,-914,194,triceps-extension,,,
377,-861,126,triceps-extension,,,
405,-813,163,triceps-extension,,,
464,-794,161,triceps-extension,,,
472,-812,146,triceps-extension,,,
485,-816,104,triceps-extension,,,
501,-823,83,triceps-extension,,,
568,-760,213,triceps-extension,,,
603,-769,161,triceps-extension,,,
626,-770,112,triceps-extension,,,
667,-727,116,triceps-extension,,,
663,-712,109,triceps-extension,,,
667,-673,126,triceps-extension,,,
667,-613,131,triceps-extension,,,
706,-592,128,triceps-extension,,,
733,-572,97,triceps-extension,,,
741,-555,65,triceps-extension,,,
758,-519,66,triceps-extension,,,
749,-482,44,triceps-extension,,,
718,-441,-3,triceps-extension,,,
700,-399,6,triceps-extension,,,
684,-347,20,triceps-extension,,,
680,-288,32,triceps-extension,,,
700,-272,25,triceps-extension,,,
727,-276,3,triceps-extension,,,
765,-276,12,triceps-extension,,,
809,-283,8,triceps-extension,,,
842,-294,-5,triceps-extension,,,
865,-313,-21,triceps-extension,,,
880,-328,-13,triceps-extension,,,
877,-323,-24,triceps-extension,,,
882,-312,-35,triceps-extension,,,
902,-314,3,triceps-extension,,,
887,-313,-24,triceps-extension,,,
858,-296,-58,triceps-extension,,,
826,-300,-34,triceps-extension,,,
782,-307,-3,triceps-extension,,,
766,-293,35,triceps-extension,,,
734,-313,23,triceps-extension,,,
768,-327,65,triceps-extension,,,
806,-373,107,triceps-extension,,,
792,-453,76,triceps-extension,,,
797,-497,55,triceps-extension,,,
837,-572,108,triceps-extension,,,
807,-609,63,triceps-extension,,,
790,-626,54,triceps-extension,,,
760,-674,23,triceps-extension,,,
760,-752,-16,triceps-extension,,,
720,-792,16,triceps-extension,,,
697,-776,16,triceps-extension,,,
704,-837,46,triceps-extension,,,
637,-825,41,triceps-extension,,,
588,-802,25,triceps-extension,,,
570,-821,45,triceps-extension,,,
533,-845,69,triceps-extension,,,
501,-834,86,triceps-extension,,,
509,-859,75,triceps-extension,,,
479,-890,98,triceps-extension,,,
453,-877,79,triceps-extension,,,
436,-884,84,triceps-extension,,,
408,-900,94,triceps-extension,,,
371,-904,90,triceps-extension,,,
366,-915,77,triceps-extension,,,
329,-920,72,triceps-extension,,,
290,-904,56,triceps-extension,,,
291,-922,80,triceps-extension,,,
296,-900,152,triceps-extension,,,
296,-905,154,triceps-extension,,,
291,-906,169,triceps-extension,,,
265,-910,173,triceps-extension,,,
235,-933,156,triceps-extension,,,
220,-944,178,triceps-extension,,,
212,-956,188,triceps-extension,,,
196,-984,160,triceps-extension,,,
180,-996,152,triceps-extension,,,
165,-1003,149,triceps-extension,,,
138,-1027,125,triceps-extension,,,
120,-1030,115,triceps-extension,,,
126,-1029,146,triceps-extension,,,
127,-1045,181,triceps-extension,,,
97,-1034,173,triceps-extension,,,
75,-1027,179,triceps-extension,,,
72,-1029,200,triceps-extension,,,
51,-1026,198,triceps-extension,,,
35,-1043,187,triceps-extension,,,
18,-1076,178,triceps-extension,,,
-6,-1102,170,triceps-extension,,,
-20,-1148,132,triceps-extension,,,
-13,-1167,149,triceps-extension,,,
-31,-1198,155,triceps-extension,,,
-24,-1223,109,triceps-extension,,,
-22,-1215,175,triceps-extension,,,
-7,-1206,167,triceps-extension,,,
3,-1190,155,triceps-extension,,,
33,-1172,108,triceps-extension,,,
42,-1134,77,triceps-extension,,,
64,-1103,144,triceps-extension,,,
73,-1079,137,triceps-extension,,,
112,-1056,176,triceps-extension,,,
144,-1008,104,triceps-extension,,,
160,-1016,220,triceps-extension,,,
213,-1001,194,triceps-extension,,,
261,-1015,222,triceps-extension,,,
271,-1001,231,triceps-extension,,,
308,-986,125,triceps-extension,,,
326,-963,182,triceps-extension,,,
335,-940,158,triceps-extension,,,
376,-936,145,triceps-extension,,,
384,-923,118,triceps-extension,,,
390,-920,74,triceps-extension,,,
411,-908,114,triceps-extension,,,
428,-862,128,triceps-extension,,,
467,-860,99,triceps-extension,,,
486,-807,145,triceps-extension,,,
505,-773,151,triceps-extension,,,
539,-752,112,triceps-extension,,,
563,-728,33,triceps-extension,,,
558,-710,20,triceps-extension,,,
582,-704,62,triceps-extension,,,
629,-694,85,triceps-extension,,,
648,-651,93,triceps-extension,,,
644,-642,56,triceps-extension,,,
683,-656,37,triceps-extension,,,
732,-639,69,triceps-extension,,,
748,-624,76,triceps-extension,,,
775,-624,49,triceps-extension,,,
815,-613,21,triceps-extension,,,
843,-589,4,triceps-extension,,,
849,-566,-17,triceps-extension,,,
821,-542,-56,triceps-extension,,,
771,-497,-86,triceps-extension,,,
719,-436,-99,triceps-extension,,,
691,-386,-74,triceps-extension,,,
693,-318,-24,triceps-extension,,,
688,-296,-57,triceps-extension,,,
699,-296,-82,triceps-extension,,,
743,-302,-37,triceps-extension,,,
796,-318,-6,triceps-extension,,,
832,-321,-16,triceps-extension,,,
842,-354,-59,triceps-extension,,,
879,-366,-15,triceps-extension,,,
869,-389,-61,triceps-extension,,,
855,-376,-123,triceps-extension,,,
847,-377,-88,triceps-extension,,,
838,-382,-38,triceps-extension,,,
819,-369,-89,triceps-extension,,,
769,-373,-91,triceps-extension,,,
783,-337,-25,triceps-extension,,,
768,-352,-38,triceps-extension,,,
784,-345,16,triceps-extension,,,
792,-399,8,triceps-extension,,,
769,-454,16,triceps-extension,,,
745,-479,-14,triceps-extension,,,
766,-525,-9,triceps-extension,,,
746,-586,-1,triceps-extension,,,
751,-599,7,triceps-extension,,,
745,-656,-20,triceps-extension,,,
683,-671,-44,triceps-extension,,,
652,-692,-41,triceps-extension,,,
641,-729,-20,triceps-extension,,,
621,-730,-22,triceps-extension,,,
573,-753,-43,triceps-extension,,,
560,-790,-24,triceps-extension,,,
542,-806,-69,triceps-extension,,,
542,-819,-36,triceps-extension,,,
527,-846,17,triceps-extension,,,
515,-861,32,triceps-extension,,,
501,-885,32,triceps-extension,,,
481,-911,32,triceps-extension,,,
452,-920,62,triceps-extension,,,
435,-934,70,triceps-extension,,,
418,-963,69,triceps-extension,,,
390,-985,85,triceps-extension,,,
376,-983,131,triceps-extension,,,
368,-976,156,triceps-extension,,,
336,-984,160,triceps-extension,,,
297,-977,168,triceps-extension,,,
269,-967,175,triceps-extension,,,
245,-976,170,triceps-extension,,,
219,-969,159,triceps-extension,,,
190,-963,174,triceps-extension,,,
176,-965,187,triceps-extension,,,
164,-960,169,triceps-extension,,,
139,-963,136,triceps-extension,,,
123,-973,144,triceps-extension,,,
107,-986,128,triceps-extension,,,
85,-990,117,triceps-extension,,,
56,-988,96,triceps-extension,,,
52,-996,122,triceps-extension,,,
35,-984,130,triceps-extension,,,
11,-986,136,triceps-extension,,,
-8,-993,130,triceps-extension,,,
-13,-1005,104,triceps-extension,,,
-41,-1033,111,triceps-extension,,,
-48,-1042,146,triceps-extension,,,
-49,-1062,107,triceps-extension,,,
-57,-1113,138,triceps-extension,,,
-64,-1122,162,triceps-extension,,,
-65,-1154,192,triceps-extension,,,
-81,-1185,200,triceps-extension,,,
-104,-1232,184,triceps-extension,,,
-104,-1208,168,triceps-extension,,,
-104,-1208,168,triceps-extension,,,
-127,-1224,222,triceps-extension,,,
-75,-1178,300,triceps-extension,,,
-35,-1169,274,triceps-extension,,,
-32,-1110,243,triceps-extension,,,
-32,-1083,219,triceps-extension,,,
-25,-1024,223,triceps-extension,,,
-4,-1002,251,triceps-extension,,,
20,-1000,209,triceps-extension,,,
44,-980,226,triceps-extension,,,
61,-982,200,triceps-extension,,,
95,-972,211,triceps-extension,,,
122,-986,228,triceps-extension,,,
157,-980,244,triceps-extension,,,
191,-970,259,triceps-extension,,,
233,-968,253,triceps-extension,,,
243,-968,232,triceps-extension,,,
266,-968,182,triceps-extension,,,
290,-968,145,triceps-extension,,,
336,-958,180,triceps-extension,,,
360,-947,198,triceps-extension,,,
365,-939,164,triceps-extension,,,
390,-923,166,triceps-extension,,,
417,-899,158,triceps-extension,,,
428,-880,148,triceps-extension,,,
448,-848,160,triceps-extension,,,
468,-816,145,triceps-extension,,,
479,-797,128,triceps-extension,,,
520,-780,167,triceps-extension,,,
573,-769,182,triceps-extension,,,
611,-750,159,triceps-extension,,,
652,-739,171,triceps-extension,,,
692,-744,153,triceps-extension,,,
739,-728,179,triceps-extension,,,
768,-693,142,triceps-extension,,,
782,-671,95,triceps-extension,,,
765,-621,110,triceps-extension,,,
734,-577,96,triceps-extension,,,
716,-524,66,triceps-extension,,,
671,-479,43,triceps-extension,,,
633,-435,24,triceps-extension,,,
607,-369,27,triceps-extension,,,
600,-299,37,triceps-extension,,,
598,-271,17,triceps-extension,,,
589,-264,-23,triceps-extension,,,
632,-265,-13,triceps-extension,,,
706,-271,17,triceps-extension,,,
807,-266,20,triceps-extension,,,
802,-296,-40,triceps-extension,,,
848,-298,-32,triceps-extension,,,
864,-352,-17,triceps-extension,,,
888,-336,-95,triceps-extension,,,
896,-320,-80,triceps-extension,,,
850,-282,-80,triceps-extension,,,
863,-280,-65,triceps-extension,,,
769,-287,-93,triceps-extension,,,
781,-231,-60,triceps-extension,,,
749,-224,-63,triceps-extension,,,
717,-231,-98,triceps-extension,,,
712,-199,-64,triceps-extension,,,
705,-238,-82,triceps-extension,,,
691,-223,-126,triceps-extension,,,
676,-204,-74,triceps-extension,,,
630,-218,-74,triceps-extension,,,
663,-195,-98,triceps-extension,,,
697,-178,-81,triceps-extension,,,
721,-187,34,triceps-extension,,,
733,-181,-34,triceps-extension,,,
768,-165,-67,triceps-extension,,,
753,-201,-153,triceps-extension,,,
736,-189,-213,triceps-extension,,,
741,-154,-249,triceps-extension,,,
749,-163,-226,triceps-extension,,,
774,-163,-232,triceps-extension,,,
792,-143,-251,triceps-extension,,,
796,-153,-257,triceps-extension,,,
808,-160,-244,triceps-extension,,,
858,-140,-204,triceps-extension,,,
886,-124,-196,triceps-extension,,,
885,-116,-218,triceps-extension,,,
936,-119,-247,triceps-extension,,,
974,-125,-307,triceps-extension,,,
1008,-141,-442,triceps-extension,,,
1068,-179,-501,triceps-extension,,,
1131,-198,-462,triceps-extension,,,
1220,-232,-535,triceps-extension,,,
1311,-246,-615,triceps-extension,,,
1374,-235,-705,triceps-extension,,,
1429,-201,-825,triceps-extension,,,
1364,-124,-701,triceps-extension,,,
1317,-63,-515,triceps-extension,,,
1259,34,-504,triceps-extension,,,
1160,93,-520,triceps-extension,,,
1068,185,-419,triceps-extension,,,
955,197,-252,triceps-extension,,,
868,233,-128,triceps-extension,,,
775,304,-50,triceps-extension,,,
690,370,132,triceps-extension,,,
629,399,87,triceps-extension,,,
583,491,73,triceps-extension,,,
559,545,87,triceps-extension,,,
520,568,64,triceps-extension,,,
512,616,-32,triceps-extension,,,
481,686,-102,triceps-extension,,,
419,673,25,triceps-extension,,,
431,724,-13,triceps-extension,,,
388,852,-89,triceps-extension,,,
334,785,18,triceps-extension,,,
300,825,25,triceps-extension,,,
241,900,85,triceps-extension,,,
165,945,83,triceps-extension,,,
80,991,132,triceps-extension,,,
13,962,182,triceps-extension,,,
-112,1026,62,triceps-extension,,,
-162,976,90,triceps-extension,,,
-192,940,218,triceps-extension,,,
-240,965,130,triceps-extension,,,
-312,948,130,triceps-extension,,,
-352,893,293,triceps-extension,,,
-392,914,271,triceps-extension,,,
-454,885,331,triceps-extension,,,
-480,812,313,triceps-extension,,,
-513,832,321,triceps-extension,,,
-545,845,341,triceps-extension,,,
-601,810,337,triceps-extension,,,
-666,783,301,triceps-extension,,,
-692,797,385,triceps-extension,,,
-740,764,412,triceps-extension,,,
-792,758,320,triceps-extension,,,
-841,764,360,triceps-extension,,,
-906,716,377,triceps-extension,,,
-931,713,345,triceps-extension,,,
-949,704,391,triceps-extension,,,
-968,707,375,triceps-extension,,,
-962,686,279,triceps-extension,,,
-955,593,223,triceps-extension,,,
-950,543,236,triceps-extension,,,
-952,624,326,triceps-extension,,,
-1013,601,250,triceps-extension,,,
-1003,536,300,triceps-extension,,,
-952,492,381,triceps-extension,,,
-990,432,266,triceps-extension,,,
-1027,424,325,triceps-extension,,,
-979,393,324,triceps-extension,,,
-993,403,364,triceps-extension,,,
-1007,415,288,triceps-extension,,,
-1043,408,211,triceps-extension,,,
-1001,406,342,triceps-extension,,,
-948,392,320,triceps-extension,,,
-987,389,239,triceps-extension,,,
-1024,350,240,triceps-extension,,,
-1026,318,400,triceps-extension,,,
-1104,264,399,triceps-extension,,,
-1120,232,257,triceps-extension,,,
-1089,302,240,triceps-extension,,,
-943,304,347,triceps-extension,,,
-929,386,389,triceps-extension,,,
-892,283,472,triceps-extension,,,
-945,358,523,triceps-extension,,,
-987,270,144,triceps-extension,,,
-842,386,231,triceps-extension,,,
-863,375,356,triceps-extension,,,
-963,264,389,triceps-extension,,,
-971,240,487,triceps-extension,,,
-937,271,419,triceps-extension,,,
-898,359,350,triceps-extension,,,
-882,443,171,triceps-extension,,,
-886,453,198,triceps-extension,,,
-916,437,243,triceps-extension,,,
-939,356,400,triceps-extension,,,
-955,304,446,triceps-extension,,,
-940,271,442,triceps-extension,,,
-893,300,492,triceps-extension,,,
-853,357,501,triceps-extension,,,
-835,348,423,triceps-extension,,,
-796,319,345,triceps-extension,,,
-755,351,359,triceps-extension,,,
-790,388,417,triceps-extension,,,
-872,340,404,triceps-extension,,,
-939,280,264,triceps-extension,,,
-986,246,115,triceps-extension,,,
-1001,234,93,triceps-extension,,,
-995,266,140,triceps-extension,,,
-990,274,158,triceps-extension,,,
-964,288,172,triceps-extension,,,
-935,337,239,triceps-extension,,,
-915,360,291,triceps-extension,,,
-899,381,351,triceps-extension,,,
-890,392,427,triceps-extension,,,
-898,399,416,triceps-extension,,,
-906,416,412,triceps-extension,,,
-914,418,388,triceps-extension,,,
-920,426,352,triceps-extension,,,
-925,435,359,triceps-extension,,,
-951,464,421,triceps-extension,,,
-1007,552,621,triceps-extension,,,
-1136,616,762,triceps-extension,,,
-1237,513,499,triceps-extension,,,
-1281,468,517,triceps-extension,,,
-1357,502,470,triceps-extension,,,
-1405,479,286,triceps-extension,,,
-1365,474,254,triceps-extension,,,
-1311,530,213,triceps-extension,,,
-1288,856,112,triceps-extension,,,
