822,104,411,biceps-curl,,,
108,-353,-79,biceps-curl,,,
550,791,-661,biceps-curl,,,
371,1117,-649,biceps-curl,,,
211,574,-257,biceps-curl,,,
-38,461,-356,biceps-curl,,,
-251,122,-307,biceps-curl,,,
-140,106,-292,biceps-curl,,,
-458,986,-772,biceps-curl,,,
314,167,76,biceps-curl,,,
1285,215,-172,biceps-curl,,,
612,-1232,622,biceps-curl,,,
-576,-1014,-204,biceps-curl,,,
-366,364,-581,biceps-curl,,,
-446,446,-348,biceps-curl,,,
-267,-10,2,biceps-curl,,,
-339,96,-125,biceps-curl,,,
-386,120,-143,biceps-curl,,,
-444,115,-55,biceps-curl,,,
-456,187,49,biceps-curl,,,
-520,257,89,biceps-curl,,,
-528,290,133,biceps-curl,,,
-532,313,197,biceps-curl,,,
-549,354,122,biceps-curl,,,
-587,393,177,biceps-curl,,,
-666,399,192,biceps-curl,,,
-739,374,174,biceps-curl,,,
-806,362,162,biceps-curl,,,
-876,321,153,biceps-curl,,,
-917,268,247,biceps-curl,,,
-969,287,304,biceps-curl,,,
-1029,220,306,biceps-curl,,,
-1066,116,317,biceps-curl,,,
-1067,67,312,biceps-curl,,,
-1063,53,325,biceps-curl,,,
-1088,68,340,biceps-curl,,,
-1128,108,336,biceps-curl,,,
-1172,154,326,biceps-curl,,,
-1223,174,231,biceps-curl,,,
-1261,176,143,biceps-curl,,,
-1304,152,192,biceps-curl,,,
-1321,171,308,biceps-curl,,,
-1336,46,764,biceps-curl,,,
-1366,-29,-150,biceps-curl,,,
-1347,27,131,biceps-curl,,,
-1332,128,172,biceps-curl,,,
-1317,142,208,biceps-curl,,,
-1326,74,84,biceps-curl,,,
-1285,27,-131,biceps-curl,,,
-1200,31,-39,biceps-curl,,,
-1128,199,159,biceps-curl,,,
-1051,422,213,biceps-curl,,,
-1197,193,628,biceps-curl,,,
-1343,-73,437,biceps-curl,,,
-1304,-93,-52,biceps-curl,,,
-1370,-39,-318,biceps-curl,,,
-1525,-56,-59,biceps-curl,,,
-1563,48,149,biceps-curl,,,
-1560,107,135,biceps-curl,,,
-1581,91,70,biceps-curl,,,
-1529,88,182,biceps-curl,,,
-1537,59,44,biceps-curl,,,
-1535,94,-49,biceps-curl,,,
-1487,124,146,biceps-curl,,,
-1458,112,165,biceps-curl,,,
-1444,57,78,biceps-curl,,,
-1417,54,50,biceps-curl,,,
-1368,32,96,biceps-curl,,,
-1309,-15,81,biceps-curl,,,
-1261,-87,219,biceps-curl,,,
-1186,-166,92,biceps-curl,,,
-1062,214,-186,biceps-curl,,,
-926,-24,52,biceps-curl,,,
-869,-46,282,biceps-curl,,,
-816,-119,236,biceps-curl,,,
-742,-148,200,biceps-curl,,,
-695,-138,104,biceps-curl,,,
-699,-160,64,biceps-curl,,,
-649,-42,80,biceps-curl,,,
-591,-7,433,biceps-curl,,,
-546,-46,273,biceps-curl,,,
-578,-30,-118,biceps-curl,,,
-602,28,-273,biceps-curl,,,
-560,144,24,biceps-curl,,,
-539,191,77,biceps-curl,,,
-533,210,77,biceps-curl,,,
-516,148,38,biceps-curl,,,
-543,136,77,biceps-curl,,,
-620,126,58,biceps-curl,,,
-654,134,41,biceps-curl,,,
-694,166,40,biceps-curl,,,
-752,208,-48,biceps-curl,,,
-752,208,-48,biceps-curl,,,
-814,224,-110,biceps-curl,,,
-900,209,-158,biceps-curl,,,
-971,215,-108,biceps-curl,,,
-1012,216,-53,biceps-curl,,,
-995,180,-84,biceps-curl,,,
-985,176,-60,biceps-curl,,,
-977,190,-104,biceps-curl,,,
-943,225,-39,biceps-curl,,,
-923,297,-24,biceps-curl,,,
-945,306,-62,biceps-curl,,,
-983,298,-115,biceps-curl,,,
-1016,296,-25,biceps-curl,,,
-1071,314,90,biceps-curl,,,
-1094,354,46,biceps-curl,,,
-1107,390,116,biceps-curl,,,
-1123,443,95,biceps-curl,,,
-1139,480,64,biceps-curl,,,
-1113,524,110,biceps-curl,,,
-1101,564,126,biceps-curl,,,
-1090,586,82,biceps-curl,,,
-1071,606,61,biceps-curl,,,
-1060,638,42,biceps-curl,,,
-1043,665,46,biceps-curl,,,
-1015,668,76,biceps-curl,,,
-996,700,36,biceps-curl,,,
-980,744,7,biceps-curl,,,
-939,763,10,biceps-curl,,,
-904,783,-16,biceps-curl,,,
-887,819,-3,biceps-curl,,,
-858,862,-39,biceps-curl,,,
-830,875,-80,biceps-curl,,,
-785,895,-42,biceps-curl,,,
-738,928,-102,biceps-curl,,,
-678,947,-149,biceps-curl,,,
-623,947,-190,biceps-curl,,,
-566,927,-191,biceps-curl,,,
-499,893,-212,biceps-curl,,,
-422,872,-200,biceps-curl,,,
-346,887,-157,biceps-curl,,,
-257,846,-258,biceps-curl,,,
-188,798,-265,biceps-curl,,,
-119,740,-273,biceps-curl,,,
-20,671,-288,biceps-curl,,,
57,623,-311,biceps-curl,,,
131,661,-151,biceps-curl,,,
231,564,-265,biceps-curl,,,
307,519,-205,biceps-curl,,,
354,502,-369,biceps-curl,,,
398,452,-227,biceps-curl,,,
584,328,-74,biceps-curl,,,
608,288,-294,biceps-curl,,,
639,280,-412,biceps-curl,,,
663,250,-279,biceps-curl,,,
671,248,-324,biceps-curl,,,
679,277,-401,biceps-curl,,,
666,287,-301,biceps-curl,,,
643,295,-281,biceps-curl,,,
613,378,-273,biceps-curl,,,
575,425,-219,biceps-curl,,,
555,419,-169,biceps-curl,,,
527,486,-185,biceps-curl,,,
489,566,-198,biceps-curl,,,
486,572,-206,biceps-curl,,,
464,633,-149,biceps-curl,,,
479,730,-260,biceps-curl,,,
505,710,-267,biceps-curl,,,
480,715,-275,biceps-curl,,,
448,775,-256,biceps-curl,,,
435,785,-240,biceps-curl,,,
417,781,-255,biceps-curl,,,
398,832,-231,biceps-curl,,,
369,845,-291,biceps-curl,,,
330,823,-325,biceps-curl,,,
286,842,-287,biceps-curl,,,
239,868,-301,biceps-curl,,,
192,904,-328,biceps-curl,,,
141,928,-336,biceps-curl,,,
90,946,-322,biceps-curl,,,
39,997,-317,biceps-curl,,,
-22,1000,-317,biceps-curl,,,
-70,958,-264,biceps-curl,,,
-95,959,-261,biceps-curl,,,
-129,972,-293,biceps-curl,,,
-158,949,-274,biceps-curl,,,
-189,949,-261,biceps-curl,,,
-210,958,-288,biceps-curl,,,
-248,929,-274,biceps-curl,,,
-311,868,-236,biceps-curl,,,
-382,885,-210,biceps-curl,,,
-409,945,-163,biceps-curl,,,
-452,830,-154,biceps-curl,,,
-506,808,-199,biceps-curl,,,
-561,875,-232,biceps-curl,,,
-612,840,-219,biceps-curl,,,
-634,798,-145,biceps-curl,,,
-651,837,-163,biceps-curl,,,
-681,810,-252,biceps-curl,,,
-695,745,-200,biceps-curl,,,
-691,756,-92,biceps-curl,,,
-745,687,-160,biceps-curl,,,
-792,640,-144,biceps-curl,,,
-840,672,-56,biceps-curl,,,
-848,633,-141,biceps-curl,,,
-909,609,-167,biceps-curl,,,
-919,615,-93,biceps-curl,,,
-935,587,-95,biceps-curl,,,
-950,563,-117,biceps-curl,,,
-945,518,-85,biceps-curl,,,
-958,546,-60,biceps-curl,,,
-980,499,-89,biceps-curl,,,
-997,488,-103,biceps-curl,,,
-1013,507,-40,biceps-curl,,,
-1016,500,-24,biceps-curl,,,
-1010,502,0,biceps-curl,,,
-979,486,-10,biceps-curl,,,
-997,486,-39,biceps-curl,,,
-1002,510,-15,biceps-curl,,,
-1022,520,-16,biceps-curl,,,
-1053,515,-8,biceps-curl,,,
-1079,543,-15,biceps-curl,,,
-1083,585,-29,biceps-curl,,,
-1061,614,-51,biceps-curl,,,
-1039,624,-50,biceps-curl,,,
-1014,633,-62,biceps-curl,,,
-987,644,-93,biceps-curl,,,
-959,665,-112,biceps-curl,,,
-928,696,-124,biceps-curl,,,
-893,727,-124,biceps-curl,,,
-857,755,-135,biceps-curl,,,
-836,789,-131,biceps-curl,,,
-825,816,-138,biceps-curl,,,
-810,816,-161,biceps-curl,,,
-797,837,-116,biceps-curl,,,
-789,878,-87,biceps-curl,,,
-773,877,-94,biceps-curl,,,
-734,882,-162,biceps-curl,,,
-681,938,-209,biceps-curl,,,
-625,942,-201,biceps-curl,,,
-564,947,-241,biceps-curl,,,
-538,970,-313,biceps-curl,,,
-473,952,-376,biceps-curl,,,
-384,945,-315,biceps-curl,,,
-336,914,-311,biceps-curl,,,
-247,887,-361,biceps-curl,,,
-154,874,-303,biceps-curl,,,
-112,835,-389,biceps-curl,,,
-47,797,-365,biceps-curl,,,
37,773,-332,biceps-curl,,,
93,743,-287,biceps-curl,,,
173,732,-280,biceps-curl,,,
265,647,-274,biceps-curl,,,
289,600,-351,biceps-curl,,,
375,648,-225,biceps-curl,,,
415,516,-286,biceps-curl,,,
469,489,-220,biceps-curl,,,
539,421,-171,biceps-curl,,,
580,423,-139,biceps-curl,,,
620,395,-200,biceps-curl,,,
638,322,-222,biceps-curl,,,
647,298,-81,biceps-curl,,,
648,296,-209,biceps-curl,,,
694,316,-266,biceps-curl,,,
717,282,-228,biceps-curl,,,
720,278,-266,biceps-curl,,,
696,304,-292,biceps-curl,,,
664,347,-290,biceps-curl,,,
667,371,-259,biceps-curl,,,
655,415,-276,biceps-curl,,,
616,459,-228,biceps-curl,,,
568,456,-211,biceps-curl,,,
547,484,-206,biceps-curl,,,
529,553,-141,biceps-curl,,,
496,574,-157,biceps-curl,,,
452,596,-197,biceps-curl,,,
423,674,-222,biceps-curl,,,
390,729,-223,biceps-curl,,,
335,753,-225,biceps-curl,,,
272,824,-276,biceps-curl,,,
228,857,-320,biceps-curl,,,
194,847,-339,biceps-curl,,,
147,878,-384,biceps-curl,,,
96,896,-411,biceps-curl,,,
67,886,-350,biceps-curl,,,
51,872,-236,biceps-curl,,,
10,916,-181,biceps-curl,,,
-41,965,-270,biceps-curl,,,
-130,920,-284,biceps-curl,,,
-169,951,-172,biceps-curl,,,
-217,975,-186,biceps-curl,,,
-257,948,-177,biceps-curl,,,
-318,973,-234,biceps-curl,,,
-374,1052,-197,biceps-curl,,,
-426,908,-204,biceps-curl,,,
-454,856,-157,biceps-curl,,,
-567,953,-159,biceps-curl,,,
-635,914,-208,biceps-curl,,,
-613,879,-69,biceps-curl,,,
-659,864,-74,biceps-curl,,,
-752,798,-279,biceps-curl,,,
-752,769,-179,biceps-curl,,,
-754,683,-109,biceps-curl,,,
-793,743,-199,biceps-curl,,,
-824,712,-152,biceps-curl,,,
-784,608,0,biceps-curl,,,
-784,608,0,biceps-curl,,,
-900,608,-171,biceps-curl,,,
-965,692,-62,biceps-curl,,,
-938,621,41,biceps-curl,,,
-936,550,-142,biceps-curl,,,
-965,465,-60,biceps-curl,,,
-989,484,-55,biceps-curl,,,
-1012,461,5,biceps-curl,,,
-1029,416,-51,biceps-curl,,,
-1032,388,-44,biceps-curl,,,
-1045,378,-15,biceps-curl,,,
-1036,376,-20,biceps-curl,,,
-1050,370,-42,biceps-curl,,,
-1050,362,-42,biceps-curl,,,
-1031,377,-23,biceps-curl,,,
-1018,345,-27,biceps-curl,,,
-1000,350,-10,biceps-curl,,,
-1024,339,0,biceps-curl,,,
-1025,359,25,biceps-curl,,,
-1026,391,5,biceps-curl,,,
-1070,405,-21,biceps-curl,,,
-1087,422,18,biceps-curl,,,
-1084,450,30,biceps-curl,,,
-1079,473,-14,biceps-curl,,,
-1072,497,-32,biceps-curl,,,
-1060,512,-56,biceps-curl,,,
-1044,535,-84,biceps-curl,,,
-1033,567,-36,biceps-curl,,,
-999,587,20,biceps-curl,,,
-955,627,27,biceps-curl,,,
-946,667,-16,biceps-curl,,,
-951,672,-88,biceps-curl,,,
-930,675,-62,biceps-curl,,,
-909,696,-46,biceps-curl,,,
-878,741,-91,biceps-curl,,,
-846,783,-81,biceps-curl,,,
-813,823,-122,biceps-curl,,,
-778,853,-136,biceps-curl,,,
-754,894,-156,biceps-curl,,,
-720,910,-133,biceps-curl,,,
-654,912,-116,biceps-curl,,,
-607,944,-210,biceps-curl,,,
-563,951,-284,biceps-curl,,,
-529,983,-258,biceps-curl,,,
-480,974,-228,biceps-curl,,,
-421,962,-260,biceps-curl,,,
-387,976,-294,biceps-curl,,,
-331,972,-269,biceps-curl,,,
-262,919,-236,biceps-curl,,,
-214,896,-303,biceps-curl,,,
-159,887,-280,biceps-curl,,,
-73,833,-280,biceps-curl,,,
6,824,-164,biceps-curl,,,
54,794,-213,biceps-curl,,,
108,717,-313,biceps-curl,,,
200,712,-276,biceps-curl,,,
237,655,-215,biceps-curl,,,
317,599,-145,biceps-curl,,,
355,558,-211,biceps-curl,,,
427,559,-237,biceps-curl,,,
492,508,-227,biceps-curl,,,
574,452,-129,biceps-curl,,,
623,403,-147,biceps-curl,,,
632,374,-269,biceps-curl,,,
673,350,-263,biceps-curl,,,
717,321,-208,biceps-curl,,,
711,295,-253,biceps-curl,,,
682,320,-350,biceps-curl,,,
667,325,-331,biceps-curl,,,
644,335,-299,biceps-curl,,,
617,374,-311,biceps-curl,,,
589,397,-272,biceps-curl,,,
562,442,-231,biceps-curl,,,
525,503,-246,biceps-curl,,,
487,567,-217,biceps-curl,,,
480,583,-139,biceps-curl,,,
452,612,-172,biceps-curl,,,
416,702,-271,biceps-curl,,,
405,726,-271,biceps-curl,,,
371,724,-225,biceps-curl,,,
331,790,-277,biceps-curl,,,
306,819,-312,biceps-curl,,,
287,803,-280,biceps-curl,,,
272,831,-347,biceps-curl,,,
245,875,-352,biceps-curl,,,
182,890,-318,biceps-curl,,,
150,924,-241,biceps-curl,,,
112,957,-249,biceps-curl,,,
61,949,-287,biceps-curl,,,
10,902,-206,biceps-curl,,,
-67,934,-205,biceps-curl,,,
-117,982,-311,biceps-curl,,,
-175,970,-312,biceps-curl,,,
-216,952,-203,biceps-curl,,,
-264,984,-204,biceps-curl,,,
-316,935,-352,biceps-curl,,,
-352,919,-224,biceps-curl,,,
-419,853,-87,biceps-curl,,,
-453,992,-94,biceps-curl,,,
-520,987,-269,biceps-curl,,,
-529,895,-56,biceps-curl,,,
-568,872,-72,biceps-curl,,,
-648,928,-152,biceps-curl,,,
-679,819,-82,biceps-curl,,,
-672,808,-50,biceps-curl,,,
-702,719,-123,biceps-curl,,,
-726,734,-194,biceps-curl,,,
-742,743,-121,biceps-curl,,,
-744,667,-42,biceps-curl,,,
-799,636,-93,biceps-curl,,,
-848,699,-111,biceps-curl,,,
-863,666,-151,biceps-curl,,,
-864,662,-1,biceps-curl,,,
-876,621,-28,biceps-curl,,,
-904,578,31,biceps-curl,,,
-930,527,-15,biceps-curl,,,
-942,478,-80,biceps-curl,,,
-955,514,-68,biceps-curl,,,
-976,493,-29,biceps-curl,,,
-989,446,-11,biceps-curl,,,
-997,412,-28,biceps-curl,,,
-1000,380,-55,biceps-curl,,,
-1019,363,-50,biceps-curl,,,
-1032,379,-40,biceps-curl,,,
-1028,365,-9,biceps-curl,,,
-1015,331,-10,biceps-curl,,,
-1016,324,22,biceps-curl,,,
-1016,316,40,biceps-curl,,,
-1039,316,23,biceps-curl,,,
-1057,335,3,biceps-curl,,,
-1044,351,-19,biceps-curl,,,
-1068,370,18,biceps-curl,,,
-1090,378,-7,biceps-curl,,,
-1086,396,-27,biceps-curl,,,
-1087,469,44,biceps-curl,,,
-1058,523,31,biceps-curl,,,
-1032,536,-68,biceps-curl,,,
-1022,564,-129,biceps-curl,,,
-995,597,-89,biceps-curl,,,
-971,616,-64,biceps-curl,,,
-934,648,-54,biceps-curl,,,
-930,665,-94,biceps-curl,,,
-926,652,-100,biceps-curl,,,
-887,695,-145,biceps-curl,,,
-879,703,-141,biceps-curl,,,
-871,777,-96,biceps-curl,,,
-864,789,-135,biceps-curl,,,
-861,827,-72,biceps-curl,,,
-829,857,-71,biceps-curl,,,
-795,875,-66,biceps-curl,,,
-727,914,-96,biceps-curl,,,
-703,944,-92,biceps-curl,,,
-663,960,-239,biceps-curl,,,
-569,992,-145,biceps-curl,,,
-537,984,-160,biceps-curl,,,
-498,976,-236,biceps-curl,,,
-436,983,-315,biceps-curl,,,
-396,984,-247,biceps-curl,,,
-363,927,-247,biceps-curl,,,
-283,899,-220,biceps-curl,,,
-231,903,-189,biceps-curl,,,
-164,864,-237,biceps-curl,,,
-87,843,-281,biceps-curl,,,
-21,846,-313,biceps-curl,,,
29,823,-308,biceps-curl,,,
100,780,-244,biceps-curl,,,
167,744,-265,biceps-curl,,,
218,736,-286,biceps-curl,,,
271,680,-271,biceps-curl,,,
348,640,-307,biceps-curl,,,
387,600,-365,biceps-curl,,,
443,538,-231,biceps-curl,,,
521,517,-40,biceps-curl,,,
585,482,-120,biceps-curl,,,
613,424,-258,biceps-curl,,,
629,355,-284,biceps-curl,,,
670,294,-155,biceps-curl,,,
708,251,-110,biceps-curl,,,
744,256,-204,biceps-curl,,,
764,257,-248,biceps-curl,,,
731,258,-263,biceps-curl,,,
703,277,-251,biceps-curl,,,
695,288,-271,biceps-curl,,,
659,336,-313,biceps-curl,,,
634,357,-234,biceps-curl,,,
624,364,-175,biceps-curl,,,
602,406,-203,biceps-curl,,,
555,469,-213,biceps-curl,,,
542,510,-229,biceps-curl,,,
525,520,-222,biceps-curl,,,
483,583,-197,biceps-curl,,,
442,648,-262,biceps-curl,,,
419,661,-262,biceps-curl,,,
392,722,-193,biceps-curl,,,
348,791,-190,biceps-curl,,,
295,781,-289,biceps-curl,,,
287,774,-288,biceps-curl,,,
275,811,-244,biceps-curl,,,
237,835,-269,biceps-curl,,,
202,864,-254,biceps-curl,,,
142,866,-301,biceps-curl,,,
117,898,-156,biceps-curl,,,
55,935,-223,biceps-curl,,,
16,912,-176,biceps-curl,,,
-64,952,-176,biceps-curl,,,
-64,952,-176,biceps-curl,,,
-134,991,-347,biceps-curl,,,
-204,1015,-382,biceps-curl,,,
-208,986,-116,biceps-curl,,,
-266,948,-60,biceps-curl,,,
-365,1015,-163,biceps-curl,,,
-411,982,-204,biceps-curl,,,
-409,935,-3,biceps-curl,,,
-468,888,-35,biceps-curl,,,
-571,965,-152,biceps-curl,,,
-617,882,-30,biceps-curl,,,
-674,825,76,biceps-curl,,,
-760,864,120,biceps-curl,,,
-808,886,22,biceps-curl,,,
-827,836,-5,biceps-curl,,,
-838,749,11,biceps-curl,,,
-856,736,81,biceps-curl,,,
-880,718,-30,biceps-curl,,,
-929,633,-43,biceps-curl,,,
-957,577,36,biceps-curl,,,
-965,578,59,biceps-curl,,,
-977,565,0,biceps-curl,,,
-993,525,-31,biceps-curl,,,
-1000,478,2,biceps-curl,,,
-1004,477,61,biceps-curl,,,
-1016,452,52,biceps-curl,,,
-1032,404,4,biceps-curl,,,
-1022,389,18,biceps-curl,,,
-1014,369,15,biceps-curl,,,
-1019,350,-9,biceps-curl,,,
-1003,330,29,biceps-curl,,,
-1005,320,81,biceps-curl,,,
-1003,326,79,biceps-curl,,,
-1005,317,48,biceps-curl,,,
-1005,296,38,biceps-curl,,,
-1016,318,14,biceps-curl,,,
-1016,314,19,biceps-curl,,,
-1024,368,46,biceps-curl,,,
-1046,396,30,biceps-curl,,,
-1044,408,7,biceps-curl,,,
-1053,428,50,biceps-curl,,,
-1047,501,114,biceps-curl,,,
-1076,483,76,biceps-curl,,,
-1054,462,17,biceps-curl,,,
-1037,501,32,biceps-curl,,,
-1013,540,91,biceps-curl,,,
-980,580,115,biceps-curl,,,
-943,618,59,biceps-curl,,,
-927,643,-13,biceps-curl,,,
-912,704,39,biceps-curl,,,
-912,704,16,biceps-curl,,,
-904,744,0,biceps-curl,,,
-896,798,39,biceps-curl,,,
-873,861,55,biceps-curl,,,
-857,901,4,biceps-curl,,,
-856,911,-36,biceps-curl,,,
-870,926,-33,biceps-curl,,,
-844,935,-53,biceps-curl,,,
-826,936,-70,biceps-curl,,,
-791,923,-92,biceps-curl,,,
-706,907,-155,biceps-curl,,,
-650,923,-200,biceps-curl,,,
-597,922,-220,biceps-curl,,,
-505,932,-248,biceps-curl,,,
-439,924,-180,biceps-curl,,,
-390,926,-186,biceps-curl,,,
-320,900,-172,biceps-curl,,,
-269,883,-252,biceps-curl,,,
-203,859,-391,biceps-curl,,,
-140,853,-358,biceps-curl,,,
-85,841,-277,biceps-curl,,,
-54,851,-256,biceps-curl,,,
-2,822,-242,biceps-curl,,,
77,792,-268,biceps-curl,,,
151,770,-287,biceps-curl,,,
201,744,-263,biceps-curl,,,
244,720,-256,biceps-curl,,,
314,669,-272,biceps-curl,,,
378,599,-284,biceps-curl,,,
421,528,-302,biceps-curl,,,
465,491,-293,biceps-curl,,,
507,461,-272,biceps-curl,,,
560,384,-290,biceps-curl,,,
609,329,-277,biceps-curl,,,
638,285,-277,biceps-curl,,,
682,232,-267,biceps-curl,,,
722,210,-260,biceps-curl,,,
733,237,-358,biceps-curl,,,
746,246,-373,biceps-curl,,,
748,236,-328,biceps-curl,,,
734,228,-354,biceps-curl,,,
721,240,-370,biceps-curl,,,
696,246,-399,biceps-curl,,,
687,275,-359,biceps-curl,,,
640,294,-344,biceps-curl,,,
633,333,-303,biceps-curl,,,
584,377,-339,biceps-curl,,,
579,451,-236,biceps-curl,,,
526,482,-276,biceps-curl,,,
494,514,-326,biceps-curl,,,
456,562,-279,biceps-curl,,,
440,616,-256,biceps-curl,,,
368,672,-280,biceps-curl,,,
329,773,-350,biceps-curl,,,
305,761,-299,biceps-curl,,,
297,820,-229,biceps-curl,,,
252,809,-363,biceps-curl,,,
212,822,-319,biceps-curl,,,
187,852,-242,biceps-curl,,,
136,904,-334,biceps-curl,,,
88,892,-339,biceps-curl,,,
34,836,-264,biceps-curl,,,
24,913,-191,biceps-curl,,,
-38,942,-164,biceps-curl,,,
-122,980,-263,biceps-curl,,,
-191,963,-255,biceps-curl,,,
-248,952,-114,biceps-curl,,,
-314,997,-97,biceps-curl,,,
-363,956,-101,biceps-curl,,,
-413,923,-96,biceps-curl,,,
-457,956,-86,biceps-curl,,,
-507,1020,-129,biceps-curl,,,
-547,943,-88,biceps-curl,,,
-588,895,-63,biceps-curl,,,
-648,903,-8,biceps-curl,,,
-680,896,5,biceps-curl,,,
-697,846,-28,biceps-curl,,,
-736,792,-44,biceps-curl,,,
-779,776,-87,biceps-curl,,,
-844,753,-42,biceps-curl,,,
-896,704,54,biceps-curl,,,
-936,654,45,biceps-curl,,,
-1002,621,-2,biceps-curl,,,
-1028,580,-31,biceps-curl,,,
-1033,545,-7,biceps-curl,,,
-1013,515,83,biceps-curl,,,
-1016,507,41,biceps-curl,,,
-1012,480,-20,biceps-curl,,,
-1040,394,55,biceps-curl,,,
-1048,354,53,biceps-curl,,,
-1062,330,104,biceps-curl,,,
-1043,307,84,biceps-curl,,,
-1078,281,84,biceps-curl,,,
-1073,253,49,biceps-curl,,,
-1079,235,87,biceps-curl,,,
-1070,208,78,biceps-curl,,,
-1053,209,59,biceps-curl,,,
-1032,215,30,biceps-curl,,,
-1031,209,78,biceps-curl,,,
-1022,223,55,biceps-curl,,,
-993,215,45,biceps-curl,,,
-1008,199,-6,biceps-curl,,,
-1000,168,72,biceps-curl,,,
-984,216,48,biceps-curl,,,
-1000,239,126,biceps-curl,,,
-1015,240,44,biceps-curl,,,
-1061,270,25,biceps-curl,,,
-1071,330,75,biceps-curl,,,
-1079,350,116,biceps-curl,,,
-1087,387,99,biceps-curl,,,
-1081,433,69,biceps-curl,,,
-1073,467,37,biceps-curl,,,
-1046,498,65,biceps-curl,,,
-1034,523,110,biceps-curl,,,
-1007,559,95,biceps-curl,,,
-976,562,16,biceps-curl,,,
-962,595,-32,biceps-curl,,,
-931,631,6,biceps-curl,,,
-903,651,24,biceps-curl,,,
-874,705,24,biceps-curl,,,
-864,744,8,biceps-curl,,,
-849,757,-46,biceps-curl,,,
-825,809,-107,biceps-curl,,,
-778,859,-61,biceps-curl,,,
-743,895,-90,biceps-curl,,,
-687,872,-171,biceps-curl,,,
-635,844,-192,biceps-curl,,,
-603,865,-184,biceps-curl,,,
-560,900,-208,biceps-curl,,,
-521,932,-267,biceps-curl,,,
-500,948,-281,biceps-curl,,,
-468,966,-260,biceps-curl,,,
-405,991,-266,biceps-curl,,,
-342,1000,-286,biceps-curl,,,
-276,1000,-259,biceps-curl,,,
-212,997,-194,biceps-curl,,,
-154,978,-214,biceps-curl,,,
-81,929,-280,biceps-curl,,,
-1,887,-274,biceps-curl,,,
50,886,-231,biceps-curl,,,
109,832,-252,biceps-curl,,,
152,794,-288,biceps-curl,,,
196,741,-349,biceps-curl,,,
276,707,-305,biceps-curl,,,
327,699,-281,biceps-curl,,,
364,597,-297,biceps-curl,,,
391,539,-337,biceps-curl,,,
437,504,-294,biceps-curl,,,
478,441,-272,biceps-curl,,,
530,378,-215,biceps-curl,,,
554,320,-293,biceps-curl,,,
587,318,-364,biceps-curl,,,
640,288,-290,biceps-curl,,,
624,280,-352,biceps-curl,,,
648,280,-400,biceps-curl,,,
648,280,-400,biceps-curl,,,
632,241,-423,biceps-curl,,,
640,255,-340,biceps-curl,,,
662,271,-343,biceps-curl,,,
649,287,-337,biceps-curl,,,
627,324,-343,biceps-curl,,,
631,363,-302,biceps-curl,,,
591,388,-323,biceps-curl,,,
557,445,-381,biceps-curl,,,
532,456,-307,biceps-curl,,,
503,488,-282,biceps-curl,,,
446,570,-286,biceps-curl,,,
420,622,-312,biceps-curl,,,
387,650,-314,biceps-curl,,,
347,725,-335,biceps-curl,,,
319,780,-322,biceps-curl,,,
285,819,-280,biceps-curl,,,
256,853,-259,biceps-curl,,,
233,874,-327,biceps-curl,,,
194,870,-353,biceps-curl,,,
166,883,-344,biceps-curl,,,
132,919,-307,biceps-curl,,,
85,936,-311,biceps-curl,,,
29,936,-293,biceps-curl,,,
-21,957,-235,biceps-curl,,,
-64,964,-200,biceps-curl,,,
-123,967,-207,biceps-curl,,,
-178,984,-210,biceps-curl,,,
-228,973,-163,biceps-curl,,,
-298,987,-163,biceps-curl,,,
-367,1001,-168,biceps-curl,,,
-415,980,-68,biceps-curl,,,
-457,985,-16,biceps-curl,,,
-515,944,-83,biceps-curl,,,
-578,920,-78,biceps-curl,,,
-612,926,-26,biceps-curl,,,
-656,879,-34,biceps-curl,,,
-702,810,-19,biceps-curl,,,
-736,786,18,biceps-curl,,,
-793,768,-39,biceps-curl,,,
-824,755,10,biceps-curl,,,
-824,711,86,biceps-curl,,,
-829,724,85,biceps-curl,,,
-860,622,-29,biceps-curl,,,
-882,614,83,biceps-curl,,,
-900,648,95,biceps-curl,,,
-939,584,17,biceps-curl,,,
-969,581,34,biceps-curl,,,
-976,535,161,biceps-curl,,,
-984,512,26,biceps-curl,,,
-992,519,104,biceps-curl,,,
-976,465,120,biceps-curl,,,
-976,503,97,biceps-curl,,,
-976,397,104,biceps-curl,,,
-998,385,104,biceps-curl,,,
-1007,377,97,biceps-curl,,,
-1037,347,25,biceps-curl,,,
-1040,309,65,biceps-curl,,,
-1033,338,65,biceps-curl,,,
-1045,311,124,biceps-curl,,,
-1041,311,71,biceps-curl,,,
-1040,325,107,biceps-curl,,,
-1040,347,101,biceps-curl,,,
-1046,334,54,biceps-curl,,,
-1019,363,128,biceps-curl,,,
-1025,405,143,biceps-curl,,,
-1032,422,136,biceps-curl,,,
-1048,446,158,biceps-curl,,,
-1040,472,115,biceps-curl,,,
-1037,495,119,biceps-curl,,,
-1025,529,96,biceps-curl,,,
-1011,549,91,biceps-curl,,,
-994,575,95,biceps-curl,,,
-975,601,88,biceps-curl,,,
-968,621,45,biceps-curl,,,
-935,657,62,biceps-curl,,,
-900,680,56,biceps-curl,,,
-884,680,-12,biceps-curl,,,
-854,706,5,biceps-curl,,,
-814,757,1,biceps-curl,,,
-782,784,-35,biceps-curl,,,
-758,790,-6,biceps-curl,,,
-729,803,-1,biceps-curl,,,
-692,811,-7,biceps-curl,,,
-658,824,-22,biceps-curl,,,
-622,848,-98,biceps-curl,,,
-600,866,-160,biceps-curl,,,
-584,883,-198,biceps-curl,,,
-540,916,-167,biceps-curl,,,
-528,928,-218,biceps-curl,,,
-519,935,-253,biceps-curl,,,
-473,963,-269,biceps-curl,,,
-400,982,-277,biceps-curl,,,
-319,1003,-351,biceps-curl,,,
-259,975,-262,biceps-curl,,,
-175,969,-254,biceps-curl,,,
-103,970,-297,biceps-curl,,,
-28,919,-311,biceps-curl,,,
18,905,-389,biceps-curl,,,
48,910,-462,biceps-curl,,,
58,871,-424,biceps-curl,,,
128,824,-416,biceps-curl,,,
192,784,-360,biceps-curl,,,
223,753,-422,biceps-curl,,,
277,691,-378,biceps-curl,,,
325,688,-324,biceps-curl,,,
335,615,-356,biceps-curl,,,
365,551,-381,biceps-curl,,,
417,488,-349,biceps-curl,,,
438,446,-289,biceps-curl,,,
467,427,-333,biceps-curl,,,
485,385,-344,biceps-curl,,,
513,338,-331,biceps-curl,,,
539,297,-365,biceps-curl,,,
574,276,-352,biceps-curl,,,
602,301,-326,biceps-curl,,,
597,278,-389,biceps-curl,,,
598,286,-366,biceps-curl,,,
616,307,-376,biceps-curl,,,
619,328,-387,biceps-curl,,,
591,341,-409,biceps-curl,,,
571,374,-394,biceps-curl,,,
554,421,-395,biceps-curl,,,
521,459,-417,biceps-curl,,,
486,499,-411,biceps-curl,,,
455,524,-417,biceps-curl,,,
419,553,-415,biceps-curl,,,
392,612,-396,biceps-curl,,,
380,640,-380,biceps-curl,,,
361,665,-375,biceps-curl,,,
312,722,-388,biceps-curl,,,
252,761,-402,biceps-curl,,,
205,803,-403,biceps-curl,,,
161,850,-381,biceps-curl,,,
127,880,-353,biceps-curl,,,
93,896,-315,biceps-curl,,,
43,941,-328,biceps-curl,,,
11,956,-337,biceps-curl,,,
-20,939,-327,biceps-curl,,,
-83,970,-338,biceps-curl,,,
-106,974,-277,biceps-curl,,,
-93,961,-149,biceps-curl,,,
-130,941,-204,biceps-curl,,,
-218,964,-325,biceps-curl,,,
-300,981,-229,biceps-curl,,,
-328,967,-172,biceps-curl,,,
-380,957,-144,biceps-curl,,,
-415,936,-97,biceps-curl,,,
-476,931,-164,biceps-curl,,,
-522,879,-124,biceps-curl,,,
-545,866,-64,biceps-curl,,,
-561,911,-64,biceps-curl,,,
-593,864,-72,biceps-curl,,,
-647,816,-64,biceps-curl,,,
-702,816,-33,biceps-curl,,,
-727,793,36,biceps-curl,,,
-750,785,85,biceps-curl,,,
-803,777,139,biceps-curl,,,
-851,769,94,biceps-curl,,,
-884,754,88,biceps-curl,,,
-908,656,88,biceps-curl,,,
-919,633,101,biceps-curl,,,
-907,612,78,biceps-curl,,,
-917,589,85,biceps-curl,,,
-926,559,76,biceps-curl,,,
-928,510,84,biceps-curl,,,
-940,490,64,biceps-curl,,,
-967,459,73,biceps-curl,,,
-987,448,52,biceps-curl,,,
-987,421,132,biceps-curl,,,
-995,392,118,biceps-curl,,,
-1010,364,73,biceps-curl,,,
-996,347,113,biceps-curl,,,
-998,349,101,biceps-curl,,,
-1022,315,67,biceps-curl,,,
-1019,301,95,biceps-curl,,,
-1025,303,85,biceps-curl,,,
-1044,308,106,biceps-curl,,,
-1020,336,104,biceps-curl,,,
-1015,337,14,biceps-curl,,,
-1033,291,42,biceps-curl,,,
-1024,291,79,biceps-curl,,,
-1034,343,29,biceps-curl,,,
-1029,339,109,biceps-curl,,,
-997,348,185,biceps-curl,,,
-1001,398,122,biceps-curl,,,
-1013,416,53,biceps-curl,,,
-1016,445,56,biceps-curl,,,
-1030,467,70,biceps-curl,,,
-1024,463,69,biceps-curl,,,
-1020,495,78,biceps-curl,,,
-1008,532,62,biceps-curl,,,
-999,534,39,biceps-curl,,,
-968,589,54,biceps-curl,,,
-964,605,9,biceps-curl,,,
-939,603,-15,biceps-curl,,,
-908,660,27,biceps-curl,,,
-884,683,-7,biceps-curl,,,
-852,707,-58,biceps-curl,,,
-815,740,-73,biceps-curl,,,
-797,785,-83,biceps-curl,,,
-751,802,-12,biceps-curl,,,
-727,832,-81,biceps-curl,,,
-704,816,-112,biceps-curl,,,
-664,840,-80,biceps-curl,,,
-586,840,-165,biceps-curl,,,
-554,870,-160,biceps-curl,,,
-522,887,-175,biceps-curl,,,
-484,888,-191,biceps-curl,,,
-437,895,-228,biceps-curl,,,
-397,896,-239,biceps-curl,,,
-392,889,-233,biceps-curl,,,
-352,901,-272,biceps-curl,,,
-292,917,-267,biceps-curl,,,
-267,895,-334,biceps-curl,,,
-239,907,-321,biceps-curl,,,
-202,888,-336,biceps-curl,,,
-180,892,-373,biceps-curl,,,
-165,890,-424,biceps-curl,,,
-115,894,-368,biceps-curl,,,
-53,928,-358,biceps-curl,,,
5,944,-421,biceps-curl,,,
60,924,-402,biceps-curl,,,
120,897,-386,biceps-curl,,,
187,888,-349,biceps-curl,,,
239,860,-339,biceps-curl,,,
269,809,-473,biceps-curl,,,
306,758,-473,biceps-curl,,,
382,724,-388,biceps-curl,,,
428,696,-396,biceps-curl,,,
420,668,-427,biceps-curl,,,
434,593,-404,biceps-curl,,,
470,513,-334,biceps-curl,,,
495,487,-332,biceps-curl,,,
510,441,-350,biceps-curl,,,
538,377,-281,biceps-curl,,,
577,325,-224,biceps-curl,,,
597,306,-294,biceps-curl,,,
616,280,-299,biceps-curl,,,
644,275,-261,biceps-curl,,,
674,255,-286,biceps-curl,,,
682,243,-339,biceps-curl,,,
684,262,-384,biceps-curl,,,
674,230,-356,biceps-curl,,,
677,239,-339,biceps-curl,,,
663,306,-330,biceps-curl,,,
655,352,-375,biceps-curl,,,
641,359,-370,biceps-curl,,,
598,406,-379,biceps-curl,,,
581,453,-348,biceps-curl,,,
548,501,-377,biceps-curl,,,
502,555,-308,biceps-curl,,,
471,602,-358,biceps-curl,,,
446,649,-327,biceps-curl,,,
384,697,-288,biceps-curl,,,
352,783,-336,biceps-curl,,,
290,815,-375,biceps-curl,,,
288,824,-338,biceps-curl,,,
273,869,-299,biceps-curl,,,
236,865,-274,biceps-curl,,,
203,900,-293,biceps-curl,,,
158,897,-226,biceps-curl,,,
111,930,-264,biceps-curl,,,
71,936,-212,biceps-curl,,,
44,897,-154,biceps-curl,,,
-17,964,-214,biceps-curl,,,
-63,947,-263,biceps-curl,,,
-144,996,-314,biceps-curl,,,
-144,951,-187,biceps-curl,,,
-199,945,-153,biceps-curl,,,
-274,941,-182,biceps-curl,,,
-323,909,-122,biceps-curl,,,
-373,917,-125,biceps-curl,,,
-438,948,-154,biceps-curl,,,
-479,906,-190,biceps-curl,,,
-512,896,-136,biceps-curl,,,
-551,884,-88,biceps-curl,,,
-613,855,-151,biceps-curl,,,
-670,848,-127,biceps-curl,,,
-705,831,-68,biceps-curl,,,
-732,796,-64,biceps-curl,,,
-775,761,-79,biceps-curl,,,
-834,700,-45,biceps-curl,,,
-871,680,-4,biceps-curl,,,
-907,703,-50,biceps-curl,,,
-954,677,-54,biceps-curl,,,
-980,666,-40,biceps-curl,,,
-983,624,-2,biceps-curl,,,
-955,576,45,biceps-curl,,,
-963,561,11,biceps-curl,,,
-973,498,16,biceps-curl,,,
-986,486,27,biceps-curl,,,
-992,436,62,biceps-curl,,,
-990,414,80,biceps-curl,,,
-982,380,60,biceps-curl,,,
-976,366,-11,biceps-curl,,,
-979,359,-8,biceps-curl,,,
-989,348,71,biceps-curl,,,
-977,326,90,biceps-curl,,,
-988,314,14,biceps-curl,,,
-1016,327,48,biceps-curl,,,
-1015,321,-8,biceps-curl,,,
-1002,335,76,biceps-curl,,,
-1032,328,18,biceps-curl,,,
-1024,337,65,biceps-curl,,,
-1024,376,104,biceps-curl,,,
-1032,392,40,biceps-curl,,,
-1032,392,40,biceps-curl,,,
-1032,392,-30,biceps-curl,,,
-1002,453,59,biceps-curl,,,
-1015,456,12,biceps-curl,,,
-1001,492,59,biceps-curl,,,
-993,503,-36,biceps-curl,,,
-992,532,71,biceps-curl,,,
-978,550,-21,biceps-curl,,,
-976,565,47,biceps-curl,,,
-969,594,-40,biceps-curl,,,
-936,657,6,biceps-curl,,,
-916,666,5,biceps-curl,,,
-888,670,-6,biceps-curl,,,
-886,690,-37,biceps-curl,,,
-848,702,-42,biceps-curl,,,
-799,704,-7,biceps-curl,,,
-789,731,-35,biceps-curl,,,
-755,770,-35,biceps-curl,,,
-751,774,-39,biceps-curl,,,
-725,788,-63,biceps-curl,,,
-671,829,-86,biceps-curl,,,
-643,839,-110,biceps-curl,,,
-618,832,-178,biceps-curl,,,
-574,845,-194,biceps-curl,,,
-535,848,-131,biceps-curl,,,
-504,840,-116,biceps-curl,,,
-461,840,-132,biceps-curl,,,
-417,847,-157,biceps-curl,,,
-382,845,-210,biceps-curl,,,
-340,832,-202,biceps-curl,,,
-306,845,-195,biceps-curl,,,
-278,870,-245,biceps-curl,,,
-236,880,-240,biceps-curl,,,
-211,880,-245,biceps-curl,,,
-190,888,-269,biceps-curl,,,
-161,904,-284,biceps-curl,,,
-151,899,-272,biceps-curl,,,
-138,890,-276,biceps-curl,,,
-66,904,-219,biceps-curl,,,
-87,923,-374,biceps-curl,,,
-44,897,-425,biceps-curl,,,
6,882,-335,biceps-curl,,,
33,927,-355,biceps-curl,,,
51,916,-466,biceps-curl,,,
114,893,-341,biceps-curl,,,
133,872,-380,biceps-curl,,,
178,871,-421,biceps-curl,,,
203,856,-468,biceps-curl,,,
247,856,-412,biceps-curl,,,
234,847,-488,biceps-curl,,,
288,816,-472,biceps-curl,,,
272,816,-504,biceps-curl,,,
350,793,-481,biceps-curl,,,
390,784,-404,biceps-curl,,,
429,784,-482,biceps-curl,,,
432,748,-415,biceps-curl,,,
446,680,-429,biceps-curl,,,
504,665,-313,biceps-curl,,,
526,671,-378,biceps-curl,,,
541,612,-445,biceps-curl,,,
551,567,-404,biceps-curl,,,
558,560,-398,biceps-curl,,,
591,492,-394,biceps-curl,,,
612,466,-380,biceps-curl,,,
634,458,-358,biceps-curl,,,
669,359,-323,biceps-curl,,,
674,353,-345,biceps-curl,,,
699,368,-295,biceps-curl,,,
712,357,-306,biceps-curl,,,
727,347,-359,biceps-curl,,,
731,319,-351,biceps-curl,,,
723,304,-336,biceps-curl,,,
706,309,-331,biceps-curl,,,
687,316,-359,biceps-curl,,,
658,337,-384,biceps-curl,,,
632,356,-367,biceps-curl,,,
620,376,-344,biceps-curl,,,
589,411,-344,biceps-curl,,,
553,443,-326,biceps-curl,,,
523,512,-282,biceps-curl,,,
462,604,-264,biceps-curl,,,
422,632,-222,biceps-curl,,,
423,635,-221,biceps-curl,,,
393,660,-320,biceps-curl,,,
360,718,-334,biceps-curl,,,
339,763,-365,biceps-curl,,,
323,785,-361,biceps-curl,,,
303,817,-323,biceps-curl,,,
272,802,-312,biceps-curl,,,
236,816,-298,biceps-curl,,,
189,847,-267,biceps-curl,,,
137,872,-312,biceps-curl,,,
76,878,-332,biceps-curl,,,
48,915,-252,biceps-curl,,,
2,963,-121,biceps-curl,,,
-42,939,-187,biceps-curl,,,
-116,958,-264,biceps-curl,,,
-157,943,-258,biceps-curl,,,
-212,938,-202,biceps-curl,,,
-274,968,-228,biceps-curl,,,
-321,975,-152,biceps-curl,,,
-368,936,-136,biceps-curl,,,
-416,896,-176,biceps-curl,,,
-455,958,-145,biceps-curl,,,
-502,899,-144,biceps-curl,,,
-526,881,-77,biceps-curl,,,
-557,953,-28,biceps-curl,,,
-603,874,-10,biceps-curl,,,
-622,829,27,biceps-curl,,,
-699,865,66,biceps-curl,,,
-725,819,25,biceps-curl,,,
-754,788,-36,biceps-curl,,,
-792,784,73,biceps-curl,,,
-812,728,67,biceps-curl,,,
-846,658,44,biceps-curl,,,
-903,640,46,biceps-curl,,,
-937,588,25,biceps-curl,,,
-961,557,-1,biceps-curl,,,
-984,514,24,biceps-curl,,,
-1003,507,40,biceps-curl,,,
-1013,471,60,biceps-curl,,,
-1011,428,67,biceps-curl,,,
-1018,411,88,biceps-curl,,,
-1024,399,72,biceps-curl,,,
-1028,361,30,biceps-curl,,,
-1032,327,16,biceps-curl,,,
-1024,312,49,biceps-curl,,,
-1020,300,80,biceps-curl,,,
-1028,292,88,biceps-curl,,,
-1028,277,85,biceps-curl,,,
-1035,253,54,biceps-curl,,,
-1061,233,39,biceps-curl,,,
-1083,237,58,biceps-curl,,,
-1079,250,87,biceps-curl,,,
-1067,252,109,biceps-curl,,,
-1067,272,77,biceps-curl,,,
-1064,272,42,biceps-curl,,,
-1082,282,65,biceps-curl,,,
-1083,313,55,biceps-curl,,,
-1076,338,82,biceps-curl,,,
-1090,352,18,biceps-curl,,,
-1096,389,86,biceps-curl,,,
-1086,439,133,biceps-curl,,,
-1051,464,101,biceps-curl,,,
-1059,471,24,biceps-curl,,,
-1032,505,70,biceps-curl,,,
-1025,516,97,biceps-curl,,,
-972,549,44,biceps-curl,,,
-931,593,8,biceps-curl,,,
-881,609,8,biceps-curl,,,
-895,618,7,biceps-curl,,,
-879,657,-6,biceps-curl,,,
-840,688,55,biceps-curl,,,
-840,688,-95,biceps-curl,,,
-793,727,-26,biceps-curl,,,
-762,758,-70,biceps-curl,,,
-700,745,10,biceps-curl,,,
-696,759,-79,biceps-curl,,,
-646,760,-152,biceps-curl,,,
-605,760,-160,biceps-curl,,,
-573,787,-126,biceps-curl,,,
-501,819,-127,biceps-curl,,,
-468,831,-180,biceps-curl,,,
-458,838,-211,biceps-curl,,,
-431,840,-228,biceps-curl,,,
-388,840,-226,biceps-curl,,,
-352,864,-206,biceps-curl,,,
-333,855,-263,biceps-curl,,,
-311,870,-288,biceps-curl,,,
-293,880,-272,biceps-curl,,,
-272,880,-301,biceps-curl,,,
-233,885,-345,biceps-curl,,,
-196,883,-375,biceps-curl,,,
-155,885,-341,biceps-curl,,,
-99,888,-312,biceps-curl,,,
-54,906,-321,biceps-curl,,,
-18,911,-367,biceps-curl,,,
12,892,-400,biceps-curl,,,
56,872,-376,biceps-curl,,,
88,876,-375,biceps-curl,,,
99,884,-418,biceps-curl,,,
126,869,-422,biceps-curl,,,
171,846,-400,biceps-curl,,,
237,826,-413,biceps-curl,,,
280,804,-408,biceps-curl,,,
295,787,-368,biceps-curl,,,
334,781,-393,biceps-curl,,,
370,752,-412,biceps-curl,,,
402,738,-364,biceps-curl,,,
422,733,-417,biceps-curl,,,
418,696,-474,biceps-curl,,,
430,672,-429,biceps-curl,,,
452,667,-351,biceps-curl,,,
471,643,-371,biceps-curl,,,
506,618,-353,biceps-curl,,,
557,587,-357,biceps-curl,,,
588,552,-342,biceps-curl,,,
612,496,-326,biceps-curl,,,
645,434,-309,biceps-curl,,,
689,380,-300,biceps-curl,,,
705,340,-421,biceps-curl,,,
718,280,-382,biceps-curl,,,
687,281,-344,biceps-curl,,,
656,328,-328,biceps-curl,,,
624,336,-368,biceps-curl,,,
624,336,-368,biceps-curl,,,
608,359,-321,biceps-curl,,,
593,406,-290,biceps-curl,,,
562,445,-340,biceps-curl,,,
509,492,-315,biceps-curl,,,
497,503,-283,biceps-curl,,,
454,532,-231,biceps-curl,,,
407,597,-244,biceps-curl,,,
367,668,-248,biceps-curl,,,
360,719,-235,biceps-curl,,,
316,753,-270,biceps-curl,,,
292,841,-187,biceps-curl,,,
270,876,-202,biceps-curl,,,
246,886,-234,biceps-curl,,,
200,922,-320,biceps-curl,,,
151,908,-257,biceps-curl,,,
104,896,-200,biceps-curl,,,
46,928,-181,biceps-curl,,,
-17,934,-186,biceps-curl,,,
-65,933,-197,biceps-curl,,,
-118,965,-147,biceps-curl,,,
-158,952,-112,biceps-curl,,,
-208,919,-112,biceps-curl,,,
-279,934,-129,biceps-curl,,,
-312,919,-36,biceps-curl,,,
-360,916,-28,biceps-curl,,,
-435,925,-82,biceps-curl,,,
-493,900,8,biceps-curl,,,
-570,885,29,biceps-curl,,,
-644,855,-16,biceps-curl,,,
-698,838,-22,biceps-curl,,,
-754,848,-17,biceps-curl,,,
-801,819,-1,biceps-curl,,,
-843,743,-13,biceps-curl,,,
-874,701,8,biceps-curl,,,
-906,697,13,biceps-curl,,,
-933,641,-37,biceps-curl,,,
-948,576,5,biceps-curl,,,
-970,544,36,biceps-curl,,,
-1009,515,24,biceps-curl,,,
-1038,480,21,biceps-curl,,,
-1032,410,5,biceps-curl,,,
-1033,381,0,biceps-curl,,,
-1040,360,32,biceps-curl,,,
-1035,307,-16,biceps-curl,,,
-998,269,-17,biceps-curl,,,
-983,249,-23,biceps-curl,,,
-969,263,-9,biceps-curl,,,
-971,245,-14,biceps-curl,,,
-879,184,32,biceps-curl,,,
-839,184,40,biceps-curl,,,
-769,192,-8,biceps-curl,,,
-784,184,-62,biceps-curl,,,
-731,161,27,biceps-curl,,,
-698,153,10,biceps-curl,,,
-645,116,37,biceps-curl,,,
-654,133,54,biceps-curl,,,
-726,143,7,biceps-curl,,,
-750,151,27,biceps-curl,,,
-745,125,99,biceps-curl,,,
-770,185,92,biceps-curl,,,
-852,200,12,biceps-curl,,,
-891,157,-2,biceps-curl,,,
-860,126,36,biceps-curl,,,
-877,102,36,biceps-curl,,,
-894,130,49,biceps-curl,,,
-874,161,67,biceps-curl,,,
-848,146,29,biceps-curl,,,
-877,131,34,biceps-curl,,,
-916,159,38,biceps-curl,,,
-958,171,37,biceps-curl,,,
-962,125,78,biceps-curl,,,
-957,91,123,biceps-curl,,,
-987,115,105,biceps-curl,,,
-1017,101,115,biceps-curl,,,
-1003,101,119,biceps-curl,,,
-1012,164,68,biceps-curl,,,
-1059,196,48,biceps-curl,,,
-1073,177,93,biceps-curl,,,
-1071,135,111,biceps-curl,,,
-1100,124,77,biceps-curl,,,
-1134,171,66,biceps-curl,,,
-1153,179,77,biceps-curl,,,
-1162,129,95,biceps-curl,,,
-1149,126,72,biceps-curl,,,
-1154,189,88,biceps-curl,,,
-1178,222,69,biceps-curl,,,
-1177,189,29,biceps-curl,,,
-1154,164,23,biceps-curl,,,
-1136,184,-2,biceps-curl,,,
-1134,213,66,biceps-curl,,,
-1133,220,60,biceps-curl,,,
-1148,185,22,biceps-curl,,,
-1131,216,51,biceps-curl,,,
-1144,181,66,biceps-curl,,,
-1145,206,76,biceps-curl,,,
-1151,194,39,biceps-curl,,,
-1144,207,-31,biceps-curl,,,
-1143,199,-12,biceps-curl,,,
-1128,192,41,biceps-curl,,,
-1119,200,56,biceps-curl,,,
-1088,192,64,biceps-curl,,,
