-639,409,-596,biceps-curl,,,
-2240,409,-418,biceps-curl,,,
-1761,-423,-148,biceps-curl,,,
-1310,-254,-1079,biceps-curl,,,
-746,-430,-829,biceps-curl,,,
-574,-71,-888,biceps-curl,,,
-85,310,-1038,biceps-curl,,,
662,799,-1328,biceps-curl,,,
-714,702,-780,biceps-curl,,,
-2000,1273,-874,biceps-curl,,,
1021,576,-2211,biceps-curl,,,
1708,-241,-886,biceps-curl,,,
167,-502,-830,biceps-curl,,,
8,-577,-835,biceps-curl,,,
98,39,-1126,biceps-curl,,,
62,65,-1020,biceps-curl,,,
80,0,-1003,biceps-curl,,,
212,-29,-974,biceps-curl,,,
247,-55,-951,biceps-curl,,,
181,-41,-1026,biceps-curl,,,
183,-128,-951,biceps-curl,,,
160,-145,-930,biceps-curl,,,
158,-154,-935,biceps-curl,,,
152,-157,-909,biceps-curl,,,
155,-142,-917,biceps-curl,,,
168,-128,-908,biceps-curl,,,
176,-128,-914,biceps-curl,,,
176,-128,-949,biceps-curl,,,
169,-115,-973,biceps-curl,,,
168,-134,-998,biceps-curl,,,
152,-120,-985,biceps-curl,,,
150,-129,-1017,biceps-curl,,,
131,-131,-1015,biceps-curl,,,
112,-112,-976,biceps-curl,,,
115,-105,-970,biceps-curl,,,
120,-96,-972,biceps-curl,,,
130,-96,-970,biceps-curl,,,
119,-102,-942,biceps-curl,,,
118,-98,-941,biceps-curl,,,
135,-111,-929,biceps-curl,,,
136,-120,-968,biceps-curl,,,
135,-112,-907,biceps-curl,,,
130,-114,-938,biceps-curl,,,
134,-125,-949,biceps-curl,,,
131,-139,-954,biceps-curl,,,
132,-140,-916,biceps-curl,,,
123,-126,-917,biceps-curl,,,
114,-120,-942,biceps-curl,,,
112,-133,-976,biceps-curl,,,
112,-150,-920,biceps-curl,,,
128,-144,-952,biceps-curl,,,
137,-103,-967,biceps-curl,,,
144,-94,-952,biceps-curl,,,
146,-88,-959,biceps-curl,,,
158,-82,-964,biceps-curl,,,
160,-60,-956,biceps-curl,,,
133,-48,-949,biceps-curl,,,
120,-64,-909,biceps-curl,,,
133,-91,-890,biceps-curl,,,
150,-82,-895,biceps-curl,,,
144,-72,-912,biceps-curl,,,
160,-81,-881,biceps-curl,,,
160,-85,-887,biceps-curl,,,
160,-72,-902,biceps-curl,,,
151,-63,-954,biceps-curl,,,
140,-44,-944,biceps-curl,,,
139,-45,-962,biceps-curl,,,
131,-48,-1003,biceps-curl,,,
116,-48,-1022,biceps-curl,,,
112,-55,-1003,biceps-curl,,,
120,-72,-961,biceps-curl,,,
113,-94,-962,biceps-curl,,,
131,-69,-981,biceps-curl,,,
148,-56,-945,biceps-curl,,,
163,-53,-980,biceps-curl,,,
172,-48,-967,biceps-curl,,,
176,-53,-971,biceps-curl,,,
171,-51,-941,biceps-curl,,,
168,-36,-940,biceps-curl,,,
161,-18,-972,biceps-curl,,,
145,-24,-968,biceps-curl,,,
120,-24,-976,biceps-curl,,,
113,-20,-979,biceps-curl,,,
114,-2,-958,biceps-curl,,,
99,-11,-982,biceps-curl,,,
108,-20,-992,biceps-curl,,,
121,-20,-996,biceps-curl,,,
123,-21,-1000,biceps-curl,,,
120,-24,-970,biceps-curl,,,
113,-38,-967,biceps-curl,,,
120,-63,-976,biceps-curl,,,
104,-40,-944,biceps-curl,,,
135,-48,-998,biceps-curl,,,
128,-56,-932,biceps-curl,,,
121,-71,-958,biceps-curl,,,
113,-72,-989,biceps-curl,,,
126,-65,-971,biceps-curl,,,
114,-71,-933,biceps-curl,,,
105,-72,-942,biceps-curl,,,
111,-85,-951,biceps-curl,,,
112,-81,-932,biceps-curl,,,
112,-74,-922,biceps-curl,,,
112,-72,-908,biceps-curl,,,
106,-78,-922,biceps-curl,,,
116,-86,-928,biceps-curl,,,
126,-82,-934,biceps-curl,,,
128,-86,-969,biceps-curl,,,
133,-93,-946,biceps-curl,,,
141,-91,-939,biceps-curl,,,
144,-83,-959,biceps-curl,,,
149,-75,-938,biceps-curl,,,
157,-82,-934,biceps-curl,,,
155,-79,-958,biceps-curl,,,
165,-76,-928,biceps-curl,,,
172,-76,-922,biceps-curl,,,
172,-72,-956,biceps-curl,,,
168,-68,-960,biceps-curl,,,
164,-64,-952,biceps-curl,,,
164,-64,-941,biceps-curl,,,
160,-68,-942,biceps-curl,,,
157,-69,-960,biceps-curl,,,
149,-67,-973,biceps-curl,,,
144,-84,-986,biceps-curl,,,
138,-101,-976,biceps-curl,,,
131,-93,-987,biceps-curl,,,
139,-83,-990,biceps-curl,,,
142,-74,-964,biceps-curl,,,
138,-82,-992,biceps-curl,,,
142,-88,-992,biceps-curl,,,
134,-90,-992,biceps-curl,,,
128,-96,-987,biceps-curl,,,
128,-98,-960,biceps-curl,,,
128,-103,-934,biceps-curl,,,
125,-96,-956,biceps-curl,,,
114,-100,-941,biceps-curl,,,
129,-121,-958,biceps-curl,,,
135,-127,-893,biceps-curl,,,
129,-120,-936,biceps-curl,,,
136,-119,-934,biceps-curl,,,
136,-105,-904,biceps-curl,,,
136,-120,-913,biceps-curl,,,
128,-128,-943,biceps-curl,,,
120,-136,-889,biceps-curl,,,
120,-144,-865,biceps-curl,,,
128,-159,-887,biceps-curl,,,
128,-153,-873,biceps-curl,,,
128,-130,-843,biceps-curl,,,
135,-135,-876,biceps-curl,,,
136,-122,-915,biceps-curl,,,
129,-113,-927,biceps-curl,,,
115,-99,-921,biceps-curl,,,
132,-103,-959,biceps-curl,,,
130,-117,-974,biceps-curl,,,
122,-126,-1001,biceps-curl,,,
114,-122,-1014,biceps-curl,,,
106,-120,-1004,biceps-curl,,,
110,-131,-994,biceps-curl,,,
123,-142,-992,biceps-curl,,,
128,-133,-970,biceps-curl,,,
133,-128,-971,biceps-curl,,,
136,-143,-961,biceps-curl,,,
126,-142,-952,biceps-curl,,,
115,-131,-952,biceps-curl,,,
117,-119,-943,biceps-curl,,,
120,-116,-905,biceps-curl,,,
120,-120,-897,biceps-curl,,,
116,-128,-900,biceps-curl,,,
112,-136,-880,biceps-curl,,,
108,-136,-826,biceps-curl,,,
97,-129,-787,biceps-curl,,,
84,-109,-793,biceps-curl,,,
87,-89,-787,biceps-curl,,,
96,-74,-798,biceps-curl,,,
93,-46,-836,biceps-curl,,,
91,-13,-892,biceps-curl,,,
99,-16,-917,biceps-curl,,,
96,-24,-941,biceps-curl,,,
78,-8,-978,biceps-curl,,,
72,-15,-1016,biceps-curl,,,
72,-30,-1071,biceps-curl,,,
66,-22,-1122,biceps-curl,,,
48,-21,-1161,biceps-curl,,,
46,-48,-1184,biceps-curl,,,
43,-86,-1149,biceps-curl,,,
53,-112,-1129,biceps-curl,,,
40,-118,-1083,biceps-curl,,,
40,-157,-1001,biceps-curl,,,
37,-198,-942,biceps-curl,,,
15,-261,-837,biceps-curl,,,
-2,-412,-619,biceps-curl,,,
-27,-566,-325,biceps-curl,,,
-91,-521,-100,biceps-curl,,,
-192,-304,16,biceps-curl,,,
-256,-8,56,biceps-curl,,,
-256,-8,56,biceps-curl,,,
-334,248,118,biceps-curl,,,
-404,408,135,biceps-curl,,,
-497,461,196,biceps-curl,,,
-526,610,477,biceps-curl,,,
-578,888,547,biceps-curl,,,
-640,1157,699,biceps-curl,,,
-593,1342,863,biceps-curl,,,
-517,1341,888,biceps-curl,,,
-517,1349,973,biceps-curl,,,
-526,1454,948,biceps-curl,,,
-522,1449,930,biceps-curl,,,
-586,1440,982,biceps-curl,,,
-637,1440,1147,biceps-curl,,,
-642,1457,1355,biceps-curl,,,
-634,1453,1344,biceps-curl,,,
-616,1421,1269,biceps-curl,,,
-576,1350,1348,biceps-curl,,,
-560,1269,1497,biceps-curl,,,
-565,1181,1527,biceps-curl,,,
-549,1120,1512,biceps-curl,,,
-541,1035,1475,biceps-curl,,,
-548,912,1381,biceps-curl,,,
-552,817,1224,biceps-curl,,,
-544,722,1003,biceps-curl,,,
-508,580,652,biceps-curl,,,
-415,404,286,biceps-curl,,,
-267,216,165,biceps-curl,,,
-116,84,260,biceps-curl,,,
-6,8,316,biceps-curl,,,
72,-25,243,biceps-curl,,,
163,29,112,biceps-curl,,,
264,79,-36,biceps-curl,,,
356,101,-150,biceps-curl,,,
447,104,-219,biceps-curl,,,
520,125,-174,biceps-curl,,,
581,134,-110,biceps-curl,,,
600,122,-163,biceps-curl,,,
626,102,-218,biceps-curl,,,
623,101,-228,biceps-curl,,,
580,127,-232,biceps-curl,,,
520,153,-184,biceps-curl,,,
436,155,-100,biceps-curl,,,
368,124,-31,biceps-curl,,,
312,105,33,biceps-curl,,,
248,116,105,biceps-curl,,,
178,156,184,biceps-curl,,,
105,208,277,biceps-curl,,,
12,323,455,biceps-curl,,,
-68,376,587,biceps-curl,,,
-194,385,682,biceps-curl,,,
-406,455,886,biceps-curl,,,
-548,736,1338,biceps-curl,,,
-833,858,1245,biceps-curl,,,
-930,909,1486,biceps-curl,,,
-965,970,1613,biceps-curl,,,
-954,1133,1517,biceps-curl,,,
-882,1124,1357,biceps-curl,,,
-742,1127,1295,biceps-curl,,,
-627,1135,1221,biceps-curl,,,
-523,1136,1162,biceps-curl,,,
-453,1161,1139,biceps-curl,,,
-397,1180,1086,biceps-curl,,,
-384,1160,1054,biceps-curl,,,
-390,1134,1072,biceps-curl,,,
-426,1099,1074,biceps-curl,,,
-490,1077,1156,biceps-curl,,,
-544,1045,1176,biceps-curl,,,
-571,1011,1184,biceps-curl,,,
-581,990,1253,biceps-curl,,,
-604,984,1332,biceps-curl,,,
-645,989,1346,biceps-curl,,,
-678,964,1317,biceps-curl,,,
-648,908,1286,biceps-curl,,,
-569,850,1242,biceps-curl,,,
-495,812,1183,biceps-curl,,,
-452,772,1108,biceps-curl,,,
-421,690,906,biceps-curl,,,
-356,580,603,biceps-curl,,,
-251,467,402,biceps-curl,,,
-133,349,344,biceps-curl,,,
-32,219,293,biceps-curl,,,
59,88,152,biceps-curl,,,
154,15,33,biceps-curl,,,
230,-11,-8,biceps-curl,,,
314,-42,-71,biceps-curl,,,
397,-69,-163,biceps-curl,,,
494,-71,-258,biceps-curl,,,
583,-59,-374,biceps-curl,,,
624,-96,-472,biceps-curl,,,
633,-113,-509,biceps-curl,,,
667,-81,-462,biceps-curl,,,
676,-47,-402,biceps-curl,,,
649,-4,-295,biceps-curl,,,
605,20,-233,biceps-curl,,,
537,45,-131,biceps-curl,,,
480,88,-31,biceps-curl,,,
407,156,56,biceps-curl,,,
305,196,150,biceps-curl,,,
212,251,344,biceps-curl,,,
134,304,496,biceps-curl,,,
56,304,480,biceps-curl,,,
-96,392,624,biceps-curl,,,
-282,516,981,biceps-curl,,,
-509,710,1076,biceps-curl,,,
-691,690,968,biceps-curl,,,
-726,586,763,biceps-curl,,,
-764,655,980,biceps-curl,,,
-880,783,1532,biceps-curl,,,
-1005,957,1738,biceps-curl,,,
-971,1011,1307,biceps-curl,,,
-901,1009,995,biceps-curl,,,
-780,1040,1128,biceps-curl,,,
-640,1079,1294,biceps-curl,,,
-511,1130,1256,biceps-curl,,,
-433,1197,1161,biceps-curl,,,
-399,1273,1222,biceps-curl,,,
-398,1307,1262,biceps-curl,,,
-427,1285,1221,biceps-curl,,,
-461,1251,1200,biceps-curl,,,
-497,1209,1236,biceps-curl,,,
-561,1177,1281,biceps-curl,,,
-630,1158,1334,biceps-curl,,,
-688,1129,1374,biceps-curl,,,
-739,1081,1362,biceps-curl,,,
-764,1047,1396,biceps-curl,,,
-764,1023,1477,biceps-curl,,,
-748,956,1396,biceps-curl,,,
-713,854,1203,biceps-curl,,,
-651,748,1065,biceps-curl,,,
-587,653,919,biceps-curl,,,
-533,544,674,biceps-curl,,,
-451,388,400,biceps-curl,,,
-326,233,231,biceps-curl,,,
-188,118,158,biceps-curl,,,
-76,42,149,biceps-curl,,,
28,-39,91,biceps-curl,,,
140,-83,-8,biceps-curl,,,
238,-77,-204,biceps-curl,,,
285,-103,-429,biceps-curl,,,
345,-134,-596,biceps-curl,,,
438,-100,-681,biceps-curl,,,
490,-98,-756,biceps-curl,,,
495,-143,-682,biceps-curl,,,
480,-168,-520,biceps-curl,,,
432,-119,-342,biceps-curl,,,
375,-52,-226,biceps-curl,,,
305,41,-110,biceps-curl,,,
242,125,56,biceps-curl,,,
178,181,235,biceps-curl,,,
92,252,493,biceps-curl,,,
15,320,597,biceps-curl,,,
-33,321,491,biceps-curl,,,
-151,383,789,biceps-curl,,,
-377,539,1103,biceps-curl,,,
-582,803,1393,biceps-curl,,,
-786,660,1065,biceps-curl,,,
-880,699,982,biceps-curl,,,
-917,840,1162,biceps-curl,,,
-941,870,1463,biceps-curl,,,
-910,961,1627,biceps-curl,,,
-817,1043,1495,biceps-curl,,,
-748,1095,1230,biceps-curl,,,
-653,1117,1163,biceps-curl,,,
-570,1126,1210,biceps-curl,,,
-504,1194,1290,biceps-curl,,,
-482,1257,1288,biceps-curl,,,
-486,1289,1217,biceps-curl,,,
-499,1268,1175,biceps-curl,,,
-526,1261,1238,biceps-curl,,,
-573,1243,1330,biceps-curl,,,
-648,1212,1335,biceps-curl,,,
-724,1165,1315,biceps-curl,,,
-781,1115,1341,biceps-curl,,,
-832,1077,1383,biceps-curl,,,
-865,1060,1449,biceps-curl,,,
-868,1017,1492,biceps-curl,,,
-864,942,1463,biceps-curl,,,
-860,880,1376,biceps-curl,,,
-825,806,1120,biceps-curl,,,
-722,711,897,biceps-curl,,,
-598,646,856,biceps-curl,,,
-537,540,644,biceps-curl,,,
-477,318,295,biceps-curl,,,
-333,111,100,biceps-curl,,,
-180,12,44,biceps-curl,,,
-77,-38,-1,biceps-curl,,,
10,-77,-74,biceps-curl,,,
116,-102,-196,biceps-curl,,,
220,-116,-423,biceps-curl,,,
289,-179,-651,biceps-curl,,,
356,-214,-825,biceps-curl,,,
421,-239,-926,biceps-curl,,,
447,-269,-900,biceps-curl,,,
472,-273,-776,biceps-curl,,,
459,-201,-539,biceps-curl,,,
381,-156,-367,biceps-curl,,,
308,-79,-203,biceps-curl,,,
216,-7,-49,biceps-curl,,,
144,71,16,biceps-curl,,,
55,147,107,biceps-curl,,,
-71,197,273,biceps-curl,,,
-211,294,621,biceps-curl,,,
-320,488,1056,biceps-curl,,,
-512,480,728,biceps-curl,,,
-644,449,573,biceps-curl,,,
-808,440,888,biceps-curl,,,
-1062,745,1388,biceps-curl,,,
-1335,899,1555,biceps-curl,,,
-1424,1019,1597,biceps-curl,,,
-1453,1025,1342,biceps-curl,,,
-1313,1079,1277,biceps-curl,,,
-1128,1168,1352,biceps-curl,,,
-998,1171,1335,biceps-curl,,,
-817,1206,1271,biceps-curl,,,
-689,1284,1194,biceps-curl,,,
-604,1334,1236,biceps-curl,,,
-560,1391,1268,biceps-curl,,,
-541,1379,1226,biceps-curl,,,
-575,1323,1141,biceps-curl,,,
-635,1266,1139,biceps-curl,,,
-688,1211,1178,biceps-curl,,,
-750,1167,1228,biceps-curl,,,
-840,1137,1258,biceps-curl,,,
-942,1104,1240,biceps-curl,,,
-1003,1069,1321,biceps-curl,,,
-1020,1038,1419,biceps-curl,,,
-1007,1002,1436,biceps-curl,,,
-959,951,1428,biceps-curl,,,
-916,896,1392,biceps-curl,,,
-866,841,1272,biceps-curl,,,
-761,786,1095,biceps-curl,,,
-646,714,908,biceps-curl,,,
-558,575,694,biceps-curl,,,
-480,364,447,biceps-curl,,,
-371,170,216,biceps-curl,,,
-234,76,80,biceps-curl,,,
-135,37,8,biceps-curl,,,
-38,24,-58,biceps-curl,,,
61,-16,-155,biceps-curl,,,
148,-88,-259,biceps-curl,,,
223,-134,-438,biceps-curl,,,
298,-164,-703,biceps-curl,,,
323,-209,-952,biceps-curl,,,
320,-235,-1048,biceps-curl,,,
372,-216,-951,biceps-curl,,,
316,-219,-776,biceps-curl,,,
287,-227,-590,biceps-curl,,,
225,-192,-422,biceps-curl,,,
168,-124,-277,biceps-curl,,,
100,-16,-106,biceps-curl,,,
58,68,52,biceps-curl,,,
-28,124,219,biceps-curl,,,
-114,193,439,biceps-curl,,,
-185,224,416,biceps-curl,,,
-287,208,456,biceps-curl,,,
-459,418,1194,biceps-curl,,,
-700,538,1186,biceps-curl,,,
-891,559,901,biceps-curl,,,
-955,735,1011,biceps-curl,,,
-1060,952,1852,biceps-curl,,,
-1484,1151,2329,biceps-curl,,,
-1462,1142,1654,biceps-curl,,,
-1275,1343,1435,biceps-curl,,,
-928,1384,1527,biceps-curl,,,
-646,1130,1431,biceps-curl,,,
-406,1021,1264,biceps-curl,,,
-267,1093,1139,biceps-curl,,,
-240,1191,1071,biceps-curl,,,
-297,1193,1016,biceps-curl,,,
-359,1117,1033,biceps-curl,,,
-387,1061,1102,biceps-curl,,,
-418,1037,1144,biceps-curl,,,
-473,1027,1076,biceps-curl,,,
-545,1024,1101,biceps-curl,,,
-619,1043,1268,biceps-curl,,,
-708,1061,1426,biceps-curl,,,
-806,1051,1435,biceps-curl,,,
-861,1057,1391,biceps-curl,,,
-897,1068,1442,biceps-curl,,,
-948,1036,1508,biceps-curl,,,
-976,977,1447,biceps-curl,,,
-954,915,1324,biceps-curl,,,
-893,845,1219,biceps-curl,,,
-801,773,1135,biceps-curl,,,
-691,704,1051,biceps-curl,,,
-572,619,939,biceps-curl,,,
-450,528,791,biceps-curl,,,
-351,453,556,biceps-curl,,,
-249,380,452,biceps-curl,,,
-144,268,337,biceps-curl,,,
-61,150,228,biceps-curl,,,
33,34,153,biceps-curl,,,
120,-48,63,biceps-curl,,,
173,-50,-65,biceps-curl,,,
195,-66,-278,biceps-curl,,,
215,-105,-469,biceps-curl,,,
259,-111,-543,biceps-curl,,,
314,-103,-655,biceps-curl,,,
338,-100,-887,biceps-curl,,,
410,-140,-935,biceps-curl,,,
420,-247,-919,biceps-curl,,,
379,-322,-815,biceps-curl,,,
309,-340,-685,biceps-curl,,,
254,-255,-467,biceps-curl,,,
176,-224,-304,biceps-curl,,,
128,-152,-104,biceps-curl,,,
128,-152,-104,biceps-curl,,,
81,-74,98,biceps-curl,,,
34,4,279,biceps-curl,,,
25,105,340,biceps-curl,,,
-20,119,300,biceps-curl,,,
-110,163,310,biceps-curl,,,
-253,315,759,biceps-curl,,,
-443,616,1247,biceps-curl,,,
-572,584,1000,biceps-curl,,,
-852,561,988,biceps-curl,,,
-1033,776,1260,biceps-curl,,,
-1268,1086,1917,biceps-curl,,,
-1449,1214,2245,biceps-curl,,,
-1359,1250,1937,biceps-curl,,,
-1140,1308,1568,biceps-curl,,,
-849,1339,1517,biceps-curl,,,
-557,1382,1585,biceps-curl,,,
-301,1463,1540,biceps-curl,,,
-180,1491,1397,biceps-curl,,,
-219,1468,1336,biceps-curl,,,
-352,1408,1336,biceps-curl,,,
-509,1307,1336,biceps-curl,,,
-643,1193,1332,biceps-curl,,,
-731,1118,1380,biceps-curl,,,
-802,1071,1445,biceps-curl,,,
-872,1012,1380,biceps-curl,,,
-900,968,1288,biceps-curl,,,
-878,916,1273,biceps-curl,,,
-845,811,1260,biceps-curl,,,
-819,700,1205,biceps-curl,,,
-768,614,1104,biceps-curl,,,
-686,576,1053,biceps-curl,,,
-594,561,1010,biceps-curl,,,
-501,531,922,biceps-curl,,,
-425,504,839,biceps-curl,,,
-344,448,672,biceps-curl,,,
-229,374,438,biceps-curl,,,
-80,315,316,biceps-curl,,,
61,255,287,biceps-curl,,,
179,142,120,biceps-curl,,,
297,9,-14,biceps-curl,,,
405,-52,-15,biceps-curl,,,
471,-65,-71,biceps-curl,,,
500,-32,-199,biceps-curl,,,
478,-45,-307,biceps-curl,,,
464,-145,-451,biceps-curl,,,
459,-225,-547,biceps-curl,,,
409,-244,-579,biceps-curl,,,
416,-309,-616,biceps-curl,,,
415,-416,-615,biceps-curl,,,
368,-423,-591,biceps-curl,,,
328,-329,-497,biceps-curl,,,
281,-212,-395,biceps-curl,,,
204,-117,-293,biceps-curl,,,
111,-30,-146,biceps-curl,,,
-5,42,24,biceps-curl,,,
-59,127,226,biceps-curl,,,
-113,269,597,biceps-curl,,,
-154,486,764,biceps-curl,,,
-213,580,731,biceps-curl,,,
-380,631,668,biceps-curl,,,
-638,583,675,biceps-curl,,,
-832,711,915,biceps-curl,,,
-1035,897,984,biceps-curl,,,
-1159,1068,1413,biceps-curl,,,
-1339,1227,1740,biceps-curl,,,
-1328,1356,1608,biceps-curl,,,
-1128,1452,1336,biceps-curl,,,
-885,1512,1327,biceps-curl,,,
-708,1523,1404,biceps-curl,,,
-572,1584,1380,biceps-curl,,,
-482,1686,1409,biceps-curl,,,
-451,1728,1402,biceps-curl,,,
-479,1679,1314,biceps-curl,,,
-521,1593,1276,biceps-curl,,,
-561,1527,1347,biceps-curl,,,
-628,1456,1360,biceps-curl,,,
-726,1366,1285,biceps-curl,,,
-802,1291,1267,biceps-curl,,,
-831,1214,1301,biceps-curl,,,
-840,1140,1382,biceps-curl,,,
-840,1086,1424,biceps-curl,,,
-837,1030,1336,biceps-curl,,,
-809,980,1269,biceps-curl,,,
-743,895,1154,biceps-curl,,,
-660,759,941,biceps-curl,,,
-565,638,892,biceps-curl,,,
-504,508,708,biceps-curl,,,
-426,323,401,biceps-curl,,,
-287,158,124,biceps-curl,,,
-162,102,79,biceps-curl,,,
-73,84,23,biceps-curl,,,
-7,21,-100,biceps-curl,,,
41,-72,-252,biceps-curl,,,
96,-119,-434,biceps-curl,,,
152,-165,-716,biceps-curl,,,
202,-197,-971,biceps-curl,,,
159,-186,-1066,biceps-curl,,,
237,-289,-1080,biceps-curl,,,
304,-304,-961,biceps-curl,,,
313,-310,-810,biceps-curl,,,
344,-240,-616,biceps-curl,,,
392,-136,-440,biceps-curl,,,
392,-120,-324,biceps-curl,,,
415,-74,-122,biceps-curl,,,
409,-35,-23,biceps-curl,,,
335,63,108,biceps-curl,,,
285,193,377,biceps-curl,,,
273,285,464,biceps-curl,,,
252,194,342,biceps-curl,,,
181,149,480,biceps-curl,,,
83,385,1137,biceps-curl,,,
-95,573,994,biceps-curl,,,
-167,496,759,biceps-curl,,,
-291,440,851,biceps-curl,,,
-487,620,1049,biceps-curl,,,
-573,740,1058,biceps-curl,,,
-617,727,1168,biceps-curl,,,
-692,755,1408,biceps-curl,,,
-767,960,1580,biceps-curl,,,
-812,1132,1446,biceps-curl,,,
-794,1141,1290,biceps-curl,,,
-719,1115,1323,biceps-curl,,,
-606,1181,1340,biceps-curl,,,
-485,1268,1271,biceps-curl,,,
-415,1326,1279,biceps-curl,,,
-396,1385,1349,biceps-curl,,,
-400,1408,1372,biceps-curl,,,
-412,1408,1368,biceps-curl,,,
-427,1394,1361,biceps-curl,,,
-458,1350,1345,biceps-curl,,,
-510,1315,1349,biceps-curl,,,
-578,1273,1381,biceps-curl,,,
-644,1225,1461,biceps-curl,,,
-714,1177,1566,biceps-curl,,,
-776,1114,1584,biceps-curl,,,
-818,1059,1577,biceps-curl,,,
-835,996,1462,biceps-curl,,,
-806,885,1294,biceps-curl,,,
-737,793,1201,biceps-curl,,,
-656,699,1029,biceps-curl,,,
-588,565,806,biceps-curl,,,
-490,376,437,biceps-curl,,,
-348,193,175,biceps-curl,,,
-203,33,21,biceps-curl,,,
-83,-96,-39,biceps-curl,,,
1,-199,-83,biceps-curl,,,
71,-247,-114,biceps-curl,,,
132,-239,-210,biceps-curl,,,
169,-228,-321,biceps-curl,,,
185,-172,-453,biceps-curl,,,
200,-243,-559,biceps-curl,,,
216,-328,-535,biceps-curl,,,
240,-344,-441,biceps-curl,,,
271,-328,-347,biceps-curl,,,
310,-305,-199,biceps-curl,,,
334,-222,-73,biceps-curl,,,
307,-128,2,biceps-curl,,,
261,-41,79,biceps-curl,,,
235,17,151,biceps-curl,,,
191,58,242,biceps-curl,,,
97,124,403,biceps-curl,,,
-5,162,543,biceps-curl,,,
-88,155,568,biceps-curl,,,
-203,183,704,biceps-curl,,,
-353,343,1034,biceps-curl,,,
-574,633,1210,biceps-curl,,,
-777,697,1108,biceps-curl,,,
-971,682,1251,biceps-curl,,,
-1135,918,1590,biceps-curl,,,
-1205,1284,1696,biceps-curl,,,
-1185,1426,1724,biceps-curl,,,
-1035,1402,1823,biceps-curl,,,
-823,1542,1772,biceps-curl,,,
-630,1741,1579,biceps-curl,,,
-458,1830,1546,biceps-curl,,,
-384,1783,1605,biceps-curl,,,
-405,1670,1604,biceps-curl,,,
-444,1568,1556,biceps-curl,,,
-468,1478,1478,biceps-curl,,,
-505,1399,1480,biceps-curl,,,
-604,1332,1568,biceps-curl,,,
-710,1269,1564,biceps-curl,,,
-775,1200,1507,biceps-curl,,,
-811,1152,1588,biceps-curl,,,
-828,1123,1642,biceps-curl,,,
-837,1023,1435,biceps-curl,,,
-798,902,1205,biceps-curl,,,
-726,807,1001,biceps-curl,,,
-621,687,801,biceps-curl,,,
-533,565,586,biceps-curl,,,
-449,347,323,biceps-curl,,,
-336,143,166,biceps-curl,,,
-257,-23,69,biceps-curl,,,
-147,-109,-85,biceps-curl,,,
-47,-96,-175,biceps-curl,,,
1,-121,-182,biceps-curl,,,
15,-279,-297,biceps-curl,,,
68,-384,-533,biceps-curl,,,
115,-385,-648,biceps-curl,,,
232,-390,-727,biceps-curl,,,
234,-366,-711,biceps-curl,,,
265,-327,-693,biceps-curl,,,
288,-304,-600,biceps-curl,,,
304,-280,-480,biceps-curl,,,
304,-280,-480,biceps-curl,,,
312,-226,-301,biceps-curl,,,
274,-156,-197,biceps-curl,,,
220,-33,-147,biceps-curl,,,
187,64,16,biceps-curl,,,
184,122,103,biceps-curl,,,
114,149,307,biceps-curl,,,
2,200,568,biceps-curl,,,
-76,301,835,biceps-curl,,,
-101,411,958,biceps-curl,,,
-168,476,970,biceps-curl,,,
-395,593,956,biceps-curl,,,
-577,666,1302,biceps-curl,,,
-740,892,1681,biceps-curl,,,
-876,1100,1730,biceps-curl,,,
-890,1163,1578,biceps-curl,,,
-815,1173,1672,biceps-curl,,,
-674,1192,1797,biceps-curl,,,
-524,1261,1768,biceps-curl,,,
-388,1321,1652,biceps-curl,,,
-264,1346,1519,biceps-curl,,,
-184,1347,1487,biceps-curl,,,
-160,1317,1540,biceps-curl,,,
-177,1279,1512,biceps-curl,,,
-225,1231,1443,biceps-curl,,,
-288,1176,1464,biceps-curl,,,
-374,1133,1550,biceps-curl,,,
-484,1094,1641,biceps-curl,,,
-569,1058,1656,biceps-curl,,,
-607,1033,1640,biceps-curl,,,
-622,1011,1682,biceps-curl,,,
-635,974,1678,biceps-curl,,,
-643,898,1575,biceps-curl,,,
-629,778,1330,biceps-curl,,,
-558,676,1037,biceps-curl,,,
-454,584,840,biceps-curl,,,
-353,473,657,biceps-curl,,,
-275,327,480,biceps-curl,,,
-204,163,339,biceps-curl,,,
-152,58,219,biceps-curl,,,
-86,0,79,biceps-curl,,,
-45,-36,-98,biceps-curl,,,
-29,-69,-208,biceps-curl,,,
-10,-144,-388,biceps-curl,,,
33,-194,-527,biceps-curl,,,
96,-217,-701,biceps-curl,,,
100,-296,-822,biceps-curl,,,
147,-379,-962,biceps-curl,,,
181,-423,-867,biceps-curl,,,
119,-406,-610,biceps-curl,,,
88,-343,-422,biceps-curl,,,
72,-265,-186,biceps-curl,,,
41,-202,-68,biceps-curl,,,
10,-86,126,biceps-curl,,,
1,84,345,biceps-curl,,,
-51,249,732,biceps-curl,,,
-127,414,896,biceps-curl,,,
-206,334,828,biceps-curl,,,
-243,388,1219,biceps-curl,,,
-548,673,1155,biceps-curl,,,
-764,748,1200,biceps-curl,,,
-870,822,1146,biceps-curl,,,
-975,927,1209,biceps-curl,,,
-1163,1049,1697,biceps-curl,,,
-1304,1156,1883,biceps-curl,,,
-1279,1098,1547,biceps-curl,,,
-1150,1103,1447,biceps-curl,,,
-893,1169,1632,biceps-curl,,,
-692,1229,1628,biceps-curl,,,
-579,1294,1553,biceps-curl,,,
-470,1399,1664,biceps-curl,,,
-429,1486,1696,biceps-curl,,,
-478,1484,1659,biceps-curl,,,
-557,1442,1660,biceps-curl,,,
-652,1394,1673,biceps-curl,,,
-775,1339,1651,biceps-curl,,,
-900,1276,1580,biceps-curl,,,
-983,1228,1605,biceps-curl,,,
-1037,1187,1702,biceps-curl,,,
-1093,1124,1710,biceps-curl,,,
-1120,1054,1614,biceps-curl,,,
-1097,973,1438,biceps-curl,,,
-1021,899,1383,biceps-curl,,,
-929,818,1362,biceps-curl,,,
-836,681,1047,biceps-curl,,,
-692,498,676,biceps-curl,,,
-556,273,318,biceps-curl,,,
-431,96,179,biceps-curl,,,
-357,1,200,biceps-curl,,,
-324,-67,101,biceps-curl,,,
-303,-175,-209,biceps-curl,,,
-262,-254,-526,biceps-curl,,,
-218,-249,-688,biceps-curl,,,
-196,-261,-788,biceps-curl,,,
-198,-314,-955,biceps-curl,,,
-92,-480,-1110,biceps-curl,,,
-67,-590,-1076,biceps-curl,,,
-87,-565,-897,biceps-curl,,,
-78,-444,-732,biceps-curl,,,
-54,-282,-558,biceps-curl,,,
-24,-167,-352,biceps-curl,,,
-24,-120,-80,biceps-curl,,,
-72,-72,272,biceps-curl,,,
-126,29,412,biceps-curl,,,
-181,161,545,biceps-curl,,,
-281,205,604,biceps-curl,,,
-448,208,506,biceps-curl,,,
-621,294,1117,biceps-curl,,,
-982,646,1492,biceps-curl,,,
-1237,676,1427,biceps-curl,,,
-1172,605,1195,biceps-curl,,,
-1224,781,1725,biceps-curl,,,
-1354,1015,2301,biceps-curl,,,
-1272,1188,2205,biceps-curl,,,
-1065,1284,1896,biceps-curl,,,
-837,1351,1869,biceps-curl,,,
-639,1397,1922,biceps-curl,,,
-478,1503,1864,biceps-curl,,,
-367,1620,1735,biceps-curl,,,
-347,1609,1656,biceps-curl,,,
-367,1513,1671,biceps-curl,,,
-435,1418,1624,biceps-curl,,,
-515,1341,1579,biceps-curl,,,
-581,1261,1581,biceps-curl,,,
-662,1175,1566,biceps-curl,,,
-756,1114,1539,biceps-curl,,,
-821,1096,1578,biceps-curl,,,
-860,1080,1644,biceps-curl,,,
-907,1037,1637,biceps-curl,,,
-925,975,1586,biceps-curl,,,
-884,929,1539,biceps-curl,,,
-814,890,1478,biceps-curl,,,
-752,816,1336,biceps-curl,,,
-710,710,1097,biceps-curl,,,
-651,549,837,biceps-curl,,,
-567,363,541,biceps-curl,,,
-463,185,300,biceps-curl,,,
-349,59,195,biceps-curl,,,
-281,-33,92,biceps-curl,,,
-241,-124,-34,biceps-curl,,,
-156,-218,-161,biceps-curl,,,
-87,-276,-324,biceps-curl,,,
-49,-288,-579,biceps-curl,,,
-31,-289,-795,biceps-curl,,,
-43,-317,-901,biceps-curl,,,
62,-425,-997,biceps-curl,,,
46,-432,-902,biceps-curl,,,
32,-426,-644,biceps-curl,,,
31,-365,-403,biceps-curl,,,
24,-247,-262,biceps-curl,,,
24,-124,-112,biceps-curl,,,
15,-39,56,biceps-curl,,,
-25,9,314,biceps-curl,,,
-103,87,518,biceps-curl,,,
-182,104,761,biceps-curl,,,
-184,150,852,biceps-curl,,,
-162,219,931,biceps-curl,,,
-408,377,1118,biceps-curl,,,
-525,456,1314,biceps-curl,,,
-634,415,1224,biceps-curl,,,
-737,647,1433,biceps-curl,,,
-839,915,1972,biceps-curl,,,
-928,1051,2293,biceps-curl,,,
-925,1186,2071,biceps-curl,,,
-815,1284,1765,biceps-curl,,,
-627,1334,1871,biceps-curl,,,
-429,1356,1922,biceps-curl,,,
-296,1371,1800,biceps-curl,,,
-219,1393,1557,biceps-curl,,,
-173,1405,1564,biceps-curl,,,
-197,1376,1619,biceps-curl,,,
-272,1309,1532,biceps-curl,,,
-348,1250,1485,biceps-curl,,,
-443,1218,1498,biceps-curl,,,
-544,1189,1569,biceps-curl,,,
-620,1158,1594,biceps-curl,,,
-674,1109,1572,biceps-curl,,,
-704,1051,1539,biceps-curl,,,
-716,980,1492,biceps-curl,,,
-716,905,1445,biceps-curl,,,
-690,817,1398,biceps-curl,,,
-629,696,1256,biceps-curl,,,
-540,567,1010,biceps-curl,,,
-441,446,819,biceps-curl,,,
-344,344,673,biceps-curl,,,
-242,234,535,biceps-curl,,,
-151,111,390,biceps-curl,,,
-78,16,236,biceps-curl,,,
-7,-26,108,biceps-curl,,,
43,-62,-24,biceps-curl,,,
72,-107,-176,biceps-curl,,,
84,-148,-276,biceps-curl,,,
145,-189,-316,biceps-curl,,,
248,-201,-338,biceps-curl,,,
315,-179,-400,biceps-curl,,,
343,-208,-516,biceps-curl,,,
422,-299,-583,biceps-curl,,,
455,-358,-622,biceps-curl,,,
445,-336,-597,biceps-curl,,,
412,-268,-493,biceps-curl,,,
375,-230,-377,biceps-curl,,,
360,-199,-286,biceps-curl,,,
351,-173,-243,biceps-curl,,,
312,-88,-64,biceps-curl,,,
224,16,104,biceps-curl,,,
224,16,104,biceps-curl,,,
170,109,321,biceps-curl,,,
107,203,579,biceps-curl,,,
44,215,495,biceps-curl,,,
-84,223,466,biceps-curl,,,
-274,395,885,biceps-curl,,,
-540,667,1048,biceps-curl,,,
-672,670,1016,biceps-curl,,,
-788,684,1081,biceps-curl,,,
-964,851,1376,biceps-curl,,,
-1178,1079,1510,biceps-curl,,,
-1218,1184,1503,biceps-curl,,,
-1089,1200,1405,biceps-curl,,,
-936,1212,1423,biceps-curl,,,
-810,1336,1497,biceps-curl,,,
-687,1468,1537,biceps-curl,,,
-551,1569,1495,biceps-curl,,,
-457,1626,1483,biceps-curl,,,
-427,1660,1564,biceps-curl,,,
-454,1613,1578,biceps-curl,,,
-515,1499,1527,biceps-curl,,,
-604,1369,1458,biceps-curl,,,
-702,1245,1415,biceps-curl,,,
-800,1145,1438,biceps-curl,,,
-885,1062,1456,biceps-curl,,,
-932,968,1416,biceps-curl,,,
-913,885,1396,biceps-curl,,,
-869,849,1463,biceps-curl,,,
-881,805,1443,biceps-curl,,,
-885,716,1208,biceps-curl,,,
-793,633,1064,biceps-curl,,,
-666,588,1063,biceps-curl,,,
-557,539,882,biceps-curl,,,
-455,433,600,biceps-curl,,,
-329,274,353,biceps-curl,,,
-205,107,207,biceps-curl,,,
-110,-46,87,biceps-curl,,,
10,-126,30,biceps-curl,,,
118,-132,-123,biceps-curl,,,
158,-100,-356,biceps-curl,,,
160,-133,-579,biceps-curl,,,
196,-225,-778,biceps-curl,,,
233,-256,-920,biceps-curl,,,
314,-231,-868,biceps-curl,,,
280,-319,-770,biceps-curl,,,
281,-308,-548,biceps-curl,,,
289,-270,-369,biceps-curl,,,
293,-244,-208,biceps-curl,,,
254,-179,-89,biceps-curl,,,
214,-85,54,biceps-curl,,,
160,1,241,biceps-curl,,,
144,55,359,biceps-curl,,,
97,56,476,biceps-curl,,,
12,208,914,biceps-curl,,,
-119,365,936,biceps-curl,,,
-288,471,819,biceps-curl,,,
-540,516,879,biceps-curl,,,
-652,625,1251,biceps-curl,,,
-828,749,1195,biceps-curl,,,
-889,801,1223,biceps-curl,,,
-916,841,1362,biceps-curl,,,
-1028,956,1602,biceps-curl,,,
-1037,1077,1619,biceps-curl,,,
-966,1176,1403,biceps-curl,,,
-844,1194,1283,biceps-curl,,,
-705,1186,1316,biceps-curl,,,
-553,1212,1353,biceps-curl,,,
-417,1294,1333,biceps-curl,,,
-334,1370,1315,biceps-curl,,,
-317,1402,1363,biceps-curl,,,
-310,1418,1402,biceps-curl,,,
-347,1438,1365,biceps-curl,,,
-427,1425,1327,biceps-curl,,,
-518,1404,1392,biceps-curl,,,
-603,1391,1470,biceps-curl,,,
-669,1376,1496,biceps-curl,,,
-700,1352,1504,biceps-curl,,,
-712,1309,1481,biceps-curl,,,
-716,1221,1386,biceps-curl,,,
-694,1113,1262,biceps-curl,,,
-648,1024,1195,biceps-curl,,,
-613,917,1144,biceps-curl,,,
-593,782,961,biceps-curl,,,
-536,650,712,biceps-curl,,,
-447,546,593,biceps-curl,,,
-361,418,407,biceps-curl,,,
-285,253,226,biceps-curl,,,
-197,113,118,biceps-curl,,,
-100,39,110,biceps-curl,,,
0,-18,57,biceps-curl,,,
90,-52,-106,biceps-curl,,,
172,-69,-204,biceps-curl,,,
267,-81,-359,biceps-curl,,,
369,-51,-435,biceps-curl,,,
460,-78,-470,biceps-curl,,,
504,-162,-372,biceps-curl,,,
679,-168,-409,biceps-curl,,,
739,-98,-476,biceps-curl,,,
771,-33,-436,biceps-curl,,,
818,59,-382,biceps-curl,,,
865,112,-352,biceps-curl,,,
904,96,-344,biceps-curl,,,
928,56,-344,biceps-curl,,,
959,64,-290,biceps-curl,,,
975,94,-258,biceps-curl,,,
1006,103,-204,biceps-curl,,,
979,119,-200,biceps-curl,,,
969,113,-221,biceps-curl,,,
947,112,-231,biceps-curl,,,
944,105,-218,biceps-curl,,,
944,111,-176,biceps-curl,,,
937,112,-148,biceps-curl,,,
955,106,-131,biceps-curl,,,
960,85,-196,biceps-curl,,,
972,62,-228,biceps-curl,,,
970,68,-185,biceps-curl,,,
968,83,-168,biceps-curl,,,
974,94,-174,biceps-curl,,,
987,91,-192,biceps-curl,,,
997,77,-189,biceps-curl,,,
995,82,-164,biceps-curl,,,
1002,98,-177,biceps-curl,,,
998,94,-192,biceps-curl,,,
978,69,-211,biceps-curl,,,
950,52,-220,biceps-curl,,,
923,61,-194,biceps-curl,,,
891,84,-118,biceps-curl,,,
852,172,32,biceps-curl,,,
847,290,17,biceps-curl,,,
864,266,-119,biceps-curl,,,
846,135,-58,biceps-curl,,,
831,79,104,biceps-curl,,,
869,62,250,biceps-curl,,,
930,-71,278,biceps-curl,,,
945,-311,114,biceps-curl,,,
904,-511,-33,biceps-curl,,,
867,-566,-145,biceps-curl,,,
841,-457,-299,biceps-curl,,,
819,-327,-342,biceps-curl,,,
846,-190,-332,biceps-curl,,,
828,-100,-334,biceps-curl,,,
779,-110,-405,biceps-curl,,,
723,-99,-530,biceps-curl,,,
665,-80,-645,biceps-curl,,,
623,-77,-701,biceps-curl,,,
571,-62,-687,biceps-curl,,,
539,-34,-700,biceps-curl,,,
499,74,-849,biceps-curl,,,
455,156,-924,biceps-curl,,,
439,127,-897,biceps-curl,,,
431,222,-1018,biceps-curl,,,
408,334,-1055,biceps-curl,,,
424,255,-1023,biceps-curl,,,
456,193,-953,biceps-curl,,,
510,215,-890,biceps-curl,,,
542,323,-956,biceps-curl,,,
522,477,-1012,biceps-curl,,,
447,517,-1001,biceps-curl,,,
390,449,-979,biceps-curl,,,
342,356,-892,biceps-curl,,,
288,426,-989,biceps-curl,,,
213,487,-1015,biceps-curl,,,
148,359,-1094,biceps-curl,,,
104,201,-1118,biceps-curl,,,
53,118,-1077,biceps-curl,,,
22,128,-1046,biceps-curl,,,
-8,89,-1028,biceps-curl,,,
-62,3,-1001,biceps-curl,,,
-119,-24,-1025,biceps-curl,,,
-185,30,-1067,biceps-curl,,,
-240,30,-1038,biceps-curl,,,
-266,-45,-1011,biceps-curl,,,
-277,-105,-993,biceps-curl,,,
-280,-120,-989,biceps-curl,,,
-280,-101,-983,biceps-curl,,,
-280,-97,-949,biceps-curl,,,
-271,-104,-915,biceps-curl,,,
-260,-121,-908,biceps-curl,,,
-256,-152,-920,biceps-curl,,,
-244,-164,-924,biceps-curl,,,
-221,-153,-913,biceps-curl,,,
-204,-140,-904,biceps-curl,,,
-190,-139,-907,biceps-curl,,,
-170,-150,-918,biceps-curl,,,
-154,-160,-931,biceps-curl,,,
-141,-151,-933,biceps-curl,,,
-131,-131,-928,biceps-curl,,,
-120,-125,-933,biceps-curl,,,
-120,-138,-949,biceps-curl,,,
-120,-146,-958,biceps-curl,,,
-122,-148,-950,biceps-curl,,,
-128,-138,-942,biceps-curl,,,
-128,-148,-938,biceps-curl,,,
-130,-158,-952,biceps-curl,,,
-136,-151,-981,biceps-curl,,,
-137,-145,-971,biceps-curl,,,
-142,-154,-975,biceps-curl,,,
-129,-164,-922,biceps-curl,,,
-135,-131,-934,biceps-curl,,,
-129,-89,-921,biceps-curl,,,
-135,-97,-929,biceps-curl,,,
-128,-104,-945,biceps-curl,,,
-120,-104,-968,biceps-curl,,,
-104,-96,-960,biceps-curl,,,
