404,583,-694,lateral-raise,,,
1287,1315,-975,lateral-raise,,,
-532,1431,-800,lateral-raise,,,
-776,975,-685,lateral-raise,,,
-451,1029,-811,lateral-raise,,,
-211,610,-688,lateral-raise,,,
128,738,-679,lateral-raise,,,
80,891,-623,lateral-raise,,,
-437,463,-699,lateral-raise,,,
755,811,-687,lateral-raise,,,
1654,1592,-965,lateral-raise,,,
2544,-248,264,lateral-raise,,,
923,-873,-237,lateral-raise,,,
1465,203,-533,lateral-raise,,,
1288,385,-518,lateral-raise,,,
640,-137,-512,lateral-raise,,,
494,-222,-446,lateral-raise,,,
578,-126,-418,lateral-raise,,,
612,62,-399,lateral-raise,,,
684,135,-369,lateral-raise,,,
690,152,-338,lateral-raise,,,
723,180,-258,lateral-raise,,,
728,199,-187,lateral-raise,,,
778,267,-173,lateral-raise,,,
831,347,-282,lateral-raise,,,
887,427,-335,lateral-raise,,,
895,447,-221,lateral-raise,,,
834,480,-63,lateral-raise,,,
800,538,23,lateral-raise,,,
845,594,43,lateral-raise,,,
953,655,-17,lateral-raise,,,
1010,609,-54,lateral-raise,,,
1029,525,-36,lateral-raise,,,
1098,483,-32,lateral-raise,,,
1168,432,32,lateral-raise,,,
1181,334,48,lateral-raise,,,
1165,378,251,lateral-raise,,,
1289,312,-31,lateral-raise,,,
1354,304,-70,lateral-raise,,,
1361,319,-11,lateral-raise,,,
1280,498,-194,lateral-raise,,,
1101,531,-534,lateral-raise,,,
1131,355,-243,lateral-raise,,,
1299,248,132,lateral-raise,,,
1378,183,59,lateral-raise,,,
1338,199,-121,lateral-raise,,,
1333,177,-21,lateral-raise,,,
1273,211,58,lateral-raise,,,
1271,227,111,lateral-raise,,,
1213,203,43,lateral-raise,,,
1130,195,41,lateral-raise,,,
1069,211,67,lateral-raise,,,
1031,238,17,lateral-raise,,,
993,191,-74,lateral-raise,,,
946,172,28,lateral-raise,,,
962,202,52,lateral-raise,,,
924,186,85,lateral-raise,,,
920,184,0,lateral-raise,,,
902,170,80,lateral-raise,,,
874,195,72,lateral-raise,,,
840,202,-26,lateral-raise,,,
805,190,-209,lateral-raise,,,
774,245,-240,lateral-raise,,,
773,317,-273,lateral-raise,,,
779,294,-440,lateral-raise,,,
809,333,-606,lateral-raise,,,
905,241,-728,lateral-raise,,,
998,118,-759,lateral-raise,,,
1046,127,-852,lateral-raise,,,
1128,103,-917,lateral-raise,,,
1130,75,-849,lateral-raise,,,
1210,47,-866,lateral-raise,,,
1275,60,-867,lateral-raise,,,
1349,57,-806,lateral-raise,,,
1376,104,-825,lateral-raise,,,
1407,189,-835,lateral-raise,,,
1450,238,-840,lateral-raise,,,
1470,226,-791,lateral-raise,,,
1452,224,-769,lateral-raise,,,
1397,217,-761,lateral-raise,,,
1296,264,-760,lateral-raise,,,
1208,274,-834,lateral-raise,,,
1117,293,-760,lateral-raise,,,
1035,280,-718,lateral-raise,,,
910,286,-701,lateral-raise,,,
783,286,-670,lateral-raise,,,
662,293,-643,lateral-raise,,,
535,288,-564,lateral-raise,,,
421,255,-498,lateral-raise,,,
336,223,-419,lateral-raise,,,
264,202,-372,lateral-raise,,,
179,154,-345,lateral-raise,,,
112,80,-272,lateral-raise,,,
112,80,-272,lateral-raise,,,
42,64,-156,lateral-raise,,,
-44,56,-144,lateral-raise,,,
-78,19,-226,lateral-raise,,,
-116,9,-166,lateral-raise,,,
-156,8,-167,lateral-raise,,,
-188,-13,-189,lateral-raise,,,
-226,-30,-158,lateral-raise,,,
-259,-19,-152,lateral-raise,,,
-284,-36,-191,lateral-raise,,,
-313,-46,-270,lateral-raise,,,
-332,-110,-319,lateral-raise,,,
-330,-110,-376,lateral-raise,,,
-334,-98,-380,lateral-raise,,,
-325,-96,-405,lateral-raise,,,
-298,-118,-461,lateral-raise,,,
-283,-96,-518,lateral-raise,,,
-243,-122,-568,lateral-raise,,,
-214,-119,-609,lateral-raise,,,
-159,-114,-688,lateral-raise,,,
-114,-115,-675,lateral-raise,,,
-76,-103,-672,lateral-raise,,,
-47,-74,-714,lateral-raise,,,
-1,-86,-771,lateral-raise,,,
61,-100,-808,lateral-raise,,,
112,-72,-868,lateral-raise,,,
151,-37,-893,lateral-raise,,,
194,-1,-897,lateral-raise,,,
238,9,-905,lateral-raise,,,
290,24,-866,lateral-raise,,,
352,59,-912,lateral-raise,,,
391,76,-948,lateral-raise,,,
439,99,-937,lateral-raise,,,
499,101,-938,lateral-raise,,,
557,101,-928,lateral-raise,,,
605,105,-950,lateral-raise,,,
634,102,-908,lateral-raise,,,
691,128,-873,lateral-raise,,,
728,106,-912,lateral-raise,,,
759,114,-883,lateral-raise,,,
792,123,-867,lateral-raise,,,
834,133,-862,lateral-raise,,,
881,121,-791,lateral-raise,,,
893,124,-824,lateral-raise,,,
924,107,-818,lateral-raise,,,
955,130,-768,lateral-raise,,,
984,143,-714,lateral-raise,,,
984,134,-808,lateral-raise,,,
985,105,-693,lateral-raise,,,
1000,120,-642,lateral-raise,,,
1000,136,-696,lateral-raise,,,
976,112,-664,lateral-raise,,,
968,112,-602,lateral-raise,,,
968,104,-577,lateral-raise,,,
975,134,-591,lateral-raise,,,
961,114,-680,lateral-raise,,,
953,119,-595,lateral-raise,,,
945,106,-598,lateral-raise,,,
951,111,-607,lateral-raise,,,
965,105,-661,lateral-raise,,,
975,117,-757,lateral-raise,,,
989,114,-827,lateral-raise,,,
1011,100,-840,lateral-raise,,,
1028,84,-870,lateral-raise,,,
1038,62,-898,lateral-raise,,,
1069,62,-938,lateral-raise,,,
1102,70,-941,lateral-raise,,,
1144,50,-996,lateral-raise,,,
1202,66,-1003,lateral-raise,,,
1265,80,-931,lateral-raise,,,
1313,70,-921,lateral-raise,,,
1328,64,-946,lateral-raise,,,
1323,55,-906,lateral-raise,,,
1302,57,-899,lateral-raise,,,
1266,64,-916,lateral-raise,,,
1215,72,-866,lateral-raise,,,
1168,76,-828,lateral-raise,,,
1140,84,-828,lateral-raise,,,
1121,85,-813,lateral-raise,,,
1091,86,-775,lateral-raise,,,
1037,104,-761,lateral-raise,,,
961,98,-787,lateral-raise,,,
855,94,-774,lateral-raise,,,
738,101,-732,lateral-raise,,,
645,85,-690,lateral-raise,,,
571,64,-645,lateral-raise,,,
509,57,-638,lateral-raise,,,
439,40,-630,lateral-raise,,,
365,38,-603,lateral-raise,,,
316,28,-542,lateral-raise,,,
242,21,-532,lateral-raise,,,
182,37,-523,lateral-raise,,,
123,24,-505,lateral-raise,,,
25,21,-384,lateral-raise,,,
-14,7,-457,lateral-raise,,,
-54,-1,-417,lateral-raise,,,
-106,-6,-415,lateral-raise,,,
-192,4,-348,lateral-raise,,,
-194,-41,-379,lateral-raise,,,
-220,-53,-307,lateral-raise,,,
-288,-3,-362,lateral-raise,,,
-288,-96,-416,lateral-raise,,,
-360,-56,-312,lateral-raise,,,
-329,-79,-483,lateral-raise,,,
-328,-50,-374,lateral-raise,,,
-328,-85,-375,lateral-raise,,,
-335,-73,-478,lateral-raise,,,
-307,-101,-495,lateral-raise,,,
-325,-55,-573,lateral-raise,,,
-314,-75,-598,lateral-raise,,,
-319,-53,-560,lateral-raise,,,
-268,-68,-578,lateral-raise,,,
-231,-40,-597,lateral-raise,,,
-205,-32,-662,lateral-raise,,,
-158,-26,-674,lateral-raise,,,
-115,-36,-672,lateral-raise,,,
-70,-29,-683,lateral-raise,,,
-39,-18,-688,lateral-raise,,,
-5,-11,-742,lateral-raise,,,
45,-13,-763,lateral-raise,,,
89,-16,-775,lateral-raise,,,
139,9,-828,lateral-raise,,,
193,14,-856,lateral-raise,,,
248,31,-824,lateral-raise,,,
312,52,-876,lateral-raise,,,
387,69,-940,lateral-raise,,,
449,92,-940,lateral-raise,,,
484,104,-924,lateral-raise,,,
515,127,-939,lateral-raise,,,
551,145,-931,lateral-raise,,,
589,161,-930,lateral-raise,,,
629,185,-964,lateral-raise,,,
654,176,-939,lateral-raise,,,
679,182,-871,lateral-raise,,,
719,198,-807,lateral-raise,,,
760,200,-909,lateral-raise,,,
800,189,-897,lateral-raise,,,
826,205,-816,lateral-raise,,,
853,207,-753,lateral-raise,,,
864,186,-776,lateral-raise,,,
870,188,-762,lateral-raise,,,
888,178,-704,lateral-raise,,,
896,187,-664,lateral-raise,,,
925,197,-716,lateral-raise,,,
917,180,-660,lateral-raise,,,
942,160,-632,lateral-raise,,,
928,162,-575,lateral-raise,,,
930,179,-521,lateral-raise,,,
944,199,-593,lateral-raise,,,
945,191,-592,lateral-raise,,,
953,185,-480,lateral-raise,,,
968,208,-474,lateral-raise,,,
984,216,-536,lateral-raise,,,
992,208,-496,lateral-raise,,,
1000,216,-512,lateral-raise,,,
1015,224,-466,lateral-raise,,,
1001,202,-412,lateral-raise,,,
985,178,-452,lateral-raise,,,
970,183,-427,lateral-raise,,,
961,170,-431,lateral-raise,,,
940,202,-425,lateral-raise,,,
943,195,-484,lateral-raise,,,
944,192,-503,lateral-raise,,,
944,173,-517,lateral-raise,,,
969,162,-514,lateral-raise,,,
994,166,-615,lateral-raise,,,
1071,180,-683,lateral-raise,,,
1102,207,-736,lateral-raise,,,
1104,177,-752,lateral-raise,,,
1104,176,-806,lateral-raise,,,
1146,168,-811,lateral-raise,,,
1183,155,-820,lateral-raise,,,
1236,167,-886,lateral-raise,,,
1278,152,-896,lateral-raise,,,
1302,159,-899,lateral-raise,,,
1321,163,-858,lateral-raise,,,
1345,161,-803,lateral-raise,,,
1385,151,-821,lateral-raise,,,
1396,140,-796,lateral-raise,,,
1365,132,-752,lateral-raise,,,
1340,135,-789,lateral-raise,,,
1315,166,-831,lateral-raise,,,
1241,194,-806,lateral-raise,,,
1137,185,-741,lateral-raise,,,
1043,161,-727,lateral-raise,,,
932,159,-740,lateral-raise,,,
821,131,-715,lateral-raise,,,
758,128,-696,lateral-raise,,,
668,110,-648,lateral-raise,,,
564,109,-590,lateral-raise,,,
497,112,-632,lateral-raise,,,
431,84,-632,lateral-raise,,,
339,67,-542,lateral-raise,,,
270,58,-483,lateral-raise,,,
167,77,-499,lateral-raise,,,
153,-9,-491,lateral-raise,,,
104,-11,-388,lateral-raise,,,
1,11,-411,lateral-raise,,,
-51,-24,-422,lateral-raise,,,
-73,-24,-343,lateral-raise,,,
-84,-27,-416,lateral-raise,,,
-140,-70,-411,lateral-raise,,,
-224,-41,-316,lateral-raise,,,
-232,-64,-432,lateral-raise,,,
-232,-48,-416,lateral-raise,,,
-279,-40,-447,lateral-raise,,,
-310,-78,-410,lateral-raise,,,
-334,-73,-468,lateral-raise,,,
-343,-79,-457,lateral-raise,,,
-351,-101,-520,lateral-raise,,,
-373,-111,-472,lateral-raise,,,
-376,-78,-539,lateral-raise,,,
-363,-132,-599,lateral-raise,,,
-340,-111,-588,lateral-raise,,,
-323,-110,-571,lateral-raise,,,
-295,-112,-587,lateral-raise,,,
-282,-94,-592,lateral-raise,,,
-227,-94,-663,lateral-raise,,,
-185,-67,-677,lateral-raise,,,
-143,-78,-700,lateral-raise,,,
-101,-66,-669,lateral-raise,,,
-72,-40,-669,lateral-raise,,,
-13,-32,-782,lateral-raise,,,
26,-17,-810,lateral-raise,,,
56,2,-768,lateral-raise,,,
114,-1,-775,lateral-raise,,,
166,19,-756,lateral-raise,,,
210,44,-780,lateral-raise,,,
274,56,-866,lateral-raise,,,
336,52,-852,lateral-raise,,,
375,63,-854,lateral-raise,,,
421,84,-919,lateral-raise,,,
474,84,-903,lateral-raise,,,
509,108,-885,lateral-raise,,,
547,126,-907,lateral-raise,,,
597,130,-933,lateral-raise,,,
644,151,-959,lateral-raise,,,
664,144,-928,lateral-raise,,,
680,157,-891,lateral-raise,,,
727,154,-899,lateral-raise,,,
771,176,-939,lateral-raise,,,
813,195,-909,lateral-raise,,,
850,134,-832,lateral-raise,,,
863,135,-776,lateral-raise,,,
890,153,-824,lateral-raise,,,
896,132,-786,lateral-raise,,,
899,156,-753,lateral-raise,,,
917,172,-716,lateral-raise,,,
945,152,-693,lateral-raise,,,
953,153,-669,lateral-raise,,,
960,158,-638,lateral-raise,,,
961,137,-614,lateral-raise,,,
968,152,-594,lateral-raise,,,
960,152,-622,lateral-raise,,,
960,168,-559,lateral-raise,,,
952,136,-505,lateral-raise,,,
936,152,-411,lateral-raise,,,
959,137,-499,lateral-raise,,,
953,129,-467,lateral-raise,,,
930,150,-493,lateral-raise,,,
935,138,-460,lateral-raise,,,
929,108,-400,lateral-raise,,,
935,138,-385,lateral-raise,,,
936,144,-417,lateral-raise,,,
956,131,-496,lateral-raise,,,
960,141,-506,lateral-raise,,,
960,163,-510,lateral-raise,,,
972,156,-488,lateral-raise,,,
976,140,-486,lateral-raise,,,
982,113,-557,lateral-raise,,,
1001,93,-617,lateral-raise,,,
1024,104,-616,lateral-raise,,,
1053,133,-703,lateral-raise,,,
1064,154,-783,lateral-raise,,,
1079,160,-820,lateral-raise,,,
1102,165,-799,lateral-raise,,,
1140,159,-785,lateral-raise,,,
1169,139,-819,lateral-raise,,,
1202,132,-823,lateral-raise,,,
1241,144,-816,lateral-raise,,,
1276,140,-860,lateral-raise,,,
1300,132,-858,lateral-raise,,,
1308,151,-798,lateral-raise,,,
1319,150,-787,lateral-raise,,,
1318,131,-783,lateral-raise,,,
1291,155,-754,lateral-raise,,,
1266,156,-793,lateral-raise,,,
1236,103,-805,lateral-raise,,,
1186,110,-696,lateral-raise,,,
1134,136,-717,lateral-raise,,,
1061,89,-711,lateral-raise,,,
991,65,-670,lateral-raise,,,
898,90,-668,lateral-raise,,,
798,92,-682,lateral-raise,,,
728,85,-686,lateral-raise,,,
656,89,-668,lateral-raise,,,
571,32,-615,lateral-raise,,,
473,29,-577,lateral-raise,,,
431,16,-577,lateral-raise,,,
360,14,-527,lateral-raise,,,
243,1,-466,lateral-raise,,,
195,1,-479,lateral-raise,,,
142,-70,-461,lateral-raise,,,
116,-40,-424,lateral-raise,,,
45,-48,-424,lateral-raise,,,
-48,-40,-440,lateral-raise,,,
-40,-72,-496,lateral-raise,,,
-40,-72,-496,lateral-raise,,,
-125,-33,-434,lateral-raise,,,
-158,-100,-417,lateral-raise,,,
-182,-82,-356,lateral-raise,,,
-264,-51,-359,lateral-raise,,,
-236,-77,-453,lateral-raise,,,
-274,-115,-394,lateral-raise,,,
-314,-86,-364,lateral-raise,,,
-280,-73,-520,lateral-raise,,,
-311,-98,-526,lateral-raise,,,
-326,-104,-558,lateral-raise,,,
-322,-110,-525,lateral-raise,,,
-326,-58,-530,lateral-raise,,,
-316,-93,-565,lateral-raise,,,
-289,-89,-542,lateral-raise,,,
-269,-63,-589,lateral-raise,,,
-248,-83,-589,lateral-raise,,,
-208,-80,-597,lateral-raise,,,
-156,-62,-690,lateral-raise,,,
-126,-51,-780,lateral-raise,,,
-91,-48,-770,lateral-raise,,,
-53,-43,-688,lateral-raise,,,
-18,-9,-715,lateral-raise,,,
47,3,-790,lateral-raise,,,
113,-4,-787,lateral-raise,,,
160,12,-772,lateral-raise,,,
215,39,-814,lateral-raise,,,
277,49,-834,lateral-raise,,,
326,58,-794,lateral-raise,,,
371,77,-789,lateral-raise,,,
431,85,-827,lateral-raise,,,
476,104,-825,lateral-raise,,,
525,124,-802,lateral-raise,,,
592,144,-845,lateral-raise,,,
637,125,-837,lateral-raise,,,
679,135,-793,lateral-raise,,,
721,126,-765,lateral-raise,,,
759,185,-895,lateral-raise,,,
810,146,-793,lateral-raise,,,
849,157,-707,lateral-raise,,,
878,178,-764,lateral-raise,,,
885,180,-828,lateral-raise,,,
947,163,-755,lateral-raise,,,
961,180,-662,lateral-raise,,,
970,194,-744,lateral-raise,,,
983,151,-737,lateral-raise,,,
979,145,-674,lateral-raise,,,
1010,162,-617,lateral-raise,,,
1032,183,-628,lateral-raise,,,
1040,168,-709,lateral-raise,,,
1024,152,-607,lateral-raise,,,
1048,120,-529,lateral-raise,,,
1040,143,-528,lateral-raise,,,
1063,182,-513,lateral-raise,,,
1057,169,-527,lateral-raise,,,
1027,161,-470,lateral-raise,,,
1017,139,-428,lateral-raise,,,
1009,143,-403,lateral-raise,,,
1008,151,-359,lateral-raise,,,
995,172,-359,lateral-raise,,,
992,183,-347,lateral-raise,,,
986,190,-319,lateral-raise,,,
978,186,-281,lateral-raise,,,
982,184,-260,lateral-raise,,,
990,190,-280,lateral-raise,,,
1003,186,-254,lateral-raise,,,
1019,201,-229,lateral-raise,,,
1024,208,-219,lateral-raise,,,
1029,213,-242,lateral-raise,,,
1032,206,-256,lateral-raise,,,
1027,180,-231,lateral-raise,,,
1010,182,-216,lateral-raise,,,
986,197,-230,lateral-raise,,,
963,178,-244,lateral-raise,,,
952,160,-244,lateral-raise,,,
940,172,-240,lateral-raise,,,
940,184,-296,lateral-raise,,,
967,180,-321,lateral-raise,,,
1013,191,-332,lateral-raise,,,
1073,222,-486,lateral-raise,,,
1121,247,-609,lateral-raise,,,
1170,240,-610,lateral-raise,,,
1205,216,-609,lateral-raise,,,
1209,213,-639,lateral-raise,,,
1229,189,-722,lateral-raise,,,
1237,165,-688,lateral-raise,,,
1239,190,-691,lateral-raise,,,
1267,173,-741,lateral-raise,,,
1298,142,-733,lateral-raise,,,
1320,148,-694,lateral-raise,,,
1379,179,-729,lateral-raise,,,
1413,158,-712,lateral-raise,,,
1390,162,-751,lateral-raise,,,
1344,199,-789,lateral-raise,,,
1335,159,-794,lateral-raise,,,
1274,200,-672,lateral-raise,,,
1227,192,-726,lateral-raise,,,
1175,132,-711,lateral-raise,,,
1077,173,-706,lateral-raise,,,
1036,128,-727,lateral-raise,,,
965,136,-712,lateral-raise,,,
872,152,-704,lateral-raise,,,
808,104,-680,lateral-raise,,,
676,88,-618,lateral-raise,,,
581,88,-639,lateral-raise,,,
479,43,-685,lateral-raise,,,
392,40,-557,lateral-raise,,,
291,33,-515,lateral-raise,,,
224,25,-491,lateral-raise,,,
134,17,-474,lateral-raise,,,
67,3,-492,lateral-raise,,,
-3,-33,-457,lateral-raise,,,
-48,-40,-461,lateral-raise,,,
-93,-21,-458,lateral-raise,,,
-158,-58,-396,lateral-raise,,,
-182,-48,-364,lateral-raise,,,
-207,-57,-389,lateral-raise,,,
-233,-75,-411,lateral-raise,,,
-256,-91,-340,lateral-raise,,,
-269,-64,-378,lateral-raise,,,
-287,-89,-416,lateral-raise,,,
-311,-92,-327,lateral-raise,,,
-310,-90,-349,lateral-raise,,,
-318,-101,-409,lateral-raise,,,
-332,-91,-425,lateral-raise,,,
-332,-102,-393,lateral-raise,,,
-328,-99,-385,lateral-raise,,,
-312,-80,-448,lateral-raise,,,
-296,-72,-480,lateral-raise,,,
-285,-60,-509,lateral-raise,,,
-272,-70,-563,lateral-raise,,,
-252,-64,-566,lateral-raise,,,
-208,-42,-542,lateral-raise,,,
-153,-32,-537,lateral-raise,,,
-81,14,-558,lateral-raise,,,
-29,29,-620,lateral-raise,,,
0,45,-741,lateral-raise,,,
35,63,-782,lateral-raise,,,
89,78,-760,lateral-raise,,,
131,89,-733,lateral-raise,,,
200,134,-778,lateral-raise,,,
259,146,-810,lateral-raise,,,
296,213,-834,lateral-raise,,,
315,220,-898,lateral-raise,,,
409,172,-853,lateral-raise,,,
463,196,-767,lateral-raise,,,
504,216,-811,lateral-raise,,,
510,215,-835,lateral-raise,,,
564,215,-873,lateral-raise,,,
603,289,-965,lateral-raise,,,
651,295,-919,lateral-raise,,,
704,280,-896,lateral-raise,,,
720,265,-888,lateral-raise,,,
760,335,-904,lateral-raise,,,
791,320,-896,lateral-raise,,,
845,335,-767,lateral-raise,,,
885,321,-685,lateral-raise,,,
924,291,-716,lateral-raise,,,
957,259,-720,lateral-raise,,,
1037,270,-643,lateral-raise,,,
1041,245,-543,lateral-raise,,,
1073,247,-628,lateral-raise,,,
1132,268,-622,lateral-raise,,,
1125,253,-527,lateral-raise,,,
1145,260,-436,lateral-raise,,,
1170,234,-507,lateral-raise,,,
1141,236,-501,lateral-raise,,,
1117,206,-431,lateral-raise,,,
1084,198,-352,lateral-raise,,,
1077,232,-355,lateral-raise,,,
1069,243,-379,lateral-raise,,,
1049,245,-353,lateral-raise,,,
1010,223,-277,lateral-raise,,,
973,213,-207,lateral-raise,,,
928,225,-230,lateral-raise,,,
891,223,-233,lateral-raise,,,
880,238,-186,lateral-raise,,,
880,281,-131,lateral-raise,,,
864,284,-84,lateral-raise,,,
860,268,-57,lateral-raise,,,
883,287,-25,lateral-raise,,,
903,286,-1,lateral-raise,,,
922,264,-9,lateral-raise,,,
939,283,-19,lateral-raise,,,
947,315,-3,lateral-raise,,,
949,311,9,lateral-raise,,,
930,288,48,lateral-raise,,,
912,285,61,lateral-raise,,,
928,327,68,lateral-raise,,,
921,349,89,lateral-raise,,,
910,305,72,lateral-raise,,,
926,270,94,lateral-raise,,,
925,301,146,lateral-raise,,,
951,346,98,lateral-raise,,,
977,348,107,lateral-raise,,,
981,316,124,lateral-raise,,,
972,262,145,lateral-raise,,,
993,298,147,lateral-raise,,,
1001,309,112,lateral-raise,,,
1010,288,118,lateral-raise,,,
1031,375,178,lateral-raise,,,
1024,355,204,lateral-raise,,,
1034,248,121,lateral-raise,,,
1096,240,144,lateral-raise,,,
