392,183,-870,triceps-extension,,,
386,173,-864,triceps-extension,,,
381,163,-866,triceps-extension,,,
397,167,-817,triceps-extension,,,
400,159,-858,triceps-extension,,,
399,144,-891,triceps-extension,,,
393,148,-880,triceps-extension,,,
402,134,-886,triceps-extension,,,
416,184,-848,triceps-extension,,,
-879,-381,-583,triceps-extension,,,
704,-519,-613,triceps-extension,,,
713,-120,-843,triceps-extension,,,
720,284,-616,triceps-extension,,,
688,488,-595,triceps-extension,,,
1351,94,-587,triceps-extension,,,
605,462,-987,triceps-extension,,,
-716,1418,-1221,triceps-extension,,,
1650,493,-732,triceps-extension,,,
1632,123,-805,triceps-extension,,,
423,-340,-897,triceps-extension,,,
64,57,-1034,triceps-extension,,,
-84,490,-989,triceps-extension,,,
16,575,-730,triceps-extension,,,
117,685,-578,triceps-extension,,,
200,730,-416,triceps-extension,,,
263,815,-266,triceps-extension,,,
379,824,-350,triceps-extension,,,
473,758,-411,triceps-extension,,,
526,828,-402,triceps-extension,,,
551,848,-348,triceps-extension,,,
538,749,-350,triceps-extension,,,
564,801,-472,triceps-extension,,,
614,890,-442,triceps-extension,,,
694,989,-513,triceps-extension,,,
675,967,-469,triceps-extension,,,
634,820,-280,triceps-extension,,,
643,786,-316,triceps-extension,,,
626,996,-503,triceps-extension,,,
714,865,-161,triceps-extension,,,
829,1168,-552,triceps-extension,,,
920,1360,-836,triceps-extension,,,
770,1529,-850,triceps-extension,,,
573,1622,-918,triceps-extension,,,
438,1606,-1048,triceps-extension,,,
344,1540,-1013,triceps-extension,,,
213,1405,-871,triceps-extension,,,
119,1253,-882,triceps-extension,,,
48,1106,-869,triceps-extension,,,
-30,997,-776,triceps-extension,,,
-95,888,-721,triceps-extension,,,
-212,577,-502,triceps-extension,,,
-318,502,-449,triceps-extension,,,
-301,563,-567,triceps-extension,,,
-321,523,-574,triceps-extension,,,
-410,387,-395,triceps-extension,,,
-487,288,-392,triceps-extension,,,
-454,276,-370,triceps-extension,,,
-440,233,-291,triceps-extension,,,
-392,142,-299,triceps-extension,,,
-361,36,-227,triceps-extension,,,
-370,-13,-113,triceps-extension,,,
-341,-39,-143,triceps-extension,,,
-304,-69,-109,triceps-extension,,,
-295,-159,-113,triceps-extension,,,
-307,-192,-37,triceps-extension,,,
-328,-265,37,triceps-extension,,,
-309,-377,-49,triceps-extension,,,
-323,-459,-57,triceps-extension,,,
-322,-543,11,triceps-extension,,,
-357,-659,63,triceps-extension,,,
-372,-747,117,triceps-extension,,,
-388,-864,136,triceps-extension,,,
-392,-944,161,triceps-extension,,,
-382,-1023,248,triceps-extension,,,
-384,-1125,275,triceps-extension,,,
-432,-1229,401,triceps-extension,,,
-486,-1256,470,triceps-extension,,,
-496,-1345,412,triceps-extension,,,
-489,-1332,409,triceps-extension,,,
-496,-1216,442,triceps-extension,,,
-525,-1133,377,triceps-extension,,,
-520,-1048,376,triceps-extension,,,
-536,-986,430,triceps-extension,,,
-559,-954,341,triceps-extension,,,
-597,-900,411,triceps-extension,,,
-622,-808,343,triceps-extension,,,
-631,-729,222,triceps-extension,,,
-646,-643,152,triceps-extension,,,
-662,-571,96,triceps-extension,,,
-717,-533,101,triceps-extension,,,
-767,-476,130,triceps-extension,,,
-789,-439,98,triceps-extension,,,
-786,-351,57,triceps-extension,,,
-778,-280,48,triceps-extension,,,
-735,-258,-93,triceps-extension,,,
-709,-193,-190,triceps-extension,,,
-704,-179,-180,triceps-extension,,,
-699,-135,-114,triceps-extension,,,
-712,-112,-114,triceps-extension,,,
-710,-117,-199,triceps-extension,,,
-694,-95,-294,triceps-extension,,,
-693,-61,-347,triceps-extension,,,
-710,-25,-360,triceps-extension,,,
-747,-8,-351,triceps-extension,,,
-790,-12,-335,triceps-extension,,,
-825,-28,-320,triceps-extension,,,
-872,-36,-260,triceps-extension,,,
-912,-44,-250,triceps-extension,,,
-927,-60,-292,triceps-extension,,,
-936,-92,-284,triceps-extension,,,
-923,-131,-270,triceps-extension,,,
-898,-178,-211,triceps-extension,,,
-888,-261,-123,triceps-extension,,,
-882,-299,-73,triceps-extension,,,
-867,-326,-26,triceps-extension,,,
-840,-394,6,triceps-extension,,,
-808,-463,-11,triceps-extension,,,
-799,-501,18,triceps-extension,,,
-768,-518,62,triceps-extension,,,
-744,-542,52,triceps-extension,,,
-742,-573,53,triceps-extension,,,
-733,-626,108,triceps-extension,,,
-717,-670,161,triceps-extension,,,
-696,-691,203,triceps-extension,,,
-655,-671,212,triceps-extension,,,
-641,-717,187,triceps-extension,,,
-587,-750,149,triceps-extension,,,
-540,-733,128,triceps-extension,,,
-502,-707,128,triceps-extension,,,
-479,-754,128,triceps-extension,,,
-456,-793,130,triceps-extension,,,
-440,-833,208,triceps-extension,,,
-416,-911,240,triceps-extension,,,
-408,-928,256,triceps-extension,,,
-378,-974,241,triceps-extension,,,
-376,-1028,300,triceps-extension,,,
-340,-1061,224,triceps-extension,,,
-329,-1085,266,triceps-extension,,,
-335,-1116,342,triceps-extension,,,
-350,-1222,386,triceps-extension,,,
-365,-1320,439,triceps-extension,,,
-375,-1336,455,triceps-extension,,,
-382,-1349,437,triceps-extension,,,
-372,-1333,389,triceps-extension,,,
-356,-1280,328,triceps-extension,,,
-358,-1223,288,triceps-extension,,,
-383,-1208,320,triceps-extension,,,
-420,-1169,347,triceps-extension,,,
-443,-1120,330,triceps-extension,,,
-459,-1099,325,triceps-extension,,,
-459,-1035,267,triceps-extension,,,
-446,-956,227,triceps-extension,,,
-445,-861,186,triceps-extension,,,
-462,-774,151,triceps-extension,,,
-494,-722,148,triceps-extension,,,
-547,-695,199,triceps-extension,,,
-580,-659,223,triceps-extension,,,
-604,-608,208,triceps-extension,,,
-632,-580,196,triceps-extension,,,
-651,-554,155,triceps-extension,,,
-668,-521,120,triceps-extension,,,
-679,-488,117,triceps-extension,,,
-691,-437,99,triceps-extension,,,
-699,-393,95,triceps-extension,,,
-721,-388,108,triceps-extension,,,
-763,-410,85,triceps-extension,,,
-792,-366,62,triceps-extension,,,
-810,-311,2,triceps-extension,,,
-827,-265,-57,triceps-extension,,,
-860,-231,-110,triceps-extension,,,
-876,-176,-192,triceps-extension,,,
-886,-139,-199,triceps-extension,,,
-878,-88,-206,triceps-extension,,,
-873,-57,-146,triceps-extension,,,
-879,-63,-188,triceps-extension,,,
-870,-57,-174,triceps-extension,,,
-852,-58,-205,triceps-extension,,,
-825,-20,-179,triceps-extension,,,
-833,-55,-136,triceps-extension,,,
-839,-49,-133,triceps-extension,,,
-823,-57,-93,triceps-extension,,,
-809,-80,-32,triceps-extension,,,
-832,-88,-24,triceps-extension,,,
-808,-136,-24,triceps-extension,,,
-824,-167,38,triceps-extension,,,
-824,-214,32,triceps-extension,,,
-817,-216,69,triceps-extension,,,
-845,-318,181,triceps-extension,,,
-827,-371,213,triceps-extension,,,
-824,-432,265,triceps-extension,,,
-851,-542,265,triceps-extension,,,
-843,-533,251,triceps-extension,,,
-788,-515,268,triceps-extension,,,
-751,-537,272,triceps-extension,,,
-719,-587,365,triceps-extension,,,
-700,-624,404,triceps-extension,,,
-661,-679,408,triceps-extension,,,
-591,-725,408,triceps-extension,,,
-557,-792,430,triceps-extension,,,
-536,-778,467,triceps-extension,,,
-481,-749,427,triceps-extension,,,
-436,-795,395,triceps-extension,,,
-409,-859,461,triceps-extension,,,
-376,-880,504,triceps-extension,,,
-328,-885,495,triceps-extension,,,
-291,-928,510,triceps-extension,,,
-280,-1007,571,triceps-extension,,,
-288,-1081,620,triceps-extension,,,
-288,-1156,632,triceps-extension,,,
-265,-1192,640,triceps-extension,,,
-248,-1199,644,triceps-extension,,,
-241,-1227,594,triceps-extension,,,
-229,-1247,519,triceps-extension,,,
-237,-1253,528,triceps-extension,,,
-262,-1230,576,triceps-extension,,,
-278,-1194,559,triceps-extension,,,
-291,-1170,517,triceps-extension,,,
-301,-1118,493,triceps-extension,,,
-319,-1047,481,triceps-extension,,,
-341,-983,444,triceps-extension,,,
-363,-909,394,triceps-extension,,,
-406,-860,402,triceps-extension,,,
-455,-795,406,triceps-extension,,,
-480,-764,403,triceps-extension,,,
-489,-711,407,triceps-extension,,,
-531,-667,359,triceps-extension,,,
-555,-635,310,triceps-extension,,,
-620,-606,293,triceps-extension,,,
-652,-592,271,triceps-extension,,,
-691,-588,263,triceps-extension,,,
-722,-549,245,triceps-extension,,,
-745,-502,205,triceps-extension,,,
-760,-454,142,triceps-extension,,,
-744,-400,72,triceps-extension,,,
-792,-432,120,triceps-extension,,,
-823,-378,89,triceps-extension,,,
-832,-376,80,triceps-extension,,,
-795,-257,-17,triceps-extension,,,
-756,-190,-68,triceps-extension,,,
-745,-148,-165,triceps-extension,,,
-807,-179,-85,triceps-extension,,,
-857,-170,-79,triceps-extension,,,
-877,-148,-73,triceps-extension,,,
-887,-157,-92,triceps-extension,,,
-888,-122,-134,triceps-extension,,,
-869,-81,-218,triceps-extension,,,
-852,-30,-216,triceps-extension,,,
-848,-34,-190,triceps-extension,,,
-871,-51,-127,triceps-extension,,,
-897,-78,-104,triceps-extension,,,
-899,-77,-109,triceps-extension,,,
-885,-56,-101,triceps-extension,,,
-875,-53,-111,triceps-extension,,,
-872,-66,-120,triceps-extension,,,
-877,-82,-77,triceps-extension,,,
-875,-116,-16,triceps-extension,,,
-876,-176,30,triceps-extension,,,
-880,-221,52,triceps-extension,,,
-876,-261,64,triceps-extension,,,
-860,-316,96,triceps-extension,,,
-844,-367,151,triceps-extension,,,
-825,-418,199,triceps-extension,,,
-801,-434,237,triceps-extension,,,
-775,-463,244,triceps-extension,,,
-739,-525,245,triceps-extension,,,
-705,-529,303,triceps-extension,,,
-686,-576,337,triceps-extension,,,
-682,-635,357,triceps-extension,,,
-643,-666,384,triceps-extension,,,
-604,-720,421,triceps-extension,,,
-569,-740,425,triceps-extension,,,
-546,-796,419,triceps-extension,,,
-512,-798,454,triceps-extension,,,
-453,-768,465,triceps-extension,,,
-411,-773,450,triceps-extension,,,
-393,-810,500,triceps-extension,,,
-397,-885,551,triceps-extension,,,
-384,-878,546,triceps-extension,,,
-381,-914,560,triceps-extension,,,
-359,-931,560,triceps-extension,,,
-352,-956,560,triceps-extension,,,
-353,-1002,561,triceps-extension,,,
-361,-1026,575,triceps-extension,,,
-377,-1073,562,triceps-extension,,,
-408,-1104,616,triceps-extension,,,
-384,-1168,568,triceps-extension,,,
-384,-1168,568,triceps-extension,,,
-368,-1152,630,triceps-extension,,,
-360,-1182,548,triceps-extension,,,
-345,-1147,551,triceps-extension,,,
-329,-1122,552,triceps-extension,,,
-357,-1077,552,triceps-extension,,,
-374,-1065,538,triceps-extension,,,
-396,-1030,488,triceps-extension,,,
-427,-1004,407,triceps-extension,,,
-452,-941,438,triceps-extension,,,
-456,-877,404,triceps-extension,,,
-487,-864,411,triceps-extension,,,
-532,-779,386,triceps-extension,,,
-550,-705,370,triceps-extension,,,
-586,-642,294,triceps-extension,,,
-606,-602,270,triceps-extension,,,
-630,-581,250,triceps-extension,,,
-666,-555,256,triceps-extension,,,
-695,-524,254,triceps-extension,,,
-699,-482,218,triceps-extension,,,
-720,-483,190,triceps-extension,,,
-755,-477,207,triceps-extension,,,
-777,-424,157,triceps-extension,,,
-767,-357,78,triceps-extension,,,
-773,-345,81,triceps-extension,,,
-800,-324,92,triceps-extension,,,
-816,-296,84,triceps-extension,,,
-828,-275,77,triceps-extension,,,
-825,-233,57,triceps-extension,,,
-833,-224,11,triceps-extension,,,
-856,-201,-75,triceps-extension,,,
-853,-159,-152,triceps-extension,,,
-851,-144,-177,triceps-extension,,,
-870,-141,-147,triceps-extension,,,
-901,-131,-149,triceps-extension,,,
-907,-108,-176,triceps-extension,,,
-889,-71,-165,triceps-extension,,,
-861,-50,-132,triceps-extension,,,
-844,-70,-100,triceps-extension,,,
-885,-114,-51,triceps-extension,,,
-894,-122,-86,triceps-extension,,,
-855,-129,-64,triceps-extension,,,
-847,-137,5,triceps-extension,,,
-838,-153,-7,triceps-extension,,,
-819,-208,4,triceps-extension,,,
-784,-216,37,triceps-extension,,,
-786,-282,91,triceps-extension,,,
-807,-306,209,triceps-extension,,,
-802,-342,217,triceps-extension,,,
-832,-465,240,triceps-extension,,,
-815,-487,239,triceps-extension,,,
-737,-425,169,triceps-extension,,,
-744,-556,253,triceps-extension,,,
-691,-606,271,triceps-extension,,,
-643,-660,324,triceps-extension,,,
-604,-686,350,triceps-extension,,,
-564,-702,352,triceps-extension,,,
-532,-746,373,triceps-extension,,,
-494,-800,383,triceps-extension,,,
-461,-848,471,triceps-extension,,,
-443,-849,468,triceps-extension,,,
-421,-880,439,triceps-extension,,,
-385,-907,482,triceps-extension,,,
-340,-924,460,triceps-extension,,,
-363,-957,572,triceps-extension,,,
-376,-962,605,triceps-extension,,,
-343,-982,544,triceps-extension,,,
-296,-976,493,triceps-extension,,,
-280,-1005,443,triceps-extension,,,
-285,-1049,465,triceps-extension,,,
-303,-1133,518,triceps-extension,,,
-322,-1219,550,triceps-extension,,,
-333,-1280,560,triceps-extension,,,
-332,-1304,573,triceps-extension,,,
-315,-1300,519,triceps-extension,,,
-312,-1250,493,triceps-extension,,,
-324,-1180,508,triceps-extension,,,
-332,-1125,488,triceps-extension,,,
-343,-1074,465,triceps-extension,,,
-363,-1027,437,triceps-extension,,,
-386,-980,421,triceps-extension,,,
-406,-926,403,triceps-extension,,,
-425,-876,381,triceps-extension,,,
-446,-818,356,triceps-extension,,,
-467,-738,317,triceps-extension,,,
-493,-696,299,triceps-extension,,,
-511,-657,274,triceps-extension,,,
-544,-633,285,triceps-extension,,,
-607,-618,300,triceps-extension,,,
-682,-610,290,triceps-extension,,,
-721,-561,213,triceps-extension,,,
-765,-531,174,triceps-extension,,,
-819,-506,161,triceps-extension,,,
-831,-464,119,triceps-extension,,,
-824,-380,71,triceps-extension,,,
-821,-360,67,triceps-extension,,,
-801,-351,94,triceps-extension,,,
-805,-269,132,triceps-extension,,,
-772,-241,3,triceps-extension,,,
-720,-254,-72,triceps-extension,,,
-729,-224,-81,triceps-extension,,,
-752,-240,-120,triceps-extension,,,
-792,-208,-64,triceps-extension,,,
-815,-239,-72,triceps-extension,,,
-846,-217,-118,triceps-extension,,,
-803,-179,-142,triceps-extension,,,
-836,-169,-151,triceps-extension,,,
-833,-175,-109,triceps-extension,,,
-839,-176,-97,triceps-extension,,,
-813,-149,-82,triceps-extension,,,
-835,-157,-67,triceps-extension,,,
-853,-173,-71,triceps-extension,,,
-831,-176,-66,triceps-extension,,,
-818,-213,-21,triceps-extension,,,
-822,-266,28,triceps-extension,,,
-830,-304,64,triceps-extension,,,
-843,-358,112,triceps-extension,,,
-815,-382,111,triceps-extension,,,
-762,-422,120,triceps-extension,,,
-755,-477,165,triceps-extension,,,
-755,-506,184,triceps-extension,,,
-727,-547,248,triceps-extension,,,
-702,-597,336,triceps-extension,,,
-701,-653,349,triceps-extension,,,
-668,-680,327,triceps-extension,,,
-610,-684,337,triceps-extension,,,
-596,-730,389,triceps-extension,,,
-588,-776,444,triceps-extension,,,
-560,-788,445,triceps-extension,,,
-526,-788,420,triceps-extension,,,
-475,-819,451,triceps-extension,,,
-435,-867,523,triceps-extension,,,
-403,-875,576,triceps-extension,,,
-390,-883,597,triceps-extension,,,
-394,-917,589,triceps-extension,,,
-368,-973,581,triceps-extension,,,
-328,-987,568,triceps-extension,,,
-310,-999,567,triceps-extension,,,
-309,-1030,623,triceps-extension,,,
-320,-1079,686,triceps-extension,,,
-324,-1142,700,triceps-extension,,,
-334,-1210,679,triceps-extension,,,
-323,-1209,635,triceps-extension,,,
-304,-1175,578,triceps-extension,,,
-305,-1132,552,triceps-extension,,,
-313,-1104,556,triceps-extension,,,
-326,-1054,578,triceps-extension,,,
-371,-1036,589,triceps-extension,,,
-401,-999,564,triceps-extension,,,
-414,-987,521,triceps-extension,,,
-392,-908,422,triceps-extension,,,
-401,-824,376,triceps-extension,,,
-433,-816,368,triceps-extension,,,
-487,-784,384,triceps-extension,,,
-511,-730,337,triceps-extension,,,
-527,-637,283,triceps-extension,,,
-565,-639,273,triceps-extension,,,
-604,-567,228,triceps-extension,,,
-644,-524,210,triceps-extension,,,
-690,-527,222,triceps-extension,,,
-723,-542,128,triceps-extension,,,
-721,-491,79,triceps-extension,,,
-733,-447,72,triceps-extension,,,
-768,-408,66,triceps-extension,,,
-807,-357,83,triceps-extension,,,
-840,-350,100,triceps-extension,,,
-854,-317,80,triceps-extension,,,
-862,-315,72,triceps-extension,,,
-836,-270,16,triceps-extension,,,
-813,-237,-24,triceps-extension,,,
-792,-200,-53,triceps-extension,,,
-804,-189,-28,triceps-extension,,,
-836,-197,-13,triceps-extension,,,
-848,-190,-21,triceps-extension,,,
-848,-165,-10,triceps-extension,,,
-839,-139,-45,triceps-extension,,,
-823,-137,-76,triceps-extension,,,
-812,-148,-68,triceps-extension,,,
-828,-132,-52,triceps-extension,,,
-844,-112,-28,triceps-extension,,,
-833,-116,10,triceps-extension,,,
-831,-169,51,triceps-extension,,,
-840,-245,64,triceps-extension,,,
-834,-254,96,triceps-extension,,,
-824,-255,178,triceps-extension,,,
-827,-312,226,triceps-extension,,,
-827,-387,208,triceps-extension,,,
-808,-421,213,triceps-extension,,,
-787,-421,266,triceps-extension,,,
-769,-464,302,triceps-extension,,,
-746,-544,353,triceps-extension,,,
-722,-550,402,triceps-extension,,,
-700,-591,417,triceps-extension,,,
-675,-659,430,triceps-extension,,,
-614,-627,381,triceps-extension,,,
-563,-715,479,triceps-extension,,,
-528,-733,510,triceps-extension,,,
-480,-769,509,triceps-extension,,,
-477,-832,601,triceps-extension,,,
-441,-830,604,triceps-extension,,,
-365,-811,563,triceps-extension,,,
-328,-850,600,triceps-extension,,,
-320,-888,593,triceps-extension,,,
-312,-904,624,triceps-extension,,,
-296,-928,632,triceps-extension,,,
-296,-928,632,triceps-extension,,,
-312,-1013,671,triceps-extension,,,
-320,-1077,695,triceps-extension,,,
-350,-1117,644,triceps-extension,,,
-330,-1186,735,triceps-extension,,,
-342,-1185,744,triceps-extension,,,
-337,-1170,695,triceps-extension,,,
-336,-1154,633,triceps-extension,,,
-316,-1119,604,triceps-extension,,,
-319,-1086,600,triceps-extension,,,
-339,-1067,575,triceps-extension,,,
-363,-1045,593,triceps-extension,,,
-380,-1028,564,triceps-extension,,,
-390,-1006,487,triceps-extension,,,
-392,-948,458,triceps-extension,,,
-398,-895,439,triceps-extension,,,
-405,-831,416,triceps-extension,,,
-429,-771,376,triceps-extension,,,
-471,-742,375,triceps-extension,,,
-503,-716,399,triceps-extension,,,
-526,-671,351,triceps-extension,,,
-550,-639,307,triceps-extension,,,
-596,-650,286,triceps-extension,,,
-628,-612,229,triceps-extension,,,
-644,-551,192,triceps-extension,,,
-680,-556,188,triceps-extension,,,
-716,-538,169,triceps-extension,,,
-754,-503,148,triceps-extension,,,
-791,-508,109,triceps-extension,,,
-810,-517,37,triceps-extension,,,
-830,-494,3,triceps-extension,,,
-840,-362,20,triceps-extension,,,
-817,-242,-15,triceps-extension,,,
-760,-221,-112,triceps-extension,,,
-746,-205,-94,triceps-extension,,,
-799,-221,-41,triceps-extension,,,
-834,-218,-3,triceps-extension,,,
-846,-190,-5,triceps-extension,,,
-858,-208,-65,triceps-extension,,,
-840,-201,-151,triceps-extension,,,
-837,-168,-173,triceps-extension,,,
-828,-133,-148,triceps-extension,,,
-851,-128,-97,triceps-extension,,,
-863,-169,-99,triceps-extension,,,
-858,-184,-63,triceps-extension,,,
-877,-243,8,triceps-extension,,,
-919,-263,69,triceps-extension,,,
-908,-254,40,triceps-extension,,,
-849,-227,42,triceps-extension,,,
-864,-281,80,triceps-extension,,,
-848,-304,96,triceps-extension,,,
-824,-352,104,triceps-extension,,,
-808,-406,135,triceps-extension,,,
-778,-416,151,triceps-extension,,,
-776,-498,249,triceps-extension,,,
-791,-526,307,triceps-extension,,,
-742,-535,248,triceps-extension,,,
-729,-599,310,triceps-extension,,,
-687,-615,313,triceps-extension,,,
-653,-623,265,triceps-extension,,,
-635,-670,354,triceps-extension,,,
-607,-705,427,triceps-extension,,,
-569,-731,446,triceps-extension,,,
-524,-748,436,triceps-extension,,,
-471,-728,408,triceps-extension,,,
-445,-749,469,triceps-extension,,,
-434,-766,518,triceps-extension,,,
-394,-784,528,triceps-extension,,,
-365,-813,523,triceps-extension,,,
-355,-880,530,triceps-extension,,,
-332,-917,561,triceps-extension,,,
-306,-934,614,triceps-extension,,,
-324,-981,659,triceps-extension,,,
-348,-1057,694,triceps-extension,,,
-352,-1135,734,triceps-extension,,,
-352,-1185,752,triceps-extension,,,
-316,-1180,716,triceps-extension,,,
-265,-1148,649,triceps-extension,,,
-248,-1143,594,triceps-extension,,,
-248,-1148,564,triceps-extension,,,
-265,-1147,577,triceps-extension,,,
-307,-1133,613,triceps-extension,,,
-345,-1086,623,triceps-extension,,,
-366,-1050,576,triceps-extension,,,
-376,-1015,498,triceps-extension,,,
-384,-942,443,triceps-extension,,,
-405,-878,406,triceps-extension,,,
-423,-840,375,triceps-extension,,,
-455,-800,354,triceps-extension,,,
-504,-790,360,triceps-extension,,,
-524,-747,349,triceps-extension,,,
-517,-691,297,triceps-extension,,,
-542,-634,233,triceps-extension,,,
-573,-604,195,triceps-extension,,,
-606,-583,170,triceps-extension,,,
-645,-569,184,triceps-extension,,,
-683,-513,181,triceps-extension,,,
-716,-457,161,triceps-extension,,,
-757,-460,176,triceps-extension,,,
-825,-407,172,triceps-extension,,,
-847,-391,94,triceps-extension,,,
-816,-352,32,triceps-extension,,,
-816,-344,-8,triceps-extension,,,
-832,-290,15,triceps-extension,,,
-832,-250,-22,triceps-extension,,,
-847,-263,-17,triceps-extension,,,
-855,-264,-111,triceps-extension,,,
-863,-264,-27,triceps-extension,,,
-857,-208,-9,triceps-extension,,,
-870,-234,-56,triceps-extension,,,
-872,-213,-71,triceps-extension,,,
-833,-188,-118,triceps-extension,,,
-818,-114,-96,triceps-extension,,,
-822,-121,-76,triceps-extension,,,
-860,-176,-78,triceps-extension,,,
-901,-210,-39,triceps-extension,,,
-901,-227,-7,triceps-extension,,,
-907,-232,22,triceps-extension,,,
-896,-254,10,triceps-extension,,,
-856,-253,-11,triceps-extension,,,
-825,-268,9,triceps-extension,,,
-796,-280,34,triceps-extension,,,
-765,-299,73,triceps-extension,,,
-766,-395,138,triceps-extension,,,
-807,-447,248,triceps-extension,,,
-832,-470,282,triceps-extension,,,
-832,-479,219,triceps-extension,,,
-800,-504,176,triceps-extension,,,
-753,-517,183,triceps-extension,,,
-725,-514,226,triceps-extension,,,
-691,-562,267,triceps-extension,,,
-634,-587,290,triceps-extension,,,
-586,-631,327,triceps-extension,,,
-558,-679,384,triceps-extension,,,
-519,-673,439,triceps-extension,,,
-499,-726,459,triceps-extension,,,
-475,-810,471,triceps-extension,,,
-433,-842,510,triceps-extension,,,
-377,-855,495,triceps-extension,,,
-301,-834,523,triceps-extension,,,
-248,-850,574,triceps-extension,,,
-248,-898,654,triceps-extension,,,
-243,-973,714,triceps-extension,,,
-227,-1034,765,triceps-extension,,,
-237,-1088,809,triceps-extension,,,
-222,-1135,734,triceps-extension,,,
-205,-1178,713,triceps-extension,,,
-181,-1189,660,triceps-extension,,,
-161,-1166,628,triceps-extension,,,
-171,-1141,673,triceps-extension,,,
-210,-1104,688,triceps-extension,,,
-241,-1104,680,triceps-extension,,,
-272,-1103,664,triceps-extension,,,
-288,-1049,616,triceps-extension,,,
-288,-1009,500,triceps-extension,,,
-318,-978,481,triceps-extension,,,
-357,-961,487,triceps-extension,,,
-389,-909,415,triceps-extension,,,
-421,-875,394,triceps-extension,,,
-445,-830,413,triceps-extension,,,
-475,-776,382,triceps-extension,,,
-507,-741,376,triceps-extension,,,
-538,-697,369,triceps-extension,,,
-563,-656,304,triceps-extension,,,
-580,-629,276,triceps-extension,,,
-596,-588,260,triceps-extension,,,
-624,-570,238,triceps-extension,,,
-649,-539,198,triceps-extension,,,
-678,-534,184,triceps-extension,,,
-699,-531,200,triceps-extension,,,
-741,-533,219,triceps-extension,,,
-770,-511,173,triceps-extension,,,
-761,-476,95,triceps-extension,,,
-747,-431,54,triceps-extension,,,
-753,-371,39,triceps-extension,,,
-791,-357,5,triceps-extension,,,
-820,-346,27,triceps-extension,,,
-828,-336,35,triceps-extension,,,
-844,-324,4,triceps-extension,,,
-844,-300,-27,triceps-extension,,,
-836,-292,-63,triceps-extension,,,
-847,-295,-54,triceps-extension,,,
-863,-297,-39,triceps-extension,,,
-872,-278,-45,triceps-extension,,,
-866,-258,-43,triceps-extension,,,
-862,-257,-33,triceps-extension,,,
-875,-275,-13,triceps-extension,,,
-872,-283,-8,triceps-extension,,,
-851,-288,19,triceps-extension,,,
-838,-290,15,triceps-extension,,,
-832,-300,36,triceps-extension,,,
-828,-316,60,triceps-extension,,,
-812,-333,100,triceps-extension,,,
-800,-359,115,triceps-extension,,,
-800,-388,132,triceps-extension,,,
-801,-392,160,triceps-extension,,,
-800,-330,204,triceps-extension,,,
-754,-438,231,triceps-extension,,,
-771,-491,283,triceps-extension,,,
-789,-588,306,triceps-extension,,,
-754,-630,325,triceps-extension,,,
-671,-600,289,triceps-extension,,,
-648,-594,313,triceps-extension,,,
-632,-656,360,triceps-extension,,,
-592,-656,392,triceps-extension,,,
-592,-656,392,triceps-extension,,,
-553,-664,439,triceps-extension,,,
-484,-694,425,triceps-extension,,,
-495,-763,446,triceps-extension,,,
-474,-819,455,triceps-extension,,,
-443,-831,492,triceps-extension,,,
-405,-832,447,triceps-extension,,,
-359,-825,467,triceps-extension,,,
-345,-871,539,triceps-extension,,,
-331,-873,552,triceps-extension,,,
-309,-891,565,triceps-extension,,,
-304,-946,580,triceps-extension,,,
-316,-996,632,triceps-extension,,,
-314,-1026,654,triceps-extension,,,
-295,-1072,582,triceps-extension,,,
-260,-1121,546,triceps-extension,,,
-232,-1152,533,triceps-extension,,,
-235,-1165,596,triceps-extension,,,
-245,-1183,642,triceps-extension,,,
-253,-1197,658,triceps-extension,,,
-266,-1195,635,triceps-extension,,,
-277,-1164,597,triceps-extension,,,
-284,-1131,566,triceps-extension,,,
-297,-1094,556,triceps-extension,,,
-316,-1047,531,triceps-extension,,,
-348,-1012,496,triceps-extension,,,
-376,-973,465,triceps-extension,,,
-388,-907,418,triceps-extension,,,
-399,-836,388,triceps-extension,,,
-425,-773,350,triceps-extension,,,
-474,-733,314,triceps-extension,,,
-521,-707,325,triceps-extension,,,
-539,-652,288,triceps-extension,,,
-544,-583,207,triceps-extension,,,
-562,-525,170,triceps-extension,,,
-615,-526,192,triceps-extension,,,
-650,-484,172,triceps-extension,,,
-652,-426,103,triceps-extension,,,
-638,-394,46,triceps-extension,,,
-632,-345,9,triceps-extension,,,
-634,-317,-13,triceps-extension,,,
-641,-298,-4,triceps-extension,,,
-648,-275,-28,triceps-extension,,,
-647,-286,-48,triceps-extension,,,
-633,-268,-54,triceps-extension,,,
-582,-243,-92,triceps-extension,,,
-569,-272,-50,triceps-extension,,,
-586,-274,17,triceps-extension,,,
-607,-303,31,triceps-extension,,,
-590,-287,6,triceps-extension,,,
-527,-264,-56,triceps-extension,,,
-457,-232,-104,triceps-extension,,,
-503,-310,-57,triceps-extension,,,
-512,-327,-48,triceps-extension,,,
-512,-268,-78,triceps-extension,,,
-505,-228,-182,triceps-extension,,,
-483,-181,-271,triceps-extension,,,
-494,-141,-294,triceps-extension,,,
-510,-88,-303,triceps-extension,,,
-519,-40,-404,triceps-extension,,,
-559,-39,-450,triceps-extension,,,
-625,-46,-539,triceps-extension,,,
-646,-17,-535,triceps-extension,,,
-672,40,-522,triceps-extension,,,
-704,62,-520,triceps-extension,,,
-718,81,-646,triceps-extension,,,
-692,77,-807,triceps-extension,,,
-653,121,-813,triceps-extension,,,
-682,207,-640,triceps-extension,,,
-704,255,-570,triceps-extension,,,
-620,348,-793,triceps-extension,,,
-520,467,-966,triceps-extension,,,
-511,521,-867,triceps-extension,,,
-528,591,-637,triceps-extension,,,
-437,653,-761,triceps-extension,,,
-298,685,-927,triceps-extension,,,
-248,756,-808,triceps-extension,,,
-214,827,-797,triceps-extension,,,
-120,877,-928,triceps-extension,,,
-29,958,-928,triceps-extension,,,
36,1026,-826,triceps-extension,,,
80,1017,-778,triceps-extension,,,
138,990,-756,triceps-extension,,,
236,1049,-736,triceps-extension,,,
337,1150,-728,triceps-extension,,,
400,1171,-728,triceps-extension,,,
430,1136,-745,triceps-extension,,,
413,1071,-662,triceps-extension,,,
388,1031,-544,triceps-extension,,,
410,982,-558,triceps-extension,,,
445,965,-521,triceps-extension,,,
469,925,-498,triceps-extension,,,
489,905,-500,triceps-extension,,,
500,873,-464,triceps-extension,,,
522,881,-389,triceps-extension,,,
537,886,-417,triceps-extension,,,
543,870,-421,triceps-extension,,,
535,857,-389,triceps-extension,,,
528,863,-359,triceps-extension,,,
528,856,-353,triceps-extension,,,
530,856,-384,triceps-extension,,,
592,1136,-632,triceps-extension,,,
