-1552,248,-8,biceps-curl,,,
-1552,147,31,biceps-curl,,,
-1522,98,85,biceps-curl,,,
-1520,74,-68,biceps-curl,,,
-1491,94,0,biceps-curl,,,
-1459,117,165,biceps-curl,,,
-1498,134,65,biceps-curl,,,
-1490,116,41,biceps-curl,,,
-1455,112,113,biceps-curl,,,
-1461,203,82,biceps-curl,,,
-1420,211,104,biceps-curl,,,
-1352,220,81,biceps-curl,,,
-1288,242,72,biceps-curl,,,
-1178,201,107,biceps-curl,,,
-1081,184,137,biceps-curl,,,
-972,162,194,biceps-curl,,,
-876,98,243,biceps-curl,,,
-732,109,161,biceps-curl,,,
-539,118,229,biceps-curl,,,
-444,87,187,biceps-curl,,,
-389,96,177,biceps-curl,,,
-323,126,142,biceps-curl,,,
-265,167,182,biceps-curl,,,
-231,231,152,biceps-curl,,,
-253,256,47,biceps-curl,,,
-328,264,40,biceps-curl,,,
-414,276,17,biceps-curl,,,
-474,250,-57,biceps-curl,,,
-492,220,-65,biceps-curl,,,
-528,203,-43,biceps-curl,,,
-597,168,-74,biceps-curl,,,
-631,147,-40,biceps-curl,,,
-694,155,-6,biceps-curl,,,
-779,171,-63,biceps-curl,,,
-850,176,-118,biceps-curl,,,
-937,168,-80,biceps-curl,,,
-969,197,-129,biceps-curl,,,
-958,136,-55,biceps-curl,,,
-980,184,-28,biceps-curl,,,
-983,243,-90,biceps-curl,,,
-955,198,-86,biceps-curl,,,
-971,192,-41,biceps-curl,,,
-981,195,3,biceps-curl,,,
-970,212,57,biceps-curl,,,
-986,229,59,biceps-curl,,,
-996,209,21,biceps-curl,,,
-964,217,1,biceps-curl,,,
-1001,227,18,biceps-curl,,,
-1008,262,45,biceps-curl,,,
-1009,215,-13,biceps-curl,,,
-1032,176,74,biceps-curl,,,
-1016,176,302,biceps-curl,,,
-1016,215,-14,biceps-curl,,,
-1001,193,-16,biceps-curl,,,
-1022,155,14,biceps-curl,,,
-1046,181,23,biceps-curl,,,
-1062,234,-26,biceps-curl,,,
-1092,310,52,biceps-curl,,,
-1137,334,-45,biceps-curl,,,
-1157,343,76,biceps-curl,,,
-1134,390,39,biceps-curl,,,
-1096,413,62,biceps-curl,,,
-1076,435,10,biceps-curl,,,
-1066,446,64,biceps-curl,,,
-1040,477,41,biceps-curl,,,
-1038,528,47,biceps-curl,,,
-1012,572,56,biceps-curl,,,
-1005,600,67,biceps-curl,,,
-1019,650,83,biceps-curl,,,
-1019,682,170,biceps-curl,,,
-986,703,206,biceps-curl,,,
-958,736,224,biceps-curl,,,
-929,771,203,biceps-curl,,,
-890,806,256,biceps-curl,,,
-855,833,303,biceps-curl,,,
-807,848,334,biceps-curl,,,
-736,872,376,biceps-curl,,,
-673,896,341,biceps-curl,,,
-593,915,322,biceps-curl,,,
-503,939,326,biceps-curl,,,
-445,969,328,biceps-curl,,,
-395,982,395,biceps-curl,,,
-345,944,454,biceps-curl,,,
-264,907,502,biceps-curl,,,
-175,912,541,biceps-curl,,,
-99,899,519,biceps-curl,,,
-50,867,574,biceps-curl,,,
16,840,557,biceps-curl,,,
67,798,568,biceps-curl,,,
104,772,560,biceps-curl,,,
144,707,527,biceps-curl,,,
213,676,481,biceps-curl,,,
279,620,390,biceps-curl,,,
352,569,240,biceps-curl,,,
397,567,241,biceps-curl,,,
421,500,254,biceps-curl,,,
400,407,283,biceps-curl,,,
404,330,163,biceps-curl,,,
448,268,19,biceps-curl,,,
555,216,-58,biceps-curl,,,
619,214,-104,biceps-curl,,,
712,160,-88,biceps-curl,,,
688,144,-72,biceps-curl,,,
696,144,-64,biceps-curl,,,
711,174,149,biceps-curl,,,
719,243,115,biceps-curl,,,
698,292,61,biceps-curl,,,
696,325,170,biceps-curl,,,
668,356,247,biceps-curl,,,
630,394,195,biceps-curl,,,
597,447,344,biceps-curl,,,
527,489,409,biceps-curl,,,
487,579,435,biceps-curl,,,
480,656,477,biceps-curl,,,
456,708,470,biceps-curl,,,
430,749,458,biceps-curl,,,
401,812,433,biceps-curl,,,
386,877,463,biceps-curl,,,
362,912,458,biceps-curl,,,
336,925,427,biceps-curl,,,
287,953,360,biceps-curl,,,
249,988,372,biceps-curl,,,
226,976,280,biceps-curl,,,
193,1002,232,biceps-curl,,,
127,1019,274,biceps-curl,,,
75,1004,241,biceps-curl,,,
52,1046,192,biceps-curl,,,
8,1056,228,biceps-curl,,,
-43,1020,230,biceps-curl,,,
-93,1034,155,biceps-curl,,,
-146,1060,120,biceps-curl,,,
-178,1013,123,biceps-curl,,,
-221,947,54,biceps-curl,,,
-292,986,-44,biceps-curl,,,
-336,996,5,biceps-curl,,,
-361,915,20,biceps-curl,,,
-434,922,-20,biceps-curl,,,
-500,962,25,biceps-curl,,,
-535,950,-26,biceps-curl,,,
-565,902,-70,biceps-curl,,,
-600,898,-56,biceps-curl,,,
-607,881,-46,biceps-curl,,,
-642,797,-101,biceps-curl,,,
-681,783,-119,biceps-curl,,,
-695,775,-105,biceps-curl,,,
-730,762,-86,biceps-curl,,,
-747,723,-158,biceps-curl,,,
-772,688,-87,biceps-curl,,,
-808,683,-77,biceps-curl,,,
-810,630,-56,biceps-curl,,,
-834,601,-153,biceps-curl,,,
-880,623,-24,biceps-curl,,,
-888,575,-17,biceps-curl,,,
-920,513,-87,biceps-curl,,,
-951,512,13,biceps-curl,,,
-952,497,-14,biceps-curl,,,
-982,414,-9,biceps-curl,,,
-1006,408,14,biceps-curl,,,
-1008,437,-5,biceps-curl,,,
-1022,433,-50,biceps-curl,,,
-1017,418,-63,biceps-curl,,,
-1036,416,-11,biceps-curl,,,
-1020,436,46,biceps-curl,,,
-1029,459,-46,biceps-curl,,,
-1057,458,-22,biceps-curl,,,
-1070,486,22,biceps-curl,,,
-1072,502,14,biceps-curl,,,
-1083,504,37,biceps-curl,,,
-1071,521,59,biceps-curl,,,
-1026,539,48,biceps-curl,,,
-1013,544,-7,biceps-curl,,,
-1006,575,-32,biceps-curl,,,
-1000,602,-27,biceps-curl,,,
-1005,632,-10,biceps-curl,,,
-1003,657,9,biceps-curl,,,
-991,682,-6,biceps-curl,,,
-984,709,58,biceps-curl,,,
-967,728,120,biceps-curl,,,
-948,744,120,biceps-curl,,,
-925,771,120,biceps-curl,,,
-897,803,141,biceps-curl,,,
-860,837,172,biceps-curl,,,
-807,854,198,biceps-curl,,,
-755,846,269,biceps-curl,,,
-694,868,278,biceps-curl,,,
-632,885,247,biceps-curl,,,
-551,894,293,biceps-curl,,,
-488,923,281,biceps-curl,,,
-434,921,268,biceps-curl,,,
-352,936,341,biceps-curl,,,
-264,1005,318,biceps-curl,,,
-220,978,352,biceps-curl,,,
-144,991,422,biceps-curl,,,
-80,1008,488,biceps-curl,,,
-36,967,472,biceps-curl,,,
24,917,543,biceps-curl,,,
73,871,511,biceps-curl,,,
137,902,379,biceps-curl,,,
203,827,462,biceps-curl,,,
236,779,516,biceps-curl,,,
280,722,556,biceps-curl,,,
283,640,503,biceps-curl,,,
345,638,476,biceps-curl,,,
384,560,336,biceps-curl,,,
416,504,352,biceps-curl,,,
455,481,321,biceps-curl,,,
448,419,305,biceps-curl,,,
485,371,259,biceps-curl,,,
510,339,249,biceps-curl,,,
555,336,141,biceps-curl,,,
602,259,93,biceps-curl,,,
649,268,115,biceps-curl,,,
729,232,-40,biceps-curl,,,
764,172,-59,biceps-curl,,,
787,192,14,biceps-curl,,,
811,188,63,biceps-curl,,,
816,202,90,biceps-curl,,,
775,243,131,biceps-curl,,,
726,285,196,biceps-curl,,,
718,307,300,biceps-curl,,,
682,339,298,biceps-curl,,,
632,363,259,biceps-curl,,,
611,373,381,biceps-curl,,,
573,445,446,biceps-curl,,,
509,550,450,biceps-curl,,,
475,578,475,biceps-curl,,,
499,577,488,biceps-curl,,,
477,657,510,biceps-curl,,,
436,732,507,biceps-curl,,,
412,768,500,biceps-curl,,,
396,811,504,biceps-curl,,,
371,858,452,biceps-curl,,,
325,895,389,biceps-curl,,,
299,894,420,biceps-curl,,,
267,893,387,biceps-curl,,,
227,927,245,biceps-curl,,,
186,952,234,biceps-curl,,,
146,982,235,biceps-curl,,,
75,1037,235,biceps-curl,,,
36,1017,226,biceps-curl,,,
-8,986,268,biceps-curl,,,
-67,1011,136,biceps-curl,,,
-138,1060,32,biceps-curl,,,
-197,1043,65,biceps-curl,,,
-231,1022,94,biceps-curl,,,
-297,1009,85,biceps-curl,,,
-348,976,65,biceps-curl,,,
-416,975,18,biceps-curl,,,
-468,963,-61,biceps-curl,,,
-501,932,-34,biceps-curl,,,
-548,963,8,biceps-curl,,,
-596,908,-69,biceps-curl,,,
-648,856,-32,biceps-curl,,,
-640,860,-33,biceps-curl,,,
-632,744,-72,biceps-curl,,,
-680,768,-64,biceps-curl,,,
-734,799,-80,biceps-curl,,,
-736,709,-88,biceps-curl,,,
-781,667,-73,biceps-curl,,,
-806,649,-36,biceps-curl,,,
-815,627,4,biceps-curl,,,
-837,603,-97,biceps-curl,,,
-854,573,-85,biceps-curl,,,
-856,555,7,biceps-curl,,,
-882,552,-48,biceps-curl,,,
-907,508,-26,biceps-curl,,,
-931,484,-16,biceps-curl,,,
-930,480,-70,biceps-curl,,,
-952,462,-76,biceps-curl,,,
-971,427,-49,biceps-curl,,,
-987,422,-18,biceps-curl,,,
-1008,392,-13,biceps-curl,,,
-1021,381,-16,biceps-curl,,,
-1024,379,30,biceps-curl,,,
-1014,376,21,biceps-curl,,,
-1013,371,10,biceps-curl,,,
-1039,363,7,biceps-curl,,,
-1060,364,31,biceps-curl,,,
-1073,368,30,biceps-curl,,,
-1084,380,25,biceps-curl,,,
-1076,400,36,biceps-curl,,,
-1064,420,67,biceps-curl,,,
-1053,439,67,biceps-curl,,,
-1044,441,38,biceps-curl,,,
-1045,456,39,biceps-curl,,,
-1037,498,19,biceps-curl,,,
-1029,524,15,biceps-curl,,,
-1018,550,9,biceps-curl,,,
-1005,576,21,biceps-curl,,,
-995,613,34,biceps-curl,,,
-982,636,79,biceps-curl,,,
-974,669,91,biceps-curl,,,
-970,680,78,biceps-curl,,,
-968,694,72,biceps-curl,,,
-940,743,86,biceps-curl,,,
-921,771,131,biceps-curl,,,
-887,791,112,biceps-curl,,,
-841,828,120,biceps-curl,,,
-801,850,162,biceps-curl,,,
-753,868,178,biceps-curl,,,
-699,898,191,biceps-curl,,,
-650,914,190,biceps-curl,,,
-589,935,250,biceps-curl,,,
-540,929,280,biceps-curl,,,
-469,945,278,biceps-curl,,,
-384,984,224,biceps-curl,,,
-320,984,200,biceps-curl,,,
-320,984,200,biceps-curl,,,
-250,968,270,biceps-curl,,,
-187,938,394,biceps-curl,,,
-102,951,348,biceps-curl,,,
-38,923,278,biceps-curl,,,
39,913,365,biceps-curl,,,
90,912,432,biceps-curl,,,
144,871,413,biceps-curl,,,
185,824,448,biceps-curl,,,
231,757,456,biceps-curl,,,
272,731,424,biceps-curl,,,
330,691,466,biceps-curl,,,
350,650,377,biceps-curl,,,
393,611,385,biceps-curl,,,
425,571,308,biceps-curl,,,
454,527,278,biceps-curl,,,
491,474,285,biceps-curl,,,
530,445,272,biceps-curl,,,
554,420,142,biceps-curl,,,
595,378,126,biceps-curl,,,
640,322,136,biceps-curl,,,
679,282,97,biceps-curl,,,
714,254,17,biceps-curl,,,
728,218,-6,biceps-curl,,,
745,208,24,biceps-curl,,,
748,212,40,biceps-curl,,,
732,235,117,biceps-curl,,,
702,275,181,biceps-curl,,,
651,306,203,biceps-curl,,,
617,341,285,biceps-curl,,,
592,399,349,biceps-curl,,,
550,471,377,biceps-curl,,,
511,493,427,biceps-curl,,,
501,513,493,biceps-curl,,,
491,565,481,biceps-curl,,,
438,586,444,biceps-curl,,,
414,642,472,biceps-curl,,,
402,720,466,biceps-curl,,,
374,727,436,biceps-curl,,,
331,828,405,biceps-curl,,,
285,856,429,biceps-curl,,,
262,923,430,biceps-curl,,,
208,941,335,biceps-curl,,,
163,967,259,biceps-curl,,,
128,962,332,biceps-curl,,,
67,979,409,biceps-curl,,,
18,1011,345,biceps-curl,,,
-43,1040,279,biceps-curl,,,
-81,1037,367,biceps-curl,,,
-107,986,184,biceps-curl,,,
-209,1056,168,biceps-curl,,,
-263,1040,160,biceps-curl,,,
-256,986,238,biceps-curl,,,
-324,984,149,biceps-curl,,,
-425,962,151,biceps-curl,,,
-447,945,167,biceps-curl,,,
-491,958,111,biceps-curl,,,
-538,932,62,biceps-curl,,,
-599,914,8,biceps-curl,,,
-635,925,7,biceps-curl,,,
-673,895,106,biceps-curl,,,
-693,856,64,biceps-curl,,,
-708,848,-20,biceps-curl,,,
-712,782,45,biceps-curl,,,
-730,748,-4,biceps-curl,,,
-753,727,-26,biceps-curl,,,
-782,687,-13,biceps-curl,,,
-797,672,-57,biceps-curl,,,
-816,635,-6,biceps-curl,,,
-844,611,12,biceps-curl,,,
-861,578,-20,biceps-curl,,,
-878,541,-27,biceps-curl,,,
-902,514,-19,biceps-curl,,,
-921,495,-52,biceps-curl,,,
-915,484,-37,biceps-curl,,,
-912,468,0,biceps-curl,,,
-924,444,0,biceps-curl,,,
-943,420,0,biceps-curl,,,
-971,397,-4,biceps-curl,,,
-998,377,-19,biceps-curl,,,
-1026,355,-25,biceps-curl,,,
-1046,342,-29,biceps-curl,,,
-1053,349,-20,biceps-curl,,,
-1048,350,18,biceps-curl,,,
-1064,357,5,biceps-curl,,,
-1083,365,-3,biceps-curl,,,
-1056,397,9,biceps-curl,,,
-1058,406,37,biceps-curl,,,
-1062,408,-3,biceps-curl,,,
-1052,452,-14,biceps-curl,,,
-1045,508,38,biceps-curl,,,
-1061,498,30,biceps-curl,,,
-1042,510,27,biceps-curl,,,
-1015,541,35,biceps-curl,,,
-1009,568,13,biceps-curl,,,
-1012,573,41,biceps-curl,,,
-983,613,49,biceps-curl,,,
-975,657,64,biceps-curl,,,
-958,667,143,biceps-curl,,,
-930,715,28,biceps-curl,,,
-966,769,108,biceps-curl,,,
-904,792,248,biceps-curl,,,
-904,792,120,biceps-curl,,,
-850,877,120,biceps-curl,,,
-825,872,143,biceps-curl,,,
-787,917,263,biceps-curl,,,
-755,927,133,biceps-curl,,,
-681,949,141,biceps-curl,,,
-630,973,130,biceps-curl,,,
-597,969,155,biceps-curl,,,
-532,988,213,biceps-curl,,,
-494,992,178,biceps-curl,,,
-424,1011,117,biceps-curl,,,
-365,1022,154,biceps-curl,,,
-292,982,247,biceps-curl,,,
-213,950,272,biceps-curl,,,
-146,904,289,biceps-curl,,,
-61,888,257,biceps-curl,,,
22,850,218,biceps-curl,,,
106,837,287,biceps-curl,,,
182,830,353,biceps-curl,,,
223,834,304,biceps-curl,,,
256,797,317,biceps-curl,,,
300,745,329,biceps-curl,,,
351,706,334,biceps-curl,,,
380,649,326,biceps-curl,,,
413,579,250,biceps-curl,,,
472,548,200,biceps-curl,,,
531,506,196,biceps-curl,,,
575,452,118,biceps-curl,,,
617,427,64,biceps-curl,,,
651,387,134,biceps-curl,,,
662,317,115,biceps-curl,,,
696,240,9,biceps-curl,,,
745,225,-1,biceps-curl,,,
774,200,-9,biceps-curl,,,
803,195,-85,biceps-curl,,,
798,184,-102,biceps-curl,,,
790,186,-64,biceps-curl,,,
807,192,-18,biceps-curl,,,
750,200,18,biceps-curl,,,
713,240,85,biceps-curl,,,
676,299,148,biceps-curl,,,
628,325,225,biceps-curl,,,
601,396,243,biceps-curl,,,
563,457,298,biceps-curl,,,
531,476,322,biceps-curl,,,
492,567,401,biceps-curl,,,
452,622,464,biceps-curl,,,
406,604,309,biceps-curl,,,
384,669,383,biceps-curl,,,
383,768,515,biceps-curl,,,
336,768,351,biceps-curl,,,
360,784,273,biceps-curl,,,
306,877,396,biceps-curl,,,
266,880,278,biceps-curl,,,
242,969,220,biceps-curl,,,
189,983,252,biceps-curl,,,
155,1020,299,biceps-curl,,,
110,1059,213,biceps-curl,,,
70,1023,159,biceps-curl,,,
17,1069,199,biceps-curl,,,
-51,1067,130,biceps-curl,,,
-115,1039,55,biceps-curl,,,
-153,1075,90,biceps-curl,,,
-196,1088,68,biceps-curl,,,
-284,1053,97,biceps-curl,,,
-358,1034,72,biceps-curl,,,
-415,1026,112,biceps-curl,,,
-486,1035,82,biceps-curl,,,
-523,972,45,biceps-curl,,,
-553,916,86,biceps-curl,,,
-603,899,38,biceps-curl,,,
-629,843,-32,biceps-curl,,,
-669,808,-20,biceps-curl,,,
-709,799,18,biceps-curl,,,
-746,818,-24,biceps-curl,,,
-772,761,-22,biceps-curl,,,
-788,652,-12,biceps-curl,,,
-815,662,-29,biceps-curl,,,
-843,694,-1,biceps-curl,,,
-874,626,12,biceps-curl,,,
-909,571,40,biceps-curl,,,
-918,560,33,biceps-curl,,,
-916,515,-21,biceps-curl,,,
-951,480,-4,biceps-curl,,,
-979,464,11,biceps-curl,,,
-987,419,18,biceps-curl,,,
-987,390,46,biceps-curl,,,
-976,377,33,biceps-curl,,,
-980,349,45,biceps-curl,,,
-994,322,18,biceps-curl,,,
-1005,326,33,biceps-curl,,,
-1026,318,64,biceps-curl,,,
-1032,315,52,biceps-curl,,,
-1032,325,9,biceps-curl,,,
-1030,316,45,biceps-curl,,,
-1019,339,-6,biceps-curl,,,
-1039,364,64,biceps-curl,,,
-1033,398,65,biceps-curl,,,
-1041,378,69,biceps-curl,,,
-1055,401,33,biceps-curl,,,
-1040,417,58,biceps-curl,,,
-1056,440,128,biceps-curl,,,
-1056,448,64,biceps-curl,,,
-1056,448,64,biceps-curl,,,
-1009,471,95,biceps-curl,,,
-1046,487,104,biceps-curl,,,
-1011,518,111,biceps-curl,,,
-993,527,76,biceps-curl,,,
-999,571,129,biceps-curl,,,
-1021,597,94,biceps-curl,,,
-990,607,149,biceps-curl,,,
-957,648,127,biceps-curl,,,
-952,695,94,biceps-curl,,,
-927,710,164,biceps-curl,,,
-889,755,141,biceps-curl,,,
-856,774,110,biceps-curl,,,
-801,811,163,biceps-curl,,,
-767,835,167,biceps-curl,,,
-732,818,154,biceps-curl,,,
-688,830,174,biceps-curl,,,
-635,856,247,biceps-curl,,,
-550,895,316,biceps-curl,,,
-492,912,390,biceps-curl,,,
-451,912,371,biceps-curl,,,
-395,917,327,biceps-curl,,,
-332,916,369,biceps-curl,,,
-265,903,447,biceps-curl,,,
-203,908,455,biceps-curl,,,
-144,940,468,biceps-curl,,,
-89,952,481,biceps-curl,,,
-53,933,478,biceps-curl,,,
-5,902,465,biceps-curl,,,
70,890,443,biceps-curl,,,
128,901,477,biceps-curl,,,
170,878,484,biceps-curl,,,
223,833,536,biceps-curl,,,
275,800,565,biceps-curl,,,
312,768,520,biceps-curl,,,
361,726,526,biceps-curl,,,
407,697,499,biceps-curl,,,
435,667,505,biceps-curl,,,
464,612,521,biceps-curl,,,
477,547,438,biceps-curl,,,
518,516,468,biceps-curl,,,
515,462,358,biceps-curl,,,
541,409,213,biceps-curl,,,
612,374,246,biceps-curl,,,
636,355,273,biceps-curl,,,
667,315,215,biceps-curl,,,
689,271,138,biceps-curl,,,
699,254,83,biceps-curl,,,
745,224,118,biceps-curl,,,
761,215,80,biceps-curl,,,
792,176,80,biceps-curl,,,
792,160,32,biceps-curl,,,
823,152,110,biceps-curl,,,
778,152,21,biceps-curl,,,
761,174,165,biceps-curl,,,
716,220,147,biceps-curl,,,
676,295,201,biceps-curl,,,
616,360,292,biceps-curl,,,
588,382,386,biceps-curl,,,
537,431,333,biceps-curl,,,
528,473,463,biceps-curl,,,
471,505,407,biceps-curl,,,
444,568,483,biceps-curl,,,
452,614,548,biceps-curl,,,
438,630,472,biceps-curl,,,
426,643,474,biceps-curl,,,
424,693,510,biceps-curl,,,
392,772,552,biceps-curl,,,
344,853,500,biceps-curl,,,
313,860,510,biceps-curl,,,
269,892,492,biceps-curl,,,
210,973,450,biceps-curl,,,
152,976,426,biceps-curl,,,
88,979,483,biceps-curl,,,
21,1017,471,biceps-curl,,,
-33,1032,428,biceps-curl,,,
-80,1012,444,biceps-curl,,,
-116,980,460,biceps-curl,,,
-165,964,402,biceps-curl,,,
-233,978,348,biceps-curl,,,
-281,983,414,biceps-curl,,,
-330,963,411,biceps-curl,,,
-399,980,359,biceps-curl,,,
-460,968,349,biceps-curl,,,
-491,885,255,biceps-curl,,,
-528,848,195,biceps-curl,,,
-567,868,193,biceps-curl,,,
-600,829,174,biceps-curl,,,
-646,789,172,biceps-curl,,,
-682,760,217,biceps-curl,,,
-743,735,288,biceps-curl,,,
-773,640,171,biceps-curl,,,
-796,611,140,biceps-curl,,,
-820,624,96,biceps-curl,,,
-849,617,138,biceps-curl,,,
-909,573,151,biceps-curl,,,
-947,547,139,biceps-curl,,,
-979,505,95,biceps-curl,,,
-1008,508,93,biceps-curl,,,
-1010,453,158,biceps-curl,,,
-1040,400,125,biceps-curl,,,
-1040,384,32,biceps-curl,,,
-1064,376,112,biceps-curl,,,
-1072,345,143,biceps-curl,,,
-1087,314,98,biceps-curl,,,
-1095,252,44,biceps-curl,,,
-1089,284,128,biceps-curl,,,
-1074,274,129,biceps-curl,,,
-1051,293,58,biceps-curl,,,
-1055,303,55,biceps-curl,,,
-1049,291,89,biceps-curl,,,
-1035,288,70,biceps-curl,,,
-1019,294,70,biceps-curl,,,
-1010,308,97,biceps-curl,,,
-990,312,92,biceps-curl,,,
-990,330,64,biceps-curl,,,
-998,342,85,biceps-curl,,,
-1000,350,113,biceps-curl,,,
-1011,363,104,biceps-curl,,,
-1021,373,133,biceps-curl,,,
-1039,396,111,biceps-curl,,,
-1063,423,98,biceps-curl,,,
-1082,461,99,biceps-curl,,,
-1088,480,68,biceps-curl,,,
-1066,507,66,biceps-curl,,,
-1039,545,140,biceps-curl,,,
-1028,589,242,biceps-curl,,,
-1012,620,252,biceps-curl,,,
-992,643,216,biceps-curl,,,
-969,679,223,biceps-curl,,,
-941,714,186,biceps-curl,,,
-901,743,162,biceps-curl,,,
-848,765,205,biceps-curl,,,
-806,778,249,biceps-curl,,,
-756,780,351,biceps-curl,,,
-709,814,323,biceps-curl,,,
-667,848,208,biceps-curl,,,
-609,869,289,biceps-curl,,,
-553,894,370,biceps-curl,,,
-488,926,298,biceps-curl,,,
-448,916,341,biceps-curl,,,
-387,908,431,biceps-curl,,,
-329,928,344,biceps-curl,,,
-263,956,374,biceps-curl,,,
-216,935,497,biceps-curl,,,
-165,926,469,biceps-curl,,,
-93,914,502,biceps-curl,,,
-13,920,534,biceps-curl,,,
15,857,455,biceps-curl,,,
92,862,519,biceps-curl,,,
147,838,396,biceps-curl,,,
209,800,475,biceps-curl,,,
257,792,568,biceps-curl,,,
327,760,560,biceps-curl,,,
367,737,490,biceps-curl,,,
421,668,480,biceps-curl,,,
461,664,465,biceps-curl,,,
479,635,435,biceps-curl,,,
509,582,475,biceps-curl,,,
526,555,508,biceps-curl,,,
528,511,382,biceps-curl,,,
555,444,293,biceps-curl,,,
567,393,254,biceps-curl,,,
587,359,235,biceps-curl,,,
604,265,195,biceps-curl,,,
614,198,166,biceps-curl,,,
663,172,78,biceps-curl,,,
720,134,-32,biceps-curl,,,
775,114,-64,biceps-curl,,,
830,80,-80,biceps-curl,,,
859,64,-25,biceps-curl,,,
818,105,-79,biceps-curl,,,
832,103,-69,biceps-curl,,,
827,121,54,biceps-curl,,,
803,149,112,biceps-curl,,,
791,183,116,biceps-curl,,,
749,221,163,biceps-curl,,,
708,278,271,biceps-curl,,,
660,328,304,biceps-curl,,,
609,355,326,biceps-curl,,,
577,420,432,biceps-curl,,,
546,486,456,biceps-curl,,,
515,531,470,biceps-curl,,,
522,552,467,biceps-curl,,,
545,568,373,biceps-curl,,,
503,664,393,biceps-curl,,,
475,731,398,biceps-curl,,,
470,747,461,biceps-curl,,,
429,760,470,biceps-curl,,,
382,814,448,biceps-curl,,,
361,836,423,biceps-curl,,,
308,916,437,biceps-curl,,,
270,926,348,biceps-curl,,,
252,936,359,biceps-curl,,,
202,1001,406,biceps-curl,,,
168,1008,244,biceps-curl,,,
126,1002,358,biceps-curl,,,
103,971,427,biceps-curl,,,
33,999,318,biceps-curl,,,
-26,1052,173,biceps-curl,,,
-51,1006,228,biceps-curl,,,
-99,983,284,biceps-curl,,,
-153,969,196,biceps-curl,,,
-200,992,64,biceps-curl,,,
-256,920,120,biceps-curl,,,
-256,920,120,biceps-curl,,,
-303,904,81,biceps-curl,,,
-395,942,141,biceps-curl,,,
-445,959,-12,biceps-curl,,,
-484,909,42,biceps-curl,,,
-552,911,62,biceps-curl,,,
-616,870,-48,biceps-curl,,,
-672,898,-57,biceps-curl,,,
-727,791,-29,biceps-curl,,,
-736,775,-17,biceps-curl,,,
-787,789,-67,biceps-curl,,,
-825,742,-43,biceps-curl,,,
-844,692,10,biceps-curl,,,
-872,662,-17,biceps-curl,,,
-903,667,-95,biceps-curl,,,
-923,583,-31,biceps-curl,,,
-944,582,13,biceps-curl,,,
-963,563,27,biceps-curl,,,
-968,549,-9,biceps-curl,,,
-973,493,12,biceps-curl,,,
-976,451,-8,biceps-curl,,,
-990,439,16,biceps-curl,,,
-991,414,2,biceps-curl,,,
-980,400,-10,biceps-curl,,,
-980,383,-9,biceps-curl,,,
-1004,372,12,biceps-curl,,,
-1020,376,29,biceps-curl,,,
-1016,380,0,biceps-curl,,,
-1037,384,-21,biceps-curl,,,
-1077,381,13,biceps-curl,,,
-1077,408,80,biceps-curl,,,
-1057,450,62,biceps-curl,,,
-1078,446,81,biceps-curl,,,
-1066,461,91,biceps-curl,,,
-1037,469,62,biceps-curl,,,
-1052,469,31,biceps-curl,,,
-1013,491,53,biceps-curl,,,
-990,514,60,biceps-curl,,,
-1008,502,54,biceps-curl,,,
-1001,531,95,biceps-curl,,,
-979,568,168,biceps-curl,,,
-991,581,142,biceps-curl,,,
-983,647,175,biceps-curl,,,
-972,679,209,biceps-curl,,,
-951,673,213,biceps-curl,,,
-937,687,195,biceps-curl,,,
-876,745,220,biceps-curl,,,
-837,754,179,biceps-curl,,,
-798,779,224,biceps-curl,,,
-751,840,216,biceps-curl,,,
-704,840,224,biceps-curl,,,
-672,864,200,biceps-curl,,,
-602,880,247,biceps-curl,,,
-570,903,278,biceps-curl,,,
-523,926,325,biceps-curl,,,
-476,957,350,biceps-curl,,,
-465,953,381,biceps-curl,,,
-394,966,398,biceps-curl,,,
-336,975,345,biceps-curl,,,
-275,996,356,biceps-curl,,,
-231,1020,380,biceps-curl,,,
-173,960,467,biceps-curl,,,
-104,956,525,biceps-curl,,,
-46,948,451,biceps-curl,,,
9,909,412,biceps-curl,,,
76,867,511,biceps-curl,,,
135,839,474,biceps-curl,,,
190,810,418,biceps-curl,,,
240,800,434,biceps-curl,,,
251,775,443,biceps-curl,,,
263,711,465,biceps-curl,,,
301,656,499,biceps-curl,,,
334,621,498,biceps-curl,,,
375,581,430,biceps-curl,,,
430,534,423,biceps-curl,,,
468,500,427,biceps-curl,,,
504,468,392,biceps-curl,,,
532,433,353,biceps-curl,,,
551,398,283,biceps-curl,,,
589,355,258,biceps-curl,,,
636,315,219,biceps-curl,,,
693,277,133,biceps-curl,,,
742,239,134,biceps-curl,,,
775,209,121,biceps-curl,,,
827,184,58,biceps-curl,,,
840,179,32,biceps-curl,,,
831,170,69,biceps-curl,,,
843,176,91,biceps-curl,,,
821,182,135,biceps-curl,,,
784,210,180,biceps-curl,,,
751,249,215,biceps-curl,,,
712,282,261,biceps-curl,,,
671,300,168,biceps-curl,,,
624,357,360,biceps-curl,,,
580,395,438,biceps-curl,,,
558,460,421,biceps-curl,,,
541,495,403,biceps-curl,,,
513,554,427,biceps-curl,,,
517,580,386,biceps-curl,,,
470,641,518,biceps-curl,,,
440,666,479,biceps-curl,,,
432,728,440,biceps-curl,,,
392,808,472,biceps-curl,,,
345,886,441,biceps-curl,,,
306,865,448,biceps-curl,,,
267,886,418,biceps-curl,,,
235,917,350,biceps-curl,,,
189,956,351,biceps-curl,,,
184,1009,387,biceps-curl,,,
123,989,358,biceps-curl,,,
45,991,299,biceps-curl,,,
-7,972,281,biceps-curl,,,
-60,936,267,biceps-curl,,,
-109,965,227,biceps-curl,,,
-138,958,258,biceps-curl,,,
-197,1023,225,biceps-curl,,,
-268,991,248,biceps-curl,,,
-327,912,253,biceps-curl,,,
-387,931,237,biceps-curl,,,
-450,920,206,biceps-curl,,,
-497,873,131,biceps-curl,,,
-532,846,116,biceps-curl,,,
-587,850,185,biceps-curl,,,
-630,819,173,biceps-curl,,,
-680,752,145,biceps-curl,,,
-747,720,178,biceps-curl,,,
-801,745,146,biceps-curl,,,
-860,712,132,biceps-curl,,,
-904,641,168,biceps-curl,,,
-934,602,179,biceps-curl,,,
-956,565,199,biceps-curl,,,
-969,518,157,biceps-curl,,,
-1002,472,78,biceps-curl,,,
-1019,469,79,biceps-curl,,,
-1024,449,107,biceps-curl,,,
-1021,419,104,biceps-curl,,,
-1021,398,106,biceps-curl,,,
-1032,369,127,biceps-curl,,,
-1037,343,99,biceps-curl,,,
-1046,316,130,biceps-curl,,,
-1038,302,142,biceps-curl,,,
-1030,294,140,biceps-curl,,,
-1027,280,72,biceps-curl,,,
-1040,252,82,biceps-curl,,,
-1037,272,129,biceps-curl,,,
-1026,273,135,biceps-curl,,,
-1039,280,125,biceps-curl,,,
-1033,280,107,biceps-curl,,,
-1039,281,130,biceps-curl,,,
-1025,295,73,biceps-curl,,,
-1032,290,84,biceps-curl,,,
-1024,320,151,biceps-curl,,,
-1032,320,128,biceps-curl,,,
-1040,320,128,biceps-curl,,,
-1032,367,97,biceps-curl,,,
-1047,398,119,biceps-curl,,,
-1048,407,120,biceps-curl,,,
-1055,430,142,biceps-curl,,,
-1027,475,144,biceps-curl,,,
-1024,501,221,biceps-curl,,,
-1010,531,136,biceps-curl,,,
-1001,576,147,biceps-curl,,,
-1007,591,172,biceps-curl,,,
-983,630,189,biceps-curl,,,
-951,677,211,biceps-curl,,,
-938,706,216,biceps-curl,,,
-889,747,257,biceps-curl,,,
-861,783,209,biceps-curl,,,
-845,825,245,biceps-curl,,,
-797,878,294,biceps-curl,,,
-765,885,325,biceps-curl,,,
-735,885,341,biceps-curl,,,
-676,898,304,biceps-curl,,,
-634,914,256,biceps-curl,,,
-587,915,291,biceps-curl,,,
-524,921,297,biceps-curl,,,
-466,941,250,biceps-curl,,,
-407,944,257,biceps-curl,,,
-356,924,296,biceps-curl,,,
-290,897,304,biceps-curl,,,
-207,880,403,biceps-curl,,,
-133,852,486,biceps-curl,,,
-61,826,381,biceps-curl,,,
5,872,351,biceps-curl,,,
60,902,420,biceps-curl,,,
95,855,492,biceps-curl,,,
139,819,589,biceps-curl,,,
186,787,561,biceps-curl,,,
230,746,468,biceps-curl,,,
298,741,417,biceps-curl,,,
355,712,377,biceps-curl,,,
394,702,438,biceps-curl,,,
424,659,442,biceps-curl,,,
437,613,327,biceps-curl,,,
492,591,375,biceps-curl,,,
516,543,313,biceps-curl,,,
543,489,212,biceps-curl,,,
587,443,270,biceps-curl,,,
611,405,198,biceps-curl,,,
642,378,186,biceps-curl,,,
665,319,205,biceps-curl,,,
676,309,156,biceps-curl,,,
745,255,79,biceps-curl,,,
776,224,32,biceps-curl,,,
824,176,-40,biceps-curl,,,
855,137,-79,biceps-curl,,,
841,136,-95,biceps-curl,,,
862,84,-21,biceps-curl,,,
871,95,144,biceps-curl,,,
793,89,39,biceps-curl,,,
763,172,122,biceps-curl,,,
705,198,88,biceps-curl,,,
676,240,247,biceps-curl,,,
639,287,319,biceps-curl,,,
594,309,239,biceps-curl,,,
578,368,284,biceps-curl,,,
558,450,431,biceps-curl,,,
499,513,425,biceps-curl,,,
469,562,408,biceps-curl,,,
425,626,497,biceps-curl,,,
386,680,493,biceps-curl,,,
371,712,461,biceps-curl,,,
343,751,456,biceps-curl,,,
303,837,431,biceps-curl,,,
278,894,459,biceps-curl,,,
235,918,442,biceps-curl,,,
168,946,435,biceps-curl,,,
127,934,426,biceps-curl,,,
95,966,396,biceps-curl,,,
28,1020,328,biceps-curl,,,
-35,1005,291,biceps-curl,,,
-89,999,335,biceps-curl,,,
-167,1027,264,biceps-curl,,,
-240,1053,182,biceps-curl,,,
-295,1049,211,biceps-curl,,,
-352,1007,180,biceps-curl,,,
-412,1015,134,biceps-curl,,,
-467,1040,126,biceps-curl,,,
-509,998,195,biceps-curl,,,
-530,988,145,biceps-curl,,,
-568,993,70,biceps-curl,,,
-614,930,102,biceps-curl,,,
-638,904,116,biceps-curl,,,
-660,867,151,biceps-curl,,,
-677,822,57,biceps-curl,,,
-706,806,35,biceps-curl,,,
-761,752,57,biceps-curl,,,
-817,711,99,biceps-curl,,,
-876,695,65,biceps-curl,,,
-907,633,9,biceps-curl,,,
-927,636,-41,biceps-curl,,,
-918,590,29,biceps-curl,,,
-897,557,-8,biceps-curl,,,
-920,503,3,biceps-curl,,,
-904,480,96,biceps-curl,,,
-920,456,88,biceps-curl,,,
-951,440,80,biceps-curl,,,
-975,402,65,biceps-curl,,,
-998,355,-11,biceps-curl,,,
-1000,352,72,biceps-curl,,,
-1007,338,94,biceps-curl,,,
-1022,294,54,biceps-curl,,,
-1031,268,48,biceps-curl,,,
-1039,264,75,biceps-curl,,,
-1047,251,106,biceps-curl,,,
-1042,242,74,biceps-curl,,,
-1040,246,45,biceps-curl,,,
-1040,242,46,biceps-curl,,,
-1040,234,42,biceps-curl,,,
-1034,255,92,biceps-curl,,,
-1032,275,129,biceps-curl,,,
-1032,291,104,biceps-curl,,,
-1043,312,83,biceps-curl,,,
-1038,330,80,biceps-curl,,,
-1027,341,100,biceps-curl,,,
-1038,377,69,biceps-curl,,,
-1034,414,114,biceps-curl,,,
-1028,442,159,biceps-curl,,,
-1028,482,109,biceps-curl,,,
-1024,512,84,biceps-curl,,,
-1020,528,132,biceps-curl,,,
-1020,544,176,biceps-curl,,,
-1017,570,169,biceps-curl,,,
-1001,603,124,biceps-curl,,,
-982,613,101,biceps-curl,,,
-939,643,139,biceps-curl,,,
-893,687,186,biceps-curl,,,
-888,669,222,biceps-curl,,,
-866,689,216,biceps-curl,,,
-819,736,205,biceps-curl,,,
-793,736,267,biceps-curl,,,
-737,754,289,biceps-curl,,,
-674,819,234,biceps-curl,,,
-644,864,256,biceps-curl,,,
-594,851,302,biceps-curl,,,
-534,886,286,biceps-curl,,,
-493,889,267,biceps-curl,,,
-471,929,355,biceps-curl,,,
-415,940,359,biceps-curl,,,
-358,962,301,biceps-curl,,,
-339,979,289,biceps-curl,,,
-294,1008,374,biceps-curl,,,
-267,1007,437,biceps-curl,,,
-196,991,399,biceps-curl,,,
-127,968,385,biceps-curl,,,
-80,952,416,biceps-curl,,,
-8,936,488,biceps-curl,,,
-8,936,488,biceps-curl,,,
62,952,589,biceps-curl,,,
110,906,516,biceps-curl,,,
172,911,430,biceps-curl,,,
227,912,548,biceps-curl,,,
268,869,439,biceps-curl,,,
314,857,473,biceps-curl,,,
354,829,460,biceps-curl,,,
387,791,396,biceps-curl,,,
418,738,436,biceps-curl,,,
443,677,473,biceps-curl,,,
473,633,505,biceps-curl,,,
492,594,476,biceps-curl,,,
496,543,388,biceps-curl,,,
507,499,383,biceps-curl,,,
512,466,342,biceps-curl,,,
523,424,288,biceps-curl,,,
539,392,246,biceps-curl,,,
559,359,242,biceps-curl,,,
568,300,208,biceps-curl,,,
592,253,103,biceps-curl,,,
650,212,20,biceps-curl,,,
720,165,-4,biceps-curl,,,
791,114,-116,biceps-curl,,,
861,76,-204,biceps-curl,,,
908,48,-164,biceps-curl,,,
905,47,-147,biceps-curl,,,
895,75,-139,biceps-curl,,,
869,106,-100,biceps-curl,,,
824,131,-89,biceps-curl,,,
827,155,-61,biceps-curl,,,
808,202,29,biceps-curl,,,
756,235,137,biceps-curl,,,
722,256,166,biceps-curl,,,
691,319,220,biceps-curl,,,
663,396,273,biceps-curl,,,
613,435,290,biceps-curl,,,
571,483,376,biceps-curl,,,
528,546,376,biceps-curl,,,
495,581,354,biceps-curl,,,
467,603,301,biceps-curl,,,
471,626,381,biceps-curl,,,
429,680,351,biceps-curl,,,
412,726,265,biceps-curl,,,
389,770,280,biceps-curl,,,
362,848,330,biceps-curl,,,
308,916,277,biceps-curl,,,
269,961,255,biceps-curl,,,
221,971,340,biceps-curl,,,
159,1023,271,biceps-curl,,,
128,992,240,biceps-curl,,,
104,1016,280,biceps-curl,,,
42,1047,156,biceps-curl,,,
-36,1033,106,biceps-curl,,,
-100,1010,134,biceps-curl,,,
-148,1008,187,biceps-curl,,,
-223,1037,71,biceps-curl,,,
-274,935,112,biceps-curl,,,
-328,961,202,biceps-curl,,,
-376,988,69,biceps-curl,,,
-475,959,40,biceps-curl,,,
-553,933,129,biceps-curl,,,
-605,934,251,biceps-curl,,,
-646,912,189,biceps-curl,,,
-703,845,89,biceps-curl,,,
-743,835,64,biceps-curl,,,
-774,818,114,biceps-curl,,,
-816,770,98,biceps-curl,,,
-848,741,96,biceps-curl,,,
-866,690,58,biceps-curl,,,
-912,684,62,biceps-curl,,,
-941,677,70,biceps-curl,,,
-958,613,45,biceps-curl,,,
-972,558,41,biceps-curl,,,
-980,509,74,biceps-curl,,,
-1001,472,92,biceps-curl,,,
-1028,452,60,biceps-curl,,,
-1040,417,36,biceps-curl,,,
-1036,381,44,biceps-curl,,,
-1039,347,55,biceps-curl,,,
-1048,296,61,biceps-curl,,,
-1042,264,46,biceps-curl,,,
-1050,246,35,biceps-curl,,,
-1065,219,40,biceps-curl,,,
-1043,224,48,biceps-curl,,,
-1048,221,61,biceps-curl,,,
-1041,218,54,biceps-curl,,,
-1026,224,37,biceps-curl,,,
-1034,230,19,biceps-curl,,,
-1034,252,40,biceps-curl,,,
-1020,266,9,biceps-curl,,,
-1030,275,4,biceps-curl,,,
-1024,291,83,biceps-curl,,,
-1025,303,100,biceps-curl,,,
-1031,300,115,biceps-curl,,,
-1022,327,94,biceps-curl,,,
-1012,374,132,biceps-curl,,,
-1045,366,98,biceps-curl,,,
-1017,424,123,biceps-curl,,,
-1032,425,163,biceps-curl,,,
-1040,450,215,biceps-curl,,,
-1032,520,184,biceps-curl,,,
-1048,512,88,biceps-curl,,,
-1025,559,104,biceps-curl,,,
-971,598,119,biceps-curl,,,
-961,585,157,biceps-curl,,,
-953,635,226,biceps-curl,,,
-895,683,275,biceps-curl,,,
-860,730,154,biceps-curl,,,
-856,750,177,biceps-curl,,,
-809,765,224,biceps-curl,,,
-767,801,199,biceps-curl,,,
-754,840,300,biceps-curl,,,
-671,854,303,biceps-curl,,,
-624,874,356,biceps-curl,,,
-563,898,341,biceps-curl,,,
-492,944,265,biceps-curl,,,
-427,977,324,biceps-curl,,,
-365,995,376,biceps-curl,,,
-312,1005,310,biceps-curl,,,
-250,1028,303,biceps-curl,,,
-194,1015,399,biceps-curl,,,
-147,971,448,biceps-curl,,,
-86,952,406,biceps-curl,,,
-29,965,398,biceps-curl,,,
27,985,438,biceps-curl,,,
77,971,444,biceps-curl,,,
120,928,492,biceps-curl,,,
167,892,548,biceps-curl,,,
218,876,496,biceps-curl,,,
276,861,504,biceps-curl,,,
322,821,624,biceps-curl,,,
339,771,683,biceps-curl,,,
350,734,621,biceps-curl,,,
375,689,509,biceps-curl,,,
416,648,485,biceps-curl,,,
451,593,427,biceps-curl,,,
473,539,403,biceps-curl,,,
519,521,430,biceps-curl,,,
540,500,395,biceps-curl,,,
548,472,412,biceps-curl,,,
536,415,363,biceps-curl,,,
538,366,320,biceps-curl,,,
545,289,307,biceps-curl,,,
560,257,236,biceps-curl,,,
606,253,183,biceps-curl,,,
645,183,212,biceps-curl,,,
689,114,114,biceps-curl,,,
776,56,-2,biceps-curl,,,
861,-25,-24,biceps-curl,,,
939,-32,-29,biceps-curl,,,
992,-32,-125,biceps-curl,,,
984,-48,-24,biceps-curl,,,
968,-8,-32,biceps-curl,,,
952,-8,-32,biceps-curl,,,
891,38,21,biceps-curl,,,
888,33,17,biceps-curl,,,
830,98,45,biceps-curl,,,
803,133,141,biceps-curl,,,
765,178,208,biceps-curl,,,
705,204,182,biceps-curl,,,
683,255,263,biceps-curl,,,
647,316,339,biceps-curl,,,
608,360,301,biceps-curl,,,
581,424,375,biceps-curl,,,
558,470,340,biceps-curl,,,
528,539,320,biceps-curl,,,
491,571,354,biceps-curl,,,
458,621,318,biceps-curl,,,
432,721,242,biceps-curl,,,
382,781,290,biceps-curl,,,
340,848,308,biceps-curl,,,
308,890,242,biceps-curl,,,
253,929,222,biceps-curl,,,
205,971,241,biceps-curl,,,
183,975,230,biceps-curl,,,
154,981,156,biceps-curl,,,
111,996,87,biceps-curl,,,
60,1000,108,biceps-curl,,,
24,985,113,biceps-curl,,,
-13,968,87,biceps-curl,,,
-59,972,100,biceps-curl,,,
-99,946,67,biceps-curl,,,
-181,923,6,biceps-curl,,,
-294,958,10,biceps-curl,,,
-397,962,8,biceps-curl,,,
-486,938,-67,biceps-curl,,,
-576,915,-76,biceps-curl,,,
-625,922,-50,biceps-curl,,,
-689,901,-123,biceps-curl,,,
-760,824,-93,biceps-curl,,,
-806,794,-50,biceps-curl,,,
-883,774,-73,biceps-curl,,,
-932,745,-63,biceps-curl,,,
-977,655,-110,biceps-curl,,,
-987,643,-61,biceps-curl,,,
-1005,602,-49,biceps-curl,,,
-1029,520,-52,biceps-curl,,,
-1010,510,-27,biceps-curl,,,
-1025,423,-52,biceps-curl,,,
-1041,413,-17,biceps-curl,,,
-1049,366,-32,biceps-curl,,,
-1072,327,-39,biceps-curl,,,
-1056,304,-8,biceps-curl,,,
-1072,264,-56,biceps-curl,,,
-1072,264,-56,biceps-curl,,,
-1064,264,22,biceps-curl,,,
-1041,241,16,biceps-curl,,,
-1047,233,-36,biceps-curl,,,
-1033,210,4,biceps-curl,,,
-1039,215,8,biceps-curl,,,
-1033,202,-13,biceps-curl,,,
-1046,173,-23,biceps-curl,,,
-1021,188,9,biceps-curl,,,
-1023,172,16,biceps-curl,,,
-1011,181,22,biceps-curl,,,
-1014,178,-7,biceps-curl,,,
-1022,176,14,biceps-curl,,,
-1018,200,18,biceps-curl,,,
-1016,225,-1,biceps-curl,,,
-1022,238,25,biceps-curl,,,
-1024,245,18,biceps-curl,,,
-1008,259,40,biceps-curl,,,
-1000,274,31,biceps-curl,,,
-1005,290,41,biceps-curl,,,
-1022,306,61,biceps-curl,,,
-1032,331,27,biceps-curl,,,
-1045,366,31,biceps-curl,,,
-1056,393,73,biceps-curl,,,
-1052,412,113,biceps-curl,,,
-1064,440,120,biceps-curl,,,
-1072,471,127,biceps-curl,,,
-1068,492,167,biceps-curl,,,
-1061,514,149,biceps-curl,,,
-1051,533,101,biceps-curl,,,
-1040,534,131,biceps-curl,,,
-998,565,150,biceps-curl,,,
-956,615,113,biceps-curl,,,
-917,637,171,biceps-curl,,,
-875,637,208,biceps-curl,,,
-857,665,174,biceps-curl,,,
-824,713,179,biceps-curl,,,
-771,755,233,biceps-curl,,,
-734,814,290,biceps-curl,,,
-712,836,234,biceps-curl,,,
-640,864,191,biceps-curl,,,
-572,924,215,biceps-curl,,,
-544,908,209,biceps-curl,,,
-492,926,204,biceps-curl,,,
-419,914,152,biceps-curl,,,
-379,930,255,biceps-curl,,,
-330,943,193,biceps-curl,,,
-268,938,291,biceps-curl,,,
-205,963,335,biceps-curl,,,
-152,1016,320,biceps-curl,,,
-135,1008,336,biceps-curl,,,
-65,960,312,biceps-curl,,,
-10,960,258,biceps-curl,,,
38,937,385,biceps-curl,,,
70,943,377,biceps-curl,,,
116,900,318,biceps-curl,,,
177,889,412,biceps-curl,,,
219,860,445,biceps-curl,,,
272,856,407,biceps-curl,,,
293,829,440,biceps-curl,,,
342,798,448,biceps-curl,,,
409,773,378,biceps-curl,,,
455,718,428,biceps-curl,,,
476,692,496,biceps-curl,,,
504,670,430,biceps-curl,,,
541,641,434,biceps-curl,,,
563,604,454,biceps-curl,,,
573,565,451,biceps-curl,,,
576,536,364,biceps-curl,,,
581,508,259,biceps-curl,,,
584,456,293,biceps-curl,,,
589,389,317,biceps-curl,,,
601,341,262,biceps-curl,,,
635,310,223,biceps-curl,,,
665,292,251,biceps-curl,,,
676,271,247,biceps-curl,,,
696,220,212,biceps-curl,,,
735,161,154,biceps-curl,,,
797,118,59,biceps-curl,,,
875,68,-48,biceps-curl,,,
950,15,-145,biceps-curl,,,
1002,-11,-155,biceps-curl,,,
1019,-16,-105,biceps-curl,,,
1007,-1,-41,biceps-curl,,,
962,35,-11,biceps-curl,,,
926,64,0,biceps-curl,,,
887,85,10,biceps-curl,,,
837,110,39,biceps-curl,,,
797,152,69,biceps-curl,,,
756,188,135,biceps-curl,,,
707,224,227,biceps-curl,,,
649,239,211,biceps-curl,,,
583,306,248,biceps-curl,,,
537,367,373,biceps-curl,,,
495,449,466,biceps-curl,,,
438,509,386,biceps-curl,,,
421,548,403,biceps-curl,,,
395,592,416,biceps-curl,,,
343,679,324,biceps-curl,,,
334,777,269,biceps-curl,,,
287,802,367,biceps-curl,,,
256,880,328,biceps-curl,,,
232,944,368,biceps-curl,,,
209,983,368,biceps-curl,,,
178,992,246,biceps-curl,,,
146,1044,374,biceps-curl,,,
78,1033,231,biceps-curl,,,
29,1032,173,biceps-curl,,,
-39,1025,175,biceps-curl,,,
-89,1051,203,biceps-curl,,,
-156,1009,95,biceps-curl,,,
-246,993,131,biceps-curl,,,
-302,979,80,biceps-curl,,,
-362,982,33,biceps-curl,,,
-442,984,42,biceps-curl,,,
-540,996,-11,biceps-curl,,,
-620,971,42,biceps-curl,,,
-679,943,72,biceps-curl,,,
-728,904,77,biceps-curl,,,
-749,867,38,biceps-curl,,,
-767,805,21,biceps-curl,,,
-801,761,9,biceps-curl,,,
-845,742,29,biceps-curl,,,
-883,708,25,biceps-curl,,,
-923,652,17,biceps-curl,,,
-940,624,-2,biceps-curl,,,
-936,607,5,biceps-curl,,,
-952,568,16,biceps-curl,,,
-980,521,-8,biceps-curl,,,
-1007,485,13,biceps-curl,,,
-1024,461,62,biceps-curl,,,
-1031,428,43,biceps-curl,,,
-1043,390,8,biceps-curl,,,
-1045,364,26,biceps-curl,,,
-1040,338,19,biceps-curl,,,
-1035,320,16,biceps-curl,,,
-1019,291,10,biceps-curl,,,
-996,259,32,biceps-curl,,,
-963,248,34,biceps-curl,,,
-944,246,42,biceps-curl,,,
-918,238,44,biceps-curl,,,
-899,232,36,biceps-curl,,,
-846,235,48,biceps-curl,,,
-799,244,47,biceps-curl,,,
-760,224,31,biceps-curl,,,
-752,218,-15,biceps-curl,,,
-698,183,-3,biceps-curl,,,
-659,176,31,biceps-curl,,,
-681,173,32,biceps-curl,,,
-691,141,116,biceps-curl,,,
-620,95,174,biceps-curl,,,
-553,74,126,biceps-curl,,,
-585,152,55,biceps-curl,,,
-663,144,-31,biceps-curl,,,
-711,152,69,biceps-curl,,,
-659,122,42,biceps-curl,,,
-693,83,18,biceps-curl,,,
-784,58,38,biceps-curl,,,
-778,56,183,biceps-curl,,,
-797,63,116,biceps-curl,,,
-841,57,36,biceps-curl,,,
-868,129,17,biceps-curl,,,
-931,92,9,biceps-curl,,,
-931,16,59,biceps-curl,,,
-928,68,84,biceps-curl,,,
-952,58,94,biceps-curl,,,
-984,72,108,biceps-curl,,,
-1038,80,49,biceps-curl,,,
-1050,102,85,biceps-curl,,,
-1053,107,128,biceps-curl,,,
-1135,136,68,biceps-curl,,,
-1232,132,73,biceps-curl,,,
-1284,95,32,biceps-curl,,,
-1320,113,59,biceps-curl,,,
-1331,205,99,biceps-curl,,,
-1350,243,118,biceps-curl,,,
-1364,210,114,biceps-curl,,,
-1381,150,0,biceps-curl,,,
-1388,140,-36,biceps-curl,,,
-1372,183,51,biceps-curl,,,
-1368,167,84,biceps-curl,,,
-1343,124,62,biceps-curl,,,
-1299,127,47,biceps-curl,,,
-1270,155,53,biceps-curl,,,
-1241,193,45,biceps-curl,,,
-1201,205,40,biceps-curl,,,
-1181,200,51,biceps-curl,,,
-1192,192,82,biceps-curl,,,
-1187,159,94,biceps-curl,,,
-1176,111,45,biceps-curl,,,
-1163,120,14,biceps-curl,,,
-1136,198,98,biceps-curl,,,
-1151,155,9,biceps-curl,,,
-1135,161,-64,biceps-curl,,,
-1196,342,-14,biceps-curl,,,
-1248,292,40,biceps-curl,,,
-1423,253,-38,biceps-curl,,,
-1522,196,227,biceps-curl,,,
-1595,532,307,biceps-curl,,,
-1630,384,-96,biceps-curl,,,
-1705,561,291,biceps-curl,,,
-1829,690,14,biceps-curl,,,
-1772,738,280,biceps-curl,,,
-1648,800,296,biceps-curl,,,
