-903,403,-57,lateral-raise,,,
-470,1600,-957,lateral-raise,,,
-1305,567,-746,lateral-raise,,,
-1285,-258,-505,lateral-raise,,,
-1158,16,-799,lateral-raise,,,
-936,-110,-576,lateral-raise,,,
-896,129,-745,lateral-raise,,,
-856,-94,-655,lateral-raise,,,
-168,68,-693,lateral-raise,,,
-906,-460,-390,lateral-raise,,,
-433,-1352,199,lateral-raise,,,
-1832,-1536,32,lateral-raise,,,
-2406,-467,-791,lateral-raise,,,
-534,190,-641,lateral-raise,,,
-182,493,-651,lateral-raise,,,
-333,-61,-355,lateral-raise,,,
-364,16,-400,lateral-raise,,,
-371,170,-394,lateral-raise,,,
-489,135,-355,lateral-raise,,,
-520,161,-252,lateral-raise,,,
-501,218,-164,lateral-raise,,,
-545,295,-96,lateral-raise,,,
-567,381,-27,lateral-raise,,,
-558,465,26,lateral-raise,,,
-503,499,81,lateral-raise,,,
-435,517,97,lateral-raise,,,
-421,492,143,lateral-raise,,,
-435,436,192,lateral-raise,,,
-425,392,201,lateral-raise,,,
-408,378,198,lateral-raise,,,
-424,331,245,lateral-raise,,,
-444,324,294,lateral-raise,,,
-455,288,251,lateral-raise,,,
-522,243,255,lateral-raise,,,
-632,184,248,lateral-raise,,,
-776,162,236,lateral-raise,,,
-892,111,184,lateral-raise,,,
-1085,163,171,lateral-raise,,,
-1331,219,259,lateral-raise,,,
-1545,217,259,lateral-raise,,,
-1678,183,207,lateral-raise,,,
-1717,209,228,lateral-raise,,,
-1692,184,273,lateral-raise,,,
-1611,210,311,lateral-raise,,,
-1578,196,243,lateral-raise,,,
-1576,192,148,lateral-raise,,,
-1542,138,178,lateral-raise,,,
-1502,185,255,lateral-raise,,,
-1504,229,394,lateral-raise,,,
-1582,104,237,lateral-raise,,,
-1516,126,58,lateral-raise,,,
-1259,563,294,lateral-raise,,,
-1352,531,571,lateral-raise,,,
-1639,65,609,lateral-raise,,,
-1761,-86,310,lateral-raise,,,
-1796,104,-88,lateral-raise,,,
-1763,217,-6,lateral-raise,,,
-1736,168,312,lateral-raise,,,
-1661,146,444,lateral-raise,,,
-1616,88,232,lateral-raise,,,
-1563,98,209,lateral-raise,,,
-1522,136,144,lateral-raise,,,
-1467,159,109,lateral-raise,,,
-1350,181,189,lateral-raise,,,
-1277,182,270,lateral-raise,,,
-1197,120,198,lateral-raise,,,
-1093,83,264,lateral-raise,,,
-989,73,232,lateral-raise,,,
-838,34,170,lateral-raise,,,
-709,48,203,lateral-raise,,,
-621,46,114,lateral-raise,,,
-525,18,248,lateral-raise,,,
-451,-42,248,lateral-raise,,,
-406,-61,151,lateral-raise,,,
-333,-33,189,lateral-raise,,,
-312,6,126,lateral-raise,,,
-322,21,62,lateral-raise,,,
-328,42,95,lateral-raise,,,
-387,68,66,lateral-raise,,,
-429,116,34,lateral-raise,,,
-448,80,-40,lateral-raise,,,
-549,66,88,lateral-raise,,,
-615,191,-49,lateral-raise,,,
-701,266,-315,lateral-raise,,,
-769,272,-486,lateral-raise,,,
-902,279,-553,lateral-raise,,,
-1075,321,-439,lateral-raise,,,
-1210,367,-603,lateral-raise,,,
-1326,331,-606,lateral-raise,,,
-1354,325,-740,lateral-raise,,,
-1387,328,-820,lateral-raise,,,
-1361,328,-824,lateral-raise,,,
-1360,312,-864,lateral-raise,,,
-1383,343,-856,lateral-raise,,,
-1437,329,-932,lateral-raise,,,
-1470,328,-824,lateral-raise,,,
-1487,364,-765,lateral-raise,,,
-1452,382,-881,lateral-raise,,,
-1413,405,-875,lateral-raise,,,
-1401,408,-865,lateral-raise,,,
-1347,408,-791,lateral-raise,,,
-1277,388,-880,lateral-raise,,,
-1232,397,-917,lateral-raise,,,
-1143,344,-771,lateral-raise,,,
-1023,370,-704,lateral-raise,,,
-916,313,-637,lateral-raise,,,
-819,311,-650,lateral-raise,,,
-731,264,-614,lateral-raise,,,
-639,218,-522,lateral-raise,,,
-550,161,-441,lateral-raise,,,
-469,100,-380,lateral-raise,,,
-366,120,-419,lateral-raise,,,
-282,87,-528,lateral-raise,,,
-214,48,-349,lateral-raise,,,
-153,61,-260,lateral-raise,,,
-106,50,-329,lateral-raise,,,
-42,15,-319,lateral-raise,,,
36,36,-244,lateral-raise,,,
103,49,-199,lateral-raise,,,
162,24,-234,lateral-raise,,,
213,17,-224,lateral-raise,,,
264,11,-171,lateral-raise,,,
312,-16,-181,lateral-raise,,,
348,-40,-221,lateral-raise,,,
385,-29,-251,lateral-raise,,,
411,-83,-285,lateral-raise,,,
403,-85,-286,lateral-raise,,,
418,-78,-385,lateral-raise,,,
438,-77,-347,lateral-raise,,,
426,-84,-385,lateral-raise,,,
398,-97,-514,lateral-raise,,,
377,-162,-487,lateral-raise,,,
393,-120,-476,lateral-raise,,,
332,-148,-562,lateral-raise,,,
309,-119,-601,lateral-raise,,,
289,-73,-570,lateral-raise,,,
241,-70,-573,lateral-raise,,,
183,-3,-523,lateral-raise,,,
107,-31,-742,lateral-raise,,,
52,-22,-723,lateral-raise,,,
-8,6,-773,lateral-raise,,,
-7,-21,-884,lateral-raise,,,
23,80,-1022,lateral-raise,,,
-31,64,-866,lateral-raise,,,
-102,118,-887,lateral-raise,,,
-142,128,-888,lateral-raise,,,
-211,128,-977,lateral-raise,,,
-267,157,-933,lateral-raise,,,
-308,210,-1028,lateral-raise,,,
-340,237,-984,lateral-raise,,,
-371,254,-983,lateral-raise,,,
-429,269,-944,lateral-raise,,,
-433,285,-1001,lateral-raise,,,
-483,275,-1092,lateral-raise,,,
-533,315,-920,lateral-raise,,,
-556,340,-936,lateral-raise,,,
-578,344,-1019,lateral-raise,,,
-624,401,-805,lateral-raise,,,
-662,435,-835,lateral-raise,,,
-710,391,-915,lateral-raise,,,
-728,405,-734,lateral-raise,,,
-718,404,-714,lateral-raise,,,
-732,397,-775,lateral-raise,,,
-758,400,-688,lateral-raise,,,
-782,381,-592,lateral-raise,,,
-810,386,-648,lateral-raise,,,
-820,387,-660,lateral-raise,,,
-853,401,-529,lateral-raise,,,
-884,400,-504,lateral-raise,,,
-895,376,-572,lateral-raise,,,
-919,391,-547,lateral-raise,,,
-939,394,-508,lateral-raise,,,
-959,369,-499,lateral-raise,,,
-991,363,-496,lateral-raise,,,
-1018,377,-508,lateral-raise,,,
-999,398,-462,lateral-raise,,,
-987,394,-408,lateral-raise,,,
-984,363,-410,lateral-raise,,,
-983,350,-429,lateral-raise,,,
-1016,346,-370,lateral-raise,,,
-1012,344,-334,lateral-raise,,,
-996,334,-340,lateral-raise,,,
-977,369,-374,lateral-raise,,,
-949,342,-381,lateral-raise,,,
-939,336,-420,lateral-raise,,,
-955,331,-372,lateral-raise,,,
-964,303,-414,lateral-raise,,,
-947,302,-555,lateral-raise,,,
-974,354,-635,lateral-raise,,,
-1032,440,-681,lateral-raise,,,
-1125,436,-858,lateral-raise,,,
-1203,374,-887,lateral-raise,,,
-1256,337,-867,lateral-raise,,,
-1240,384,-968,lateral-raise,,,
-1192,328,-928,lateral-raise,,,
-1192,328,-928,lateral-raise,,,
-1169,336,-967,lateral-raise,,,
-1168,321,-831,lateral-raise,,,
-1168,313,-928,lateral-raise,,,
-1146,348,-943,lateral-raise,,,
-1123,373,-865,lateral-raise,,,
-1148,383,-933,lateral-raise,,,
-1172,370,-855,lateral-raise,,,
-1203,315,-807,lateral-raise,,,
-1195,311,-820,lateral-raise,,,
-1167,299,-843,lateral-raise,,,
-1154,290,-786,lateral-raise,,,
-1122,294,-834,lateral-raise,,,
-1065,284,-862,lateral-raise,,,
-991,303,-767,lateral-raise,,,
-912,273,-644,lateral-raise,,,
-856,267,-646,lateral-raise,,,
-772,272,-696,lateral-raise,,,
-711,252,-717,lateral-raise,,,
-637,275,-720,lateral-raise,,,
-533,248,-639,lateral-raise,,,
-469,225,-649,lateral-raise,,,
-389,250,-660,lateral-raise,,,
-310,247,-718,lateral-raise,,,
-246,195,-713,lateral-raise,,,
-164,172,-552,lateral-raise,,,
-101,157,-560,lateral-raise,,,
-32,102,-598,lateral-raise,,,
24,83,-481,lateral-raise,,,
61,103,-432,lateral-raise,,,
138,96,-445,lateral-raise,,,
207,66,-421,lateral-raise,,,
253,44,-352,lateral-raise,,,
262,32,-341,lateral-raise,,,
298,48,-323,lateral-raise,,,
330,36,-343,lateral-raise,,,
368,-3,-360,lateral-raise,,,
406,-38,-360,lateral-raise,,,
420,-44,-452,lateral-raise,,,
478,-21,-406,lateral-raise,,,
474,-59,-430,lateral-raise,,,
480,-39,-355,lateral-raise,,,
480,-35,-459,lateral-raise,,,
475,-41,-399,lateral-raise,,,
446,-7,-452,lateral-raise,,,
429,-51,-525,lateral-raise,,,
399,-12,-442,lateral-raise,,,
383,-52,-543,lateral-raise,,,
374,6,-533,lateral-raise,,,
343,-24,-637,lateral-raise,,,
320,-15,-544,lateral-raise,,,
312,47,-536,lateral-raise,,,
281,17,-722,lateral-raise,,,
212,16,-652,lateral-raise,,,
201,76,-700,lateral-raise,,,
142,58,-682,lateral-raise,,,
100,85,-723,lateral-raise,,,
54,88,-889,lateral-raise,,,
7,61,-919,lateral-raise,,,
7,123,-780,lateral-raise,,,
-38,182,-667,lateral-raise,,,
-92,268,-781,lateral-raise,,,
-154,226,-810,lateral-raise,,,
-186,250,-868,lateral-raise,,,
-268,299,-823,lateral-raise,,,
-319,323,-806,lateral-raise,,,
-345,361,-836,lateral-raise,,,
-384,344,-886,lateral-raise,,,
-432,370,-878,lateral-raise,,,
-494,387,-905,lateral-raise,,,
-520,359,-928,lateral-raise,,,
-558,401,-861,lateral-raise,,,
-626,449,-872,lateral-raise,,,
-660,447,-903,lateral-raise,,,
-707,466,-836,lateral-raise,,,
-752,459,-796,lateral-raise,,,
-768,432,-804,lateral-raise,,,
-803,467,-827,lateral-raise,,,
-832,471,-797,lateral-raise,,,
-864,421,-707,lateral-raise,,,
-901,428,-710,lateral-raise,,,
-906,440,-810,lateral-raise,,,
-920,404,-752,lateral-raise,,,
-914,410,-546,lateral-raise,,,
-912,451,-639,lateral-raise,,,
-933,432,-656,lateral-raise,,,
-939,411,-519,lateral-raise,,,
-944,398,-566,lateral-raise,,,
-984,392,-564,lateral-raise,,,
-976,388,-462,lateral-raise,,,
-956,369,-440,lateral-raise,,,
-971,356,-405,lateral-raise,,,
-985,393,-472,lateral-raise,,,
-999,352,-399,lateral-raise,,,
-1025,318,-401,lateral-raise,,,
-984,350,-447,lateral-raise,,,
-985,331,-392,lateral-raise,,,
-992,288,-440,lateral-raise,,,
-993,289,-276,lateral-raise,,,
-1001,294,-338,lateral-raise,,,
-1016,264,-382,lateral-raise,,,
-1000,272,-320,lateral-raise,,,
-976,288,-392,lateral-raise,,,
-1007,257,-276,lateral-raise,,,
-970,248,-249,lateral-raise,,,
-968,270,-337,lateral-raise,,,
-953,243,-410,lateral-raise,,,
-923,219,-359,lateral-raise,,,
-962,279,-561,lateral-raise,,,
-1009,308,-674,lateral-raise,,,
-1063,332,-661,lateral-raise,,,
-1137,343,-773,lateral-raise,,,
-1184,350,-832,lateral-raise,,,
-1217,352,-753,lateral-raise,,,
-1230,316,-819,lateral-raise,,,
-1220,316,-842,lateral-raise,,,
-1205,337,-880,lateral-raise,,,
-1228,311,-857,lateral-raise,,,
-1229,318,-872,lateral-raise,,,
-1219,349,-935,lateral-raise,,,
-1216,345,-884,lateral-raise,,,
-1231,371,-716,lateral-raise,,,
-1221,397,-673,lateral-raise,,,
-1213,386,-775,lateral-raise,,,
-1203,403,-783,lateral-raise,,,
-1183,398,-688,lateral-raise,,,
-1159,388,-723,lateral-raise,,,
-1096,400,-812,lateral-raise,,,
-1013,388,-809,lateral-raise,,,
-943,354,-704,lateral-raise,,,
-855,310,-635,lateral-raise,,,
-752,271,-710,lateral-raise,,,
-654,242,-755,lateral-raise,,,
-577,232,-760,lateral-raise,,,
-520,223,-719,lateral-raise,,,
-426,211,-621,lateral-raise,,,
-339,216,-578,lateral-raise,,,
-290,226,-593,lateral-raise,,,
-226,228,-592,lateral-raise,,,
-173,148,-594,lateral-raise,,,
-114,80,-461,lateral-raise,,,
-76,108,-407,lateral-raise,,,
-5,110,-507,lateral-raise,,,
30,68,-484,lateral-raise,,,
132,56,-452,lateral-raise,,,
158,94,-398,lateral-raise,,,
195,61,-420,lateral-raise,,,
226,-53,-341,lateral-raise,,,
316,96,-397,lateral-raise,,,
361,13,-522,lateral-raise,,,
367,-30,-431,lateral-raise,,,
352,16,-271,lateral-raise,,,
352,23,-511,lateral-raise,,,
312,-79,-417,lateral-raise,,,
312,13,-245,lateral-raise,,,
358,1,-552,lateral-raise,,,
360,-37,-546,lateral-raise,,,
426,33,-427,lateral-raise,,,
353,-24,-487,lateral-raise,,,
358,-11,-377,lateral-raise,,,
333,12,-503,lateral-raise,,,
321,-4,-588,lateral-raise,,,
327,38,-515,lateral-raise,,,
277,42,-547,lateral-raise,,,
233,9,-641,lateral-raise,,,
224,60,-670,lateral-raise,,,
195,45,-760,lateral-raise,,,
184,49,-695,lateral-raise,,,
162,95,-723,lateral-raise,,,
109,42,-839,lateral-raise,,,
77,71,-738,lateral-raise,,,
6,140,-730,lateral-raise,,,
-32,125,-872,lateral-raise,,,
-46,157,-869,lateral-raise,,,
-98,201,-829,lateral-raise,,,
-177,172,-769,lateral-raise,,,
-207,226,-832,lateral-raise,,,
-233,288,-978,lateral-raise,,,
-280,272,-924,lateral-raise,,,
-319,276,-843,lateral-raise,,,
-381,295,-875,lateral-raise,,,
-428,318,-899,lateral-raise,,,
-459,343,-902,lateral-raise,,,
-528,365,-865,lateral-raise,,,
-588,378,-795,lateral-raise,,,
-643,359,-785,lateral-raise,,,
-718,352,-861,lateral-raise,,,
-760,381,-871,lateral-raise,,,
-799,393,-902,lateral-raise,,,
-825,376,-817,lateral-raise,,,
-842,403,-808,lateral-raise,,,
-840,366,-807,lateral-raise,,,
-888,371,-730,lateral-raise,,,
-888,408,-746,lateral-raise,,,
-901,404,-745,lateral-raise,,,
-953,391,-584,lateral-raise,,,
-926,424,-646,lateral-raise,,,
-957,420,-755,lateral-raise,,,
-938,391,-590,lateral-raise,,,
-955,378,-455,lateral-raise,,,
-985,319,-604,lateral-raise,,,
-990,314,-547,lateral-raise,,,
-961,352,-596,lateral-raise,,,
-984,336,-448,lateral-raise,,,
-952,288,-496,lateral-raise,,,
-952,288,-496,lateral-raise,,,
-936,280,-488,lateral-raise,,,
-982,303,-511,lateral-raise,,,
-999,274,-437,lateral-raise,,,
-1007,279,-337,lateral-raise,,,
-1001,287,-385,lateral-raise,,,
-1007,295,-350,lateral-raise,,,
-974,310,-378,lateral-raise,,,
-968,312,-357,lateral-raise,,,
-975,292,-300,lateral-raise,,,
-989,269,-237,lateral-raise,,,
-1004,264,-212,lateral-raise,,,
-984,258,-256,lateral-raise,,,
-952,291,-248,lateral-raise,,,
-938,293,-234,lateral-raise,,,
-936,238,-204,lateral-raise,,,
-936,254,-181,lateral-raise,,,
-925,267,-281,lateral-raise,,,
-940,239,-295,lateral-raise,,,
-947,239,-297,lateral-raise,,,
-930,243,-365,lateral-raise,,,
-915,235,-479,lateral-raise,,,
-921,245,-514,lateral-raise,,,
-984,265,-427,lateral-raise,,,
-1053,297,-493,lateral-raise,,,
-1116,300,-700,lateral-raise,,,
-1187,280,-780,lateral-raise,,,
-1227,291,-720,lateral-raise,,,
-1240,311,-749,lateral-raise,,,
-1250,307,-849,lateral-raise,,,
-1270,294,-859,lateral-raise,,,
-1283,301,-851,lateral-raise,,,
-1294,308,-830,lateral-raise,,,
-1299,336,-860,lateral-raise,,,
-1291,355,-800,lateral-raise,,,
-1286,377,-838,lateral-raise,,,
-1273,411,-906,lateral-raise,,,
-1298,402,-905,lateral-raise,,,
-1296,408,-727,lateral-raise,,,
-1259,397,-605,lateral-raise,,,
-1200,355,-717,lateral-raise,,,
-1117,339,-774,lateral-raise,,,
-1015,351,-809,lateral-raise,,,
-920,336,-848,lateral-raise,,,
-857,286,-788,lateral-raise,,,
-748,273,-707,lateral-raise,,,
-703,276,-727,lateral-raise,,,
-602,241,-637,lateral-raise,,,
-518,253,-703,lateral-raise,,,
-485,192,-686,lateral-raise,,,
-384,207,-616,lateral-raise,,,
-352,137,-632,lateral-raise,,,
-243,144,-539,lateral-raise,,,
-187,136,-612,lateral-raise,,,
-154,39,-527,lateral-raise,,,
-94,54,-279,lateral-raise,,,
-17,63,-327,lateral-raise,,,
27,8,-504,lateral-raise,,,
66,48,-398,lateral-raise,,,
159,29,-376,lateral-raise,,,
189,-48,-369,lateral-raise,,,
256,-32,-400,lateral-raise,,,
297,26,-501,lateral-raise,,,
340,-39,-588,lateral-raise,,,
434,-40,-455,lateral-raise,,,
401,-21,-434,lateral-raise,,,
393,-77,-515,lateral-raise,,,
400,-93,-447,lateral-raise,,,
400,-72,-495,lateral-raise,,,
410,-115,-519,lateral-raise,,,
436,-109,-469,lateral-raise,,,
443,-117,-496,lateral-raise,,,
449,-117,-500,lateral-raise,,,
452,-113,-543,lateral-raise,,,
457,-111,-549,lateral-raise,,,
431,-96,-504,lateral-raise,,,
408,-88,-528,lateral-raise,,,
393,-80,-522,lateral-raise,,,
357,-61,-498,lateral-raise,,,
319,-27,-559,lateral-raise,,,
275,-30,-601,lateral-raise,,,
243,-53,-569,lateral-raise,,,
209,-9,-582,lateral-raise,,,
172,1,-691,lateral-raise,,,
133,-13,-736,lateral-raise,,,
96,16,-722,lateral-raise,,,
79,42,-760,lateral-raise,,,
31,62,-769,lateral-raise,,,
-3,75,-790,lateral-raise,,,
-40,116,-825,lateral-raise,,,
-77,89,-934,lateral-raise,,,
-125,140,-864,lateral-raise,,,
-150,210,-844,lateral-raise,,,
-193,185,-909,lateral-raise,,,
-286,188,-967,lateral-raise,,,
-326,175,-904,lateral-raise,,,
-374,224,-862,lateral-raise,,,
-425,226,-973,lateral-raise,,,
-432,251,-942,lateral-raise,,,
-436,296,-912,lateral-raise,,,
-513,288,-917,lateral-raise,,,
-544,304,-816,lateral-raise,,,
-600,336,-928,lateral-raise,,,
-654,375,-881,lateral-raise,,,
-686,353,-819,lateral-raise,,,
-755,389,-846,lateral-raise,,,
-760,407,-833,lateral-raise,,,
-731,387,-782,lateral-raise,,,
-798,391,-790,lateral-raise,,,
-842,378,-717,lateral-raise,,,
-868,396,-731,lateral-raise,,,
-898,354,-795,lateral-raise,,,
-891,388,-725,lateral-raise,,,
-882,388,-592,lateral-raise,,,
-934,372,-608,lateral-raise,,,
-946,386,-689,lateral-raise,,,
-961,392,-609,lateral-raise,,,
-968,375,-557,lateral-raise,,,
-984,352,-547,lateral-raise,,,
-971,360,-555,lateral-raise,,,
-975,378,-489,lateral-raise,,,
-959,389,-522,lateral-raise,,,
-973,373,-506,lateral-raise,,,
-992,369,-413,lateral-raise,,,
-983,372,-376,lateral-raise,,,
-985,355,-398,lateral-raise,,,
-984,356,-391,lateral-raise,,,
-964,360,-360,lateral-raise,,,
-944,352,-367,lateral-raise,,,
-940,352,-329,lateral-raise,,,
-937,348,-264,lateral-raise,,,
-938,344,-234,lateral-raise,,,
-942,350,-218,lateral-raise,,,
-937,354,-250,lateral-raise,,,
-952,329,-223,lateral-raise,,,
-947,323,-167,lateral-raise,,,
-941,350,-151,lateral-raise,,,
-942,328,-218,lateral-raise,,,
-922,330,-201,lateral-raise,,,
-917,330,-159,lateral-raise,,,
-896,314,-210,lateral-raise,,,
-913,320,-244,lateral-raise,,,
-888,313,-292,lateral-raise,,,
-885,288,-457,lateral-raise,,,
-892,296,-549,lateral-raise,,,
-1004,350,-451,lateral-raise,,,
-1087,432,-480,lateral-raise,,,
-1205,420,-853,lateral-raise,,,
-1311,327,-757,lateral-raise,,,
-1304,398,-735,lateral-raise,,,
-1302,368,-834,lateral-raise,,,
-1271,368,-871,lateral-raise,,,
-1224,375,-831,lateral-raise,,,
-1224,321,-777,lateral-raise,,,
-1216,374,-854,lateral-raise,,,
-1284,353,-818,lateral-raise,,,
-1295,374,-801,lateral-raise,,,
-1332,398,-822,lateral-raise,,,
-1315,407,-874,lateral-raise,,,
-1333,443,-789,lateral-raise,,,
-1247,455,-585,lateral-raise,,,
-1172,443,-712,lateral-raise,,,
-1108,414,-803,lateral-raise,,,
-1045,408,-797,lateral-raise,,,
-989,340,-656,lateral-raise,,,
-904,356,-658,lateral-raise,,,
-821,356,-701,lateral-raise,,,
-748,306,-683,lateral-raise,,,
-667,310,-600,lateral-raise,,,
-608,293,-606,lateral-raise,,,
-534,275,-624,lateral-raise,,,
-443,257,-599,lateral-raise,,,
-413,174,-604,lateral-raise,,,
-339,219,-640,lateral-raise,,,
-260,197,-545,lateral-raise,,,
-195,114,-433,lateral-raise,,,
-130,105,-464,lateral-raise,,,
-75,120,-537,lateral-raise,,,
-32,88,-536,lateral-raise,,,
22,25,-385,lateral-raise,,,
93,66,-388,lateral-raise,,,
142,70,-594,lateral-raise,,,
177,-24,-527,lateral-raise,,,
232,-1,-370,lateral-raise,,,
271,11,-457,lateral-raise,,,
288,-41,-535,lateral-raise,,,
358,-42,-505,lateral-raise,,,
384,-23,-581,lateral-raise,,,
382,-94,-518,lateral-raise,,,
383,-61,-407,lateral-raise,,,
398,-47,-494,lateral-raise,,,
404,-82,-541,lateral-raise,,,
435,-77,-464,lateral-raise,,,
414,-107,-568,lateral-raise,,,
405,-63,-527,lateral-raise,,,
388,-93,-500,lateral-raise,,,
368,-85,-559,lateral-raise,,,
363,-108,-552,lateral-raise,,,
325,-77,-552,lateral-raise,,,
296,-56,-560,lateral-raise,,,
296,-55,-650,lateral-raise,,,
293,-42,-685,lateral-raise,,,
232,-71,-787,lateral-raise,,,
232,-40,-608,lateral-raise,,,
176,0,-656,lateral-raise,,,
176,0,-656,lateral-raise,,,
137,-16,-726,lateral-raise,,,
98,-31,-888,lateral-raise,,,
103,-2,-807,lateral-raise,,,
53,0,-756,lateral-raise,,,
-9,14,-781,lateral-raise,,,
-2,44,-889,lateral-raise,,,
-61,34,-877,lateral-raise,,,
-112,59,-785,lateral-raise,,,
-127,71,-846,lateral-raise,,,
-211,59,-915,lateral-raise,,,
-238,87,-810,lateral-raise,,,
-258,108,-891,lateral-raise,,,
-329,112,-910,lateral-raise,,,
-404,135,-870,lateral-raise,,,
-413,155,-895,lateral-raise,,,
-489,182,-901,lateral-raise,,,
-533,203,-912,lateral-raise,,,
-556,213,-879,lateral-raise,,,
-632,201,-866,lateral-raise,,,
-667,197,-824,lateral-raise,,,
-706,209,-824,lateral-raise,,,
-745,225,-870,lateral-raise,,,
-756,249,-793,lateral-raise,,,
-785,272,-774,lateral-raise,,,
-788,268,-772,lateral-raise,,,
-810,271,-800,lateral-raise,,,
-849,281,-815,lateral-raise,,,
-886,300,-727,lateral-raise,,,
-931,336,-709,lateral-raise,,,
-938,323,-685,lateral-raise,,,
-961,298,-661,lateral-raise,,,
-962,285,-607,lateral-raise,,,
-992,294,-632,lateral-raise,,,
-970,325,-614,lateral-raise,,,
-990,314,-583,lateral-raise,,,
-977,275,-607,lateral-raise,,,
-968,317,-611,lateral-raise,,,
-990,340,-533,lateral-raise,,,
-995,297,-393,lateral-raise,,,
-1030,275,-388,lateral-raise,,,
-1021,295,-461,lateral-raise,,,
-1011,320,-435,lateral-raise,,,
-1016,278,-362,lateral-raise,,,
-971,270,-328,lateral-raise,,,
-992,308,-325,lateral-raise,,,
-991,274,-303,lateral-raise,,,
-983,294,-285,lateral-raise,,,
-968,272,-248,lateral-raise,,,
-975,273,-258,lateral-raise,,,
-936,304,-327,lateral-raise,,,
-928,264,-217,lateral-raise,,,
-944,248,-185,lateral-raise,,,
-974,271,-176,lateral-raise,,,
-954,294,-236,lateral-raise,,,
-967,281,-291,lateral-raise,,,
-997,230,-267,lateral-raise,,,
-1000,231,-152,lateral-raise,,,
-973,246,-218,lateral-raise,,,
-948,201,-439,lateral-raise,,,
-898,172,-669,lateral-raise,,,
-939,320,-585,lateral-raise,,,
-1064,329,-478,lateral-raise,,,
-1150,278,-643,lateral-raise,,,
-1233,317,-804,lateral-raise,,,
-1239,388,-800,lateral-raise,,,
-1221,363,-751,lateral-raise,,,
-1221,317,-823,lateral-raise,,,
-1203,325,-832,lateral-raise,,,
-1217,326,-755,lateral-raise,,,
-1257,345,-700,lateral-raise,,,
-1315,355,-769,lateral-raise,,,
-1367,361,-796,lateral-raise,,,
-1397,368,-758,lateral-raise,,,
-1412,381,-770,lateral-raise,,,
-1408,367,-763,lateral-raise,,,
-1352,348,-752,lateral-raise,,,
-1273,364,-814,lateral-raise,,,
-1192,361,-831,lateral-raise,,,
-1108,333,-757,lateral-raise,,,
-1025,323,-678,lateral-raise,,,
-944,315,-661,lateral-raise,,,
-862,305,-661,lateral-raise,,,
-733,308,-633,lateral-raise,,,
-650,272,-696,lateral-raise,,,
-585,227,-626,lateral-raise,,,
-507,210,-556,lateral-raise,,,
-424,212,-667,lateral-raise,,,
-371,152,-666,lateral-raise,,,
-311,128,-553,lateral-raise,,,
-228,117,-487,lateral-raise,,,
-196,88,-564,lateral-raise,,,
-116,126,-468,lateral-raise,,,
-88,136,-512,lateral-raise,,,
-35,64,-468,lateral-raise,,,
46,104,-458,lateral-raise,,,
91,41,-531,lateral-raise,,,
131,-6,-546,lateral-raise,,,
239,90,-476,lateral-raise,,,
233,6,-416,lateral-raise,,,
250,-30,-420,lateral-raise,,,
304,40,-544,lateral-raise,,,
312,-24,-672,lateral-raise,,,
343,-8,-392,lateral-raise,,,
329,0,-475,lateral-raise,,,
335,-60,-607,lateral-raise,,,
358,-20,-485,lateral-raise,,,
360,-52,-565,lateral-raise,,,
360,-70,-471,lateral-raise,,,
360,-38,-470,lateral-raise,,,
373,-19,-539,lateral-raise,,,
389,-36,-578,lateral-raise,,,
360,-21,-552,lateral-raise,,,
389,-10,-575,lateral-raise,,,
376,-38,-602,lateral-raise,,,
374,-19,-590,lateral-raise,,,
376,3,-561,lateral-raise,,,
331,-14,-686,lateral-raise,,,
280,3,-706,lateral-raise,,,
253,5,-683,lateral-raise,,,
217,0,-705,lateral-raise,,,
175,25,-725,lateral-raise,,,
141,30,-723,lateral-raise,,,
86,29,-725,lateral-raise,,,
52,41,-782,lateral-raise,,,
5,48,-785,lateral-raise,,,
-49,65,-740,lateral-raise,,,
-88,92,-780,lateral-raise,,,
-127,92,-805,lateral-raise,,,
-162,113,-820,lateral-raise,,,
-202,141,-837,lateral-raise,,,
-248,138,-849,lateral-raise,,,
-283,168,-915,lateral-raise,,,
-312,198,-844,lateral-raise,,,
-381,199,-751,lateral-raise,,,
-437,211,-807,lateral-raise,,,
-461,254,-926,lateral-raise,,,
-510,239,-888,lateral-raise,,,
-567,265,-872,lateral-raise,,,
-599,290,-824,lateral-raise,,,
-654,290,-810,lateral-raise,,,
-709,283,-845,lateral-raise,,,
-762,313,-864,lateral-raise,,,
-809,292,-837,lateral-raise,,,
-851,315,-711,lateral-raise,,,
-866,324,-689,lateral-raise,,,
-883,310,-823,lateral-raise,,,
-905,350,-751,lateral-raise,,,
-915,337,-686,lateral-raise,,,
-946,342,-731,lateral-raise,,,
-970,317,-559,lateral-raise,,,
-1009,407,-700,lateral-raise,,,
-1032,359,-560,lateral-raise,,,
-1016,297,-544,lateral-raise,,,
-1024,358,-560,lateral-raise,,,
-1032,360,-530,lateral-raise,,,
-1010,330,-684,lateral-raise,,,
-1008,343,-441,lateral-raise,,,
-994,358,-380,lateral-raise,,,
-999,339,-495,lateral-raise,,,
-1007,336,-492,lateral-raise,,,
-1001,336,-441,lateral-raise,,,
-993,316,-380,lateral-raise,,,
-998,312,-311,lateral-raise,,,
-1000,318,-308,lateral-raise,,,
-1006,308,-306,lateral-raise,,,
-979,280,-386,lateral-raise,,,
-979,283,-296,lateral-raise,,,
-967,288,-220,lateral-raise,,,
-971,277,-213,lateral-raise,,,
-965,288,-274,lateral-raise,,,
-950,301,-319,lateral-raise,,,
-959,264,-284,lateral-raise,,,
-954,259,-203,lateral-raise,,,
-972,291,-288,lateral-raise,,,
-983,273,-434,lateral-raise,,,
-976,248,-493,lateral-raise,,,
-964,277,-487,lateral-raise,,,
-992,300,-500,lateral-raise,,,
-1059,315,-597,lateral-raise,,,
-1129,321,-735,lateral-raise,,,
-1194,297,-741,lateral-raise,,,
-1233,315,-676,lateral-raise,,,
-1250,358,-772,lateral-raise,,,
-1252,353,-811,lateral-raise,,,
-1281,345,-744,lateral-raise,,,
-1315,360,-795,lateral-raise,,,
-1360,351,-758,lateral-raise,,,
-1381,393,-726,lateral-raise,,,
-1408,369,-769,lateral-raise,,,
-1429,358,-746,lateral-raise,,,
-1364,382,-769,lateral-raise,,,
-1315,396,-855,lateral-raise,,,
-1272,381,-714,lateral-raise,,,
-1253,372,-726,lateral-raise,,,
-1160,396,-769,lateral-raise,,,
-1111,422,-845,lateral-raise,,,
-1052,438,-780,lateral-raise,,,
-1009,315,-743,lateral-raise,,,
-884,338,-677,lateral-raise,,,
-838,282,-724,lateral-raise,,,
-692,311,-662,lateral-raise,,,
-606,295,-625,lateral-raise,,,
-544,264,-648,lateral-raise,,,
-504,248,-672,lateral-raise,,,
-504,248,-672,lateral-raise,,,
-473,186,-548,lateral-raise,,,
-343,169,-514,lateral-raise,,,
-291,161,-527,lateral-raise,,,
-200,124,-484,lateral-raise,,,
-135,163,-516,lateral-raise,,,
-93,112,-492,lateral-raise,,,
-47,84,-399,lateral-raise,,,
40,33,-404,lateral-raise,,,
121,83,-493,lateral-raise,,,
149,39,-499,lateral-raise,,,
208,36,-428,lateral-raise,,,
230,16,-420,lateral-raise,,,
267,-21,-406,lateral-raise,,,
280,-21,-423,lateral-raise,,,
313,-44,-399,lateral-raise,,,
344,-45,-416,lateral-raise,,,
373,-72,-421,lateral-raise,,,
399,-73,-462,lateral-raise,,,
403,-79,-468,lateral-raise,,,
410,-98,-470,lateral-raise,,,
393,-109,-443,lateral-raise,,,
385,-99,-461,lateral-raise,,,
392,-97,-518,lateral-raise,,,
384,-92,-507,lateral-raise,,,
372,-76,-524,lateral-raise,,,
368,-76,-568,lateral-raise,,,
353,-73,-583,lateral-raise,,,
325,-82,-593,lateral-raise,,,
295,-97,-571,lateral-raise,,,
266,-78,-584,lateral-raise,,,
250,-64,-653,lateral-raise,,,
223,-52,-720,lateral-raise,,,
181,-24,-792,lateral-raise,,,
142,-16,-767,lateral-raise,,,
85,-17,-672,lateral-raise,,,
29,11,-760,lateral-raise,,,
-17,4,-840,lateral-raise,,,
-74,12,-836,lateral-raise,,,
-117,9,-808,lateral-raise,,,
-173,42,-775,lateral-raise,,,
-228,52,-857,lateral-raise,,,
-252,79,-829,lateral-raise,,,
-279,112,-856,lateral-raise,,,
-324,114,-849,lateral-raise,,,
-355,130,-809,lateral-raise,,,
-388,145,-901,lateral-raise,,,
-435,155,-1030,lateral-raise,,,
-476,198,-881,lateral-raise,,,
-553,169,-748,lateral-raise,,,
-593,216,-888,lateral-raise,,,
-671,256,-880,lateral-raise,,,
-757,186,-849,lateral-raise,,,
-768,199,-764,lateral-raise,,,
-783,282,-864,lateral-raise,,,
-828,244,-828,lateral-raise,,,
-832,233,-810,lateral-raise,,,
-867,253,-864,lateral-raise,,,
-913,263,-729,lateral-raise,,,
-887,331,-671,lateral-raise,,,
-906,324,-684,lateral-raise,,,
-950,333,-593,lateral-raise,,,
-1003,324,-636,lateral-raise,,,
-1010,308,-614,lateral-raise,,,
-1026,322,-629,lateral-raise,,,
-1032,305,-554,lateral-raise,,,
-1038,335,-442,lateral-raise,,,
-1040,347,-478,lateral-raise,,,
-1040,307,-496,lateral-raise,,,
-1040,308,-386,lateral-raise,,,
-1050,355,-392,lateral-raise,,,
-1070,357,-427,lateral-raise,,,
-1080,316,-443,lateral-raise,,,
-1058,269,-429,lateral-raise,,,
-1040,265,-309,lateral-raise,,,
-1036,309,-236,lateral-raise,,,
-1016,312,-340,lateral-raise,,,
-1000,284,-367,lateral-raise,,,
-996,291,-226,lateral-raise,,,
-999,300,-144,lateral-raise,,,
-1011,299,-191,lateral-raise,,,
-1010,294,-256,lateral-raise,,,
-985,280,-262,lateral-raise,,,
-957,277,-226,lateral-raise,,,
-947,258,-152,lateral-raise,,,
-941,245,-199,lateral-raise,,,
-947,270,-298,lateral-raise,,,
-943,262,-390,lateral-raise,,,
-954,267,-418,lateral-raise,,,
-950,290,-422,lateral-raise,,,
-1005,272,-495,lateral-raise,,,
-1058,293,-556,lateral-raise,,,
-1114,363,-703,lateral-raise,,,
-1200,303,-719,lateral-raise,,,
-1239,302,-660,lateral-raise,,,
-1237,333,-814,lateral-raise,,,
-1275,312,-738,lateral-raise,,,
-1302,312,-693,lateral-raise,,,
-1356,315,-745,lateral-raise,,,
-1309,351,-755,lateral-raise,,,
-1400,336,-806,lateral-raise,,,
-1392,328,-728,lateral-raise,,,
-1368,392,-680,lateral-raise,,,
-1376,415,-781,lateral-raise,,,
-1361,431,-807,lateral-raise,,,
-1353,425,-741,lateral-raise,,,
-1337,417,-663,lateral-raise,,,
-1257,387,-642,lateral-raise,,,
-1206,335,-710,lateral-raise,,,
-1139,342,-638,lateral-raise,,,
-1021,317,-637,lateral-raise,,,
-941,332,-705,lateral-raise,,,
-858,247,-625,lateral-raise,,,
-747,274,-594,lateral-raise,,,
-654,288,-562,lateral-raise,,,
-567,259,-523,lateral-raise,,,
-492,225,-621,lateral-raise,,,
-400,194,-636,lateral-raise,,,
-325,152,-548,lateral-raise,,,
-251,99,-459,lateral-raise,,,
-193,105,-468,lateral-raise,,,
-161,76,-523,lateral-raise,,,
-90,48,-506,lateral-raise,,,
-11,90,-480,lateral-raise,,,
29,89,-511,lateral-raise,,,
79,60,-497,lateral-raise,,,
137,44,-418,lateral-raise,,,
176,20,-440,lateral-raise,,,
223,8,-473,lateral-raise,,,
260,-25,-466,lateral-raise,,,
296,-57,-432,lateral-raise,,,
319,-55,-423,lateral-raise,,,
325,-51,-507,lateral-raise,,,
359,-44,-509,lateral-raise,,,
353,-79,-544,lateral-raise,,,
371,-93,-528,lateral-raise,,,
366,-90,-512,lateral-raise,,,
346,-118,-542,lateral-raise,,,
347,-98,-545,lateral-raise,,,
332,-98,-564,lateral-raise,,,
320,-84,-564,lateral-raise,,,
316,-91,-607,lateral-raise,,,
302,-67,-642,lateral-raise,,,
292,-57,-692,lateral-raise,,,
268,-96,-704,lateral-raise,,,
243,-92,-525,lateral-raise,,,
210,-75,-659,lateral-raise,,,
166,-94,-724,lateral-raise,,,
147,-80,-637,lateral-raise,,,
93,-77,-773,lateral-raise,,,
54,-42,-734,lateral-raise,,,
14,-71,-697,lateral-raise,,,
-56,-32,-737,lateral-raise,,,
-104,-8,-799,lateral-raise,,,
-151,8,-777,lateral-raise,,,
-205,31,-776,lateral-raise,,,
-253,32,-761,lateral-raise,,,
-285,76,-862,lateral-raise,,,
-302,59,-865,lateral-raise,,,
-374,56,-892,lateral-raise,,,
-377,70,-814,lateral-raise,,,
-423,125,-840,lateral-raise,,,
-458,116,-965,lateral-raise,,,
-489,137,-941,lateral-raise,,,
-515,181,-847,lateral-raise,,,
-586,192,-866,lateral-raise,,,
-608,192,-827,lateral-raise,,,
-648,203,-882,lateral-raise,,,
-686,214,-884,lateral-raise,,,
-707,265,-818,lateral-raise,,,
-759,262,-760,lateral-raise,,,
-809,238,-785,lateral-raise,,,
-834,247,-848,lateral-raise,,,
-859,246,-795,lateral-raise,,,
-877,259,-707,lateral-raise,,,
-853,321,-729,lateral-raise,,,
-871,338,-751,lateral-raise,,,
-937,295,-703,lateral-raise,,,
-952,300,-640,lateral-raise,,,
-978,320,-623,lateral-raise,,,
-995,316,-681,lateral-raise,,,
-985,334,-647,lateral-raise,,,
-1016,335,-527,lateral-raise,,,
-1019,315,-481,lateral-raise,,,
-1027,317,-506,lateral-raise,,,
-1047,312,-554,lateral-raise,,,
-1069,309,-445,lateral-raise,,,
-1041,307,-426,lateral-raise,,,
-1002,312,-450,lateral-raise,,,
-1015,312,-326,lateral-raise,,,
-990,308,-288,lateral-raise,,,
-982,294,-332,lateral-raise,,,
-981,292,-365,lateral-raise,,,
-1002,297,-257,lateral-raise,,,
-1007,278,-209,lateral-raise,,,
-997,303,-256,lateral-raise,,,
-980,290,-287,lateral-raise,,,
-959,254,-215,lateral-raise,,,
-952,243,-107,lateral-raise,,,
-953,273,-201,lateral-raise,,,
-960,278,-215,lateral-raise,,,
-959,257,-202,lateral-raise,,,
-945,272,-248,lateral-raise,,,
-976,264,-248,lateral-raise,,,
-976,296,-224,lateral-raise,,,
-960,265,-317,lateral-raise,,,
-930,294,-419,lateral-raise,,,
-980,363,-506,lateral-raise,,,
-1079,368,-607,lateral-raise,,,
-1117,332,-687,lateral-raise,,,
-1169,335,-668,lateral-raise,,,
-1183,377,-848,lateral-raise,,,
-1244,391,-793,lateral-raise,,,
-1276,359,-763,lateral-raise,,,
-1261,339,-773,lateral-raise,,,
-1275,336,-788,lateral-raise,,,
-1310,360,-750,lateral-raise,,,
-1326,350,-718,lateral-raise,,,
-1294,378,-786,lateral-raise,,,
-1308,403,-783,lateral-raise,,,
-1304,408,-736,lateral-raise,,,
-1317,392,-662,lateral-raise,,,
-1333,374,-647,lateral-raise,,,
-1277,398,-656,lateral-raise,,,
-1221,392,-675,lateral-raise,,,
-1148,390,-683,lateral-raise,,,
-1055,382,-676,lateral-raise,,,
-981,346,-711,lateral-raise,,,
-906,307,-715,lateral-raise,,,
-800,316,-696,lateral-raise,,,
-724,325,-716,lateral-raise,,,
-679,278,-625,lateral-raise,,,
-601,234,-553,lateral-raise,,,
-515,203,-633,lateral-raise,,,
-429,184,-627,lateral-raise,,,
-339,184,-566,lateral-raise,,,
-245,175,-545,lateral-raise,,,
-189,141,-552,lateral-raise,,,
-177,94,-533,lateral-raise,,,
-106,77,-511,lateral-raise,,,
-45,83,-492,lateral-raise,,,
9,57,-544,lateral-raise,,,
78,10,-536,lateral-raise,,,
97,-3,-505,lateral-raise,,,
181,14,-488,lateral-raise,,,
172,-5,-511,lateral-raise,,,
195,-60,-457,lateral-raise,,,
217,-39,-412,lateral-raise,,,
278,-38,-571,lateral-raise,,,
317,-83,-539,lateral-raise,,,
304,-108,-549,lateral-raise,,,
381,-74,-444,lateral-raise,,,
338,-96,-599,lateral-raise,,,
368,-96,-574,lateral-raise,,,
352,-112,-519,lateral-raise,,,
360,-104,-385,lateral-raise,,,
360,-96,-601,lateral-raise,,,
352,-134,-578,lateral-raise,,,
359,-136,-487,lateral-raise,,,
375,-143,-451,lateral-raise,,,
347,-144,-576,lateral-raise,,,
351,-130,-648,lateral-raise,,,
338,-142,-588,lateral-raise,,,
316,-111,-509,lateral-raise,,,
279,-104,-574,lateral-raise,,,
247,-85,-598,lateral-raise,,,
215,-74,-619,lateral-raise,,,
178,-78,-600,lateral-raise,,,
150,-56,-633,lateral-raise,,,
121,-42,-700,lateral-raise,,,
101,-40,-737,lateral-raise,,,
53,-13,-776,lateral-raise,,,
-26,-5,-682,lateral-raise,,,
-97,-3,-660,lateral-raise,,,
-169,30,-724,lateral-raise,,,
-214,62,-766,lateral-raise,,,
-289,77,-832,lateral-raise,,,
-358,102,-872,lateral-raise,,,
-393,116,-868,lateral-raise,,,
-433,129,-906,lateral-raise,,,
-472,152,-888,lateral-raise,,,
-500,164,-882,lateral-raise,,,
-541,172,-903,lateral-raise,,,
-587,194,-892,lateral-raise,,,
-634,223,-938,lateral-raise,,,
-693,232,-872,lateral-raise,,,
-730,253,-792,lateral-raise,,,
-769,271,-873,lateral-raise,,,
-795,248,-901,lateral-raise,,,
-821,274,-873,lateral-raise,,,
-851,284,-819,lateral-raise,,,
-910,267,-803,lateral-raise,,,
-955,292,-809,lateral-raise,,,
-990,282,-817,lateral-raise,,,
-1012,292,-682,lateral-raise,,,
-1031,301,-647,lateral-raise,,,
-1053,288,-697,lateral-raise,,,
-1041,296,-668,lateral-raise,,,
-1046,330,-677,lateral-raise,,,
-1031,292,-609,lateral-raise,,,
-1023,266,-551,lateral-raise,,,
-1013,283,-481,lateral-raise,,,
-985,311,-486,lateral-raise,,,
-990,296,-460,lateral-raise,,,
-961,304,-525,lateral-raise,,,
-992,288,-432,lateral-raise,,,
-952,288,-352,lateral-raise,,,
-952,288,-352,lateral-raise,,,
-991,296,-391,lateral-raise,,,
-992,304,-301,lateral-raise,,,
-970,297,-274,lateral-raise,,,
-953,303,-265,lateral-raise,,,
-938,304,-257,lateral-raise,,,
-943,297,-242,lateral-raise,,,
-937,310,-213,lateral-raise,,,
-963,299,-188,lateral-raise,,,
-961,289,-191,lateral-raise,,,
-979,282,-167,lateral-raise,,,
-972,292,-179,lateral-raise,,,
-980,284,-148,lateral-raise,,,
-996,286,-101,lateral-raise,,,
-989,277,-162,lateral-raise,,,
-984,272,-120,lateral-raise,,,
-989,250,-50,lateral-raise,,,
-976,245,-121,lateral-raise,,,
-973,258,-183,lateral-raise,,,
-976,259,-241,lateral-raise,,,
-995,251,-291,lateral-raise,,,
-999,253,-267,lateral-raise,,,
-996,265,-356,lateral-raise,,,
-1013,294,-500,lateral-raise,,,
-1061,291,-511,lateral-raise,,,
-1092,288,-496,lateral-raise,,,
-1123,304,-597,lateral-raise,,,
-1182,289,-677,lateral-raise,,,
-1215,286,-657,lateral-raise,,,
-1221,301,-665,lateral-raise,,,
-1213,293,-704,lateral-raise,,,
-1217,288,-700,lateral-raise,,,
-1235,308,-621,lateral-raise,,,
-1248,349,-593,lateral-raise,,,
-1277,365,-661,lateral-raise,,,
-1326,371,-660,lateral-raise,,,
-1369,380,-609,lateral-raise,,,
-1348,430,-575,lateral-raise,,,
-1328,428,-671,lateral-raise,,,
-1297,444,-757,lateral-raise,,,
-1262,454,-710,lateral-raise,,,
-1205,442,-644,lateral-raise,,,
-1121,413,-547,lateral-raise,,,
-1119,391,-676,lateral-raise,,,
-1058,341,-651,lateral-raise,,,
-1003,373,-623,lateral-raise,,,
-889,348,-688,lateral-raise,,,
-811,307,-755,lateral-raise,,,
-737,243,-584,lateral-raise,,,
-589,302,-588,lateral-raise,,,
-503,247,-720,lateral-raise,,,
-449,177,-688,lateral-raise,,,
-339,207,-641,lateral-raise,,,
-237,170,-564,lateral-raise,,,
-187,108,-582,lateral-raise,,,
-111,46,-642,lateral-raise,,,
-47,33,-627,lateral-raise,,,
-26,32,-575,lateral-raise,,,
17,-9,-507,lateral-raise,,,
31,4,-549,lateral-raise,,,
71,-18,-612,lateral-raise,,,
112,-11,-586,lateral-raise,,,
126,-2,-564,lateral-raise,,,
158,-66,-488,lateral-raise,,,
174,-41,-523,lateral-raise,,,
193,-58,-527,lateral-raise,,,
233,-78,-492,lateral-raise,,,
259,-75,-507,lateral-raise,,,
285,-72,-504,lateral-raise,,,
306,-62,-491,lateral-raise,,,
322,-76,-528,lateral-raise,,,
342,-74,-504,lateral-raise,,,
347,-64,-532,lateral-raise,,,
335,-77,-554,lateral-raise,,,
341,-105,-523,lateral-raise,,,
352,-99,-524,lateral-raise,,,
348,-92,-528,lateral-raise,,,
340,-96,-581,lateral-raise,,,
332,-84,-655,lateral-raise,,,
328,-80,-611,lateral-raise,,,
318,-70,-554,lateral-raise,,,
288,-53,-645,lateral-raise,,,
258,-48,-711,lateral-raise,,,
233,-48,-617,lateral-raise,,,
208,-51,-603,lateral-raise,,,
195,-64,-647,lateral-raise,,,
163,-65,-711,lateral-raise,,,
138,-32,-746,lateral-raise,,,
87,-15,-763,lateral-raise,,,
30,40,-817,lateral-raise,,,
-20,62,-878,lateral-raise,,,
-91,58,-801,lateral-raise,,,
-122,68,-757,lateral-raise,,,
-205,87,-828,lateral-raise,,,
-241,87,-881,lateral-raise,,,
-299,129,-843,lateral-raise,,,
-323,135,-857,lateral-raise,,,
-345,132,-804,lateral-raise,,,
-364,177,-853,lateral-raise,,,
-418,184,-916,lateral-raise,,,
-465,193,-848,lateral-raise,,,
-488,232,-832,lateral-raise,,,
-544,256,-880,lateral-raise,,,
-560,264,-841,lateral-raise,,,
-636,310,-817,lateral-raise,,,
-700,312,-920,lateral-raise,,,
-719,305,-833,lateral-raise,,,
-749,325,-781,lateral-raise,,,
-794,335,-741,lateral-raise,,,
-848,350,-804,lateral-raise,,,
-836,352,-816,lateral-raise,,,
-878,326,-692,lateral-raise,,,
-882,339,-658,lateral-raise,,,
-911,363,-712,lateral-raise,,,
-920,392,-746,lateral-raise,,,
-938,324,-728,lateral-raise,,,
-944,296,-594,lateral-raise,,,
-927,296,-572,lateral-raise,,,
-915,339,-606,lateral-raise,,,
-938,344,-579,lateral-raise,,,
-947,316,-504,lateral-raise,,,
-974,319,-428,lateral-raise,,,
-997,323,-462,lateral-raise,,,
-1005,311,-490,lateral-raise,,,
-1008,322,-417,lateral-raise,,,
-1004,345,-368,lateral-raise,,,
-988,335,-426,lateral-raise,,,
-988,316,-404,lateral-raise,,,
-992,324,-320,lateral-raise,,,
-999,325,-316,lateral-raise,,,
-1020,301,-334,lateral-raise,,,
-1027,298,-325,lateral-raise,,,
-1032,306,-272,lateral-raise,,,
-1029,287,-239,lateral-raise,,,
-1018,281,-209,lateral-raise,,,
-1000,291,-211,lateral-raise,,,
-987,267,-238,lateral-raise,,,
-982,245,-172,lateral-raise,,,
-965,263,-133,lateral-raise,,,
-974,267,-142,lateral-raise,,,
-968,238,-246,lateral-raise,,,
-964,260,-215,lateral-raise,,,
-955,269,-140,lateral-raise,,,
-965,257,-194,lateral-raise,,,
-947,272,-268,lateral-raise,,,
-931,314,-429,lateral-raise,,,
-1005,330,-548,lateral-raise,,,
-1101,351,-507,lateral-raise,,,
-1150,397,-413,lateral-raise,,,
-1218,284,-563,lateral-raise,,,
-1251,347,-712,lateral-raise,,,
-1304,399,-711,lateral-raise,,,
-1288,352,-672,lateral-raise,,,
-1256,368,-680,lateral-raise,,,
-1233,384,-773,lateral-raise,,,
-1255,392,-768,lateral-raise,,,
-1278,377,-746,lateral-raise,,,
-1265,398,-708,lateral-raise,,,
-1293,414,-704,lateral-raise,,,
-1289,409,-753,lateral-raise,,,
-1274,388,-685,lateral-raise,,,
-1225,371,-632,lateral-raise,,,
-1177,394,-670,lateral-raise,,,
-1124,400,-744,lateral-raise,,,
-1075,400,-667,lateral-raise,,,
-1028,370,-670,lateral-raise,,,
-934,395,-686,lateral-raise,,,
-870,345,-631,lateral-raise,,,
-811,342,-675,lateral-raise,,,
-749,347,-628,lateral-raise,,,
-660,349,-597,lateral-raise,,,
-583,362,-625,lateral-raise,,,
-535,304,-605,lateral-raise,,,
-467,240,-546,lateral-raise,,,
-381,256,-589,lateral-raise,,,
-308,240,-694,lateral-raise,,,
-276,165,-645,lateral-raise,,,
-235,145,-564,lateral-raise,,,
-156,156,-584,lateral-raise,,,
-85,152,-635,lateral-raise,,,
-34,134,-660,lateral-raise,,,
34,108,-603,lateral-raise,,,
105,104,-583,lateral-raise,,,
151,94,-632,lateral-raise,,,
196,83,-608,lateral-raise,,,
231,88,-620,lateral-raise,,,
264,66,-596,lateral-raise,,,
290,19,-471,lateral-raise,,,
314,10,-459,lateral-raise,,,
329,11,-634,lateral-raise,,,
348,-8,-602,lateral-raise,,,
336,-38,-471,lateral-raise,,,
334,-52,-437,lateral-raise,,,
330,-47,-582,lateral-raise,,,
337,-78,-531,lateral-raise,,,
345,-96,-475,lateral-raise,,,
348,-65,-497,lateral-raise,,,
324,-120,-543,lateral-raise,,,
300,-117,-484,lateral-raise,,,
335,-95,-529,lateral-raise,,,
328,-91,-619,lateral-raise,,,
329,-126,-542,lateral-raise,,,
343,-96,-507,lateral-raise,,,
296,-96,-608,lateral-raise,,,
280,-80,-608,lateral-raise,,,
280,-80,-608,lateral-raise,,,
264,-64,-530,lateral-raise,,,
241,-56,-650,lateral-raise,,,
203,-41,-693,lateral-raise,,,
185,-33,-630,lateral-raise,,,
141,-32,-774,lateral-raise,,,
87,-25,-785,lateral-raise,,,
80,24,-695,lateral-raise,,,
0,5,-760,lateral-raise,,,
-42,13,-783,lateral-raise,,,
-92,22,-790,lateral-raise,,,
-129,80,-842,lateral-raise,,,
-178,96,-826,lateral-raise,,,
-263,114,-887,lateral-raise,,,
-317,131,-820,lateral-raise,,,
-373,158,-868,lateral-raise,,,
-419,179,-855,lateral-raise,,,
-453,216,-837,lateral-raise,,,
-495,242,-865,lateral-raise,,,
-542,263,-870,lateral-raise,,,
-579,272,-764,lateral-raise,,,
-611,300,-830,lateral-raise,,,
-642,289,-901,lateral-raise,,,
-678,290,-828,lateral-raise,,,
-713,316,-776,lateral-raise,,,
-756,316,-804,lateral-raise,,,
-803,320,-825,lateral-raise,,,
-835,328,-790,lateral-raise,,,
-873,332,-740,lateral-raise,,,
-911,336,-714,lateral-raise,,,
-926,349,-709,lateral-raise,,,
-945,374,-708,lateral-raise,,,
-975,372,-714,lateral-raise,,,
-997,360,-601,lateral-raise,,,
-1000,371,-530,lateral-raise,,,
-1023,360,-578,lateral-raise,,,
-1040,362,-600,lateral-raise,,,
-1038,364,-587,lateral-raise,,,
-1034,356,-540,lateral-raise,,,
-1038,366,-508,lateral-raise,,,
-1030,362,-515,lateral-raise,,,
-1020,358,-499,lateral-raise,,,
-1001,308,-504,lateral-raise,,,
-1006,293,-452,lateral-raise,,,
-992,322,-379,lateral-raise,,,
-991,335,-344,lateral-raise,,,
-984,327,-345,lateral-raise,,,
-983,311,-352,lateral-raise,,,
-976,304,-242,lateral-raise,,,
-975,311,-279,lateral-raise,,,
-928,288,-256,lateral-raise,,,
-936,320,-256,lateral-raise,,,
-928,328,-240,lateral-raise,,,
-920,305,-217,lateral-raise,,,
-935,282,-171,lateral-raise,,,
-900,309,-132,lateral-raise,,,
-953,291,-178,lateral-raise,,,
-981,274,-198,lateral-raise,,,
-998,265,-159,lateral-raise,,,
-1000,251,-132,lateral-raise,,,
-1000,261,-102,lateral-raise,,,
-981,277,-102,lateral-raise,,,
-982,261,-166,lateral-raise,,,
-960,268,-299,lateral-raise,,,
-964,272,-324,lateral-raise,,,
-957,243,-326,lateral-raise,,,
-930,282,-261,lateral-raise,,,
-963,353,-373,lateral-raise,,,
-1047,339,-451,lateral-raise,,,
-1116,335,-553,lateral-raise,,,
-1171,384,-717,lateral-raise,,,
-1225,365,-727,lateral-raise,,,
-1276,345,-716,lateral-raise,,,
-1287,352,-767,lateral-raise,,,
-1263,343,-757,lateral-raise,,,
-1260,340,-724,lateral-raise,,,
-1268,324,-744,lateral-raise,,,
-1264,335,-764,lateral-raise,,,
-1271,368,-745,lateral-raise,,,
-1291,372,-724,lateral-raise,,,
-1301,400,-710,lateral-raise,,,
-1283,416,-693,lateral-raise,,,
-1264,389,-694,lateral-raise,,,
-1244,393,-701,lateral-raise,,,
-1170,394,-680,lateral-raise,,,
-1075,378,-705,lateral-raise,,,
-1010,381,-775,lateral-raise,,,
-949,345,-632,lateral-raise,,,
-903,349,-590,lateral-raise,,,
-836,296,-698,lateral-raise,,,
-771,291,-684,lateral-raise,,,
-734,267,-604,lateral-raise,,,
-654,245,-578,lateral-raise,,,
-599,227,-665,lateral-raise,,,
-536,194,-705,lateral-raise,,,
-428,158,-664,lateral-raise,,,
-339,141,-664,lateral-raise,,,
-290,115,-665,lateral-raise,,,
-226,65,-673,lateral-raise,,,
-141,78,-576,lateral-raise,,,
-86,47,-571,lateral-raise,,,
-32,24,-672,lateral-raise,,,
8,-8,-608,lateral-raise,,,
31,15,-678,lateral-raise,,,
139,16,-680,lateral-raise,,,
114,-36,-717,lateral-raise,,,
207,-40,-603,lateral-raise,,,
180,-90,-506,lateral-raise,,,
225,-61,-566,lateral-raise,,,
280,-15,-617,lateral-raise,,,
315,-101,-597,lateral-raise,,,
353,-87,-462,lateral-raise,,,
379,-74,-527,lateral-raise,,,
403,-115,-620,lateral-raise,,,
396,-134,-501,lateral-raise,,,
433,-148,-532,lateral-raise,,,
431,-141,-583,lateral-raise,,,
441,-130,-531,lateral-raise,,,
421,-160,-520,lateral-raise,,,
429,-134,-570,lateral-raise,,,
425,-163,-582,lateral-raise,,,
406,-177,-581,lateral-raise,,,
424,-158,-531,lateral-raise,,,
426,-152,-575,lateral-raise,,,
394,-174,-565,lateral-raise,,,
380,-157,-477,lateral-raise,,,
380,-124,-527,lateral-raise,,,
368,-124,-568,lateral-raise,,,
345,-113,-524,lateral-raise,,,
306,-89,-567,lateral-raise,,,
269,-80,-586,lateral-raise,,,
236,-60,-568,lateral-raise,,,
189,-38,-653,lateral-raise,,,
145,-45,-653,lateral-raise,,,
114,-43,-569,lateral-raise,,,
82,-12,-610,lateral-raise,,,
32,56,-762,lateral-raise,,,
-18,49,-816,lateral-raise,,,
-103,34,-789,lateral-raise,,,
-139,46,-756,lateral-raise,,,
-204,68,-876,lateral-raise,,,
-254,80,-911,lateral-raise,,,
-309,88,-812,lateral-raise,,,
-340,126,-789,lateral-raise,,,
-399,156,-879,lateral-raise,,,
-439,184,-868,lateral-raise,,,
-488,229,-843,lateral-raise,,,
-548,208,-796,lateral-raise,,,
-592,211,-706,lateral-raise,,,
-675,243,-816,lateral-raise,,,
-712,282,-910,lateral-raise,,,
-723,312,-712,lateral-raise,,,
-809,296,-697,lateral-raise,,,
-887,264,-775,lateral-raise,,,
-911,303,-861,lateral-raise,,,
-973,296,-856,lateral-raise,,,
-983,289,-729,lateral-raise,,,
-1028,324,-764,lateral-raise,,,
-1025,342,-718,lateral-raise,,,
-1073,309,-740,lateral-raise,,,
-1087,318,-546,lateral-raise,,,
-1068,347,-572,lateral-raise,,,
-1084,313,-630,lateral-raise,,,
-1075,323,-494,lateral-raise,,,
-1035,334,-462,lateral-raise,,,
-1060,342,-494,lateral-raise,,,
-1060,344,-480,lateral-raise,,,
-1050,338,-403,lateral-raise,,,
-1059,342,-337,lateral-raise,,,
-1075,366,-358,lateral-raise,,,
-1075,355,-344,lateral-raise,,,
-1067,324,-277,lateral-raise,,,
-1044,312,-243,lateral-raise,,,
-1022,326,-230,lateral-raise,,,
-1016,331,-247,lateral-raise,,,
-1012,324,-192,lateral-raise,,,
-1008,324,-153,lateral-raise,,,
-1016,295,-147,lateral-raise,,,
-1020,272,-108,lateral-raise,,,
-981,303,-111,lateral-raise,,,
-944,299,-169,lateral-raise,,,
-933,260,-169,lateral-raise,,,
-923,273,-120,lateral-raise,,,
-944,280,-143,lateral-raise,,,
-971,253,-148,lateral-raise,,,
-976,254,-107,lateral-raise,,,
-973,267,-123,lateral-raise,,,
-971,269,-141,lateral-raise,,,
-974,264,-131,lateral-raise,,,
-963,266,-122,lateral-raise,,,
-950,266,-126,lateral-raise,,,
-936,238,-114,lateral-raise,,,
-903,212,-98,lateral-raise,,,
-860,224,-106,lateral-raise,,,
-801,221,-109,lateral-raise,,,
-731,207,-83,lateral-raise,,,
-704,200,-12,lateral-raise,,,
-704,200,-3,lateral-raise,,,
-697,199,-81,lateral-raise,,,
-634,190,-79,lateral-raise,,,
-581,167,10,lateral-raise,,,
-651,152,-73,lateral-raise,,,
-712,143,-84,lateral-raise,,,
-696,112,32,lateral-raise,,,
-680,72,112,lateral-raise,,,
-680,72,112,lateral-raise,,,
-765,165,27,lateral-raise,,,
-829,168,-105,lateral-raise,,,
-839,168,-105,lateral-raise,,,
-796,132,64,lateral-raise,,,
-821,114,23,lateral-raise,,,
-817,91,-33,lateral-raise,,,
-782,54,49,lateral-raise,,,
-823,88,111,lateral-raise,,,
-865,89,55,lateral-raise,,,
-916,37,27,lateral-raise,,,
-872,55,92,lateral-raise,,,
-886,130,88,lateral-raise,,,
-937,123,68,lateral-raise,,,
-998,164,-5,lateral-raise,,,
-1027,162,-26,lateral-raise,,,
-1027,157,19,lateral-raise,,,
-1045,139,87,lateral-raise,,,
-1071,143,102,lateral-raise,,,
-1095,147,91,lateral-raise,,,
-1114,154,78,lateral-raise,,,
-1143,169,58,lateral-raise,,,
-1173,167,61,lateral-raise,,,
-1188,182,72,lateral-raise,,,
-1196,208,64,lateral-raise,,,
-1212,204,60,lateral-raise,,,
-1232,207,79,lateral-raise,,,
-1236,209,92,lateral-raise,,,
-1243,181,102,lateral-raise,,,
-1256,171,117,lateral-raise,,,
-1262,186,89,lateral-raise,,,
-1272,221,50,lateral-raise,,,
-1281,247,34,lateral-raise,,,
-1293,218,32,lateral-raise,,,
-1270,200,53,lateral-raise,,,
-1217,223,49,lateral-raise,,,
-1182,233,11,lateral-raise,,,
-1157,203,21,lateral-raise,,,
-1096,166,62,lateral-raise,,,
-1063,180,21,lateral-raise,,,
-1032,248,72,lateral-raise,,,
-1029,242,89,lateral-raise,,,
-1019,217,21,lateral-raise,,,
-1037,222,10,lateral-raise,,,
-1069,210,30,lateral-raise,,,
-1110,224,72,lateral-raise,,,
-1164,219,76,lateral-raise,,,
-1208,184,136,lateral-raise,,,
-1316,409,330,lateral-raise,,,
-1252,435,-90,lateral-raise,,,
-1393,518,358,lateral-raise,,,
-1495,298,170,lateral-raise,,,
-1504,459,75,lateral-raise,,,
-1626,647,-133,lateral-raise,,,
-1632,611,-114,lateral-raise,,,
-1625,644,-163,lateral-raise,,,
-1560,641,-147,lateral-raise,,,
-1489,640,-151,lateral-raise,,,
-1405,647,-138,lateral-raise,,,
-1319,628,-116,lateral-raise,,,
-1226,644,-171,lateral-raise,,,
-1151,629,-292,lateral-raise,,,
-1093,605,-394,lateral-raise,,,
-1026,588,-398,lateral-raise,,,
-937,572,-392,lateral-raise,,,
-843,642,-403,lateral-raise,,,
-738,689,-391,lateral-raise,,,
-655,642,-438,lateral-raise,,,
-590,553,-438,lateral-raise,,,
-522,474,-383,lateral-raise,,,
-461,433,-335,lateral-raise,,,
-407,414,-330,lateral-raise,,,
-342,380,-327,lateral-raise,,,
-290,347,-365,lateral-raise,,,
-255,353,-435,lateral-raise,,,
-232,380,-468,lateral-raise,,,
-212,400,-456,lateral-raise,,,
-204,412,-436,lateral-raise,,,
-197,409,-432,lateral-raise,,,
-188,389,-436,lateral-raise,,,
-195,386,-464,lateral-raise,,,
-203,400,-506,lateral-raise,,,
-205,400,-529,lateral-raise,,,
-191,388,-541,lateral-raise,,,
-173,357,-536,lateral-raise,,,
-163,331,-536,lateral-raise,,,
-150,308,-560,lateral-raise,,,
-142,273,-634,lateral-raise,,,
-130,256,-680,lateral-raise,,,
-110,248,-690,lateral-raise,,,
-104,208,-718,lateral-raise,,,
-97,142,-697,lateral-raise,,,
-69,101,-650,lateral-raise,,,
-57,93,-721,lateral-raise,,,
-66,131,-853,lateral-raise,,,
-79,193,-873,lateral-raise,,,
-68,192,-821,lateral-raise,,,
-33,130,-794,lateral-raise,,,
-40,151,-822,lateral-raise,,,
-40,136,-906,lateral-raise,,,
-48,144,-936,lateral-raise,,,
-48,152,-952,lateral-raise,,,
