111,-909,-754,biceps-curl,,,
563,-1497,-527,biceps-curl,,,
205,32,-1097,biceps-curl,,,
128,245,-997,biceps-curl,,,
499,-75,-780,biceps-curl,,,
634,18,-834,biceps-curl,,,
495,-219,-742,biceps-curl,,,
164,-1208,121,biceps-curl,,,
1069,-1265,-233,biceps-curl,,,
1391,-1786,-12,biceps-curl,,,
-420,-87,-1227,biceps-curl,,,
-1440,248,-976,biceps-curl,,,
-187,674,-877,biceps-curl,,,
-253,696,-846,biceps-curl,,,
410,274,-475,biceps-curl,,,
458,370,-600,biceps-curl,,,
248,476,-788,biceps-curl,,,
73,449,-914,biceps-curl,,,
13,635,-968,biceps-curl,,,
44,733,-846,biceps-curl,,,
62,815,-648,biceps-curl,,,
120,867,-497,biceps-curl,,,
227,887,-434,biceps-curl,,,
358,888,-263,biceps-curl,,,
512,895,-429,biceps-curl,,,
630,888,-445,biceps-curl,,,
702,883,-415,biceps-curl,,,
752,859,-470,biceps-curl,,,
748,840,-382,biceps-curl,,,
794,840,-543,biceps-curl,,,
848,861,-691,biceps-curl,,,
826,777,-381,biceps-curl,,,
836,546,-74,biceps-curl,,,
986,431,-383,biceps-curl,,,
1024,680,-392,biceps-curl,,,
1025,611,-339,biceps-curl,,,
862,644,-225,biceps-curl,,,
812,651,-359,biceps-curl,,,
747,624,-361,biceps-curl,,,
599,602,-232,biceps-curl,,,
473,556,-177,biceps-curl,,,
392,521,-231,biceps-curl,,,
304,552,-267,biceps-curl,,,
216,563,-153,biceps-curl,,,
179,609,-43,biceps-curl,,,
237,631,-86,biceps-curl,,,
307,632,-140,biceps-curl,,,
386,653,-227,biceps-curl,,,
525,745,-199,biceps-curl,,,
627,761,-224,biceps-curl,,,
741,722,-233,biceps-curl,,,
881,701,-263,biceps-curl,,,
998,693,-239,biceps-curl,,,
1077,659,-229,biceps-curl,,,
1161,628,-293,biceps-curl,,,
1210,591,-279,biceps-curl,,,
1223,562,-374,biceps-curl,,,
1224,512,-400,biceps-curl,,,
1205,513,-449,biceps-curl,,,
1164,535,-457,biceps-curl,,,
1144,583,-447,biceps-curl,,,
1158,638,-400,biceps-curl,,,
1219,688,-417,biceps-curl,,,
1285,741,-411,biceps-curl,,,
1299,789,-350,biceps-curl,,,
1302,847,-356,biceps-curl,,,
1310,914,-399,biceps-curl,,,
1249,921,-394,biceps-curl,,,
1141,928,-315,biceps-curl,,,
1019,923,-392,biceps-curl,,,
893,809,-377,biceps-curl,,,
795,730,-333,biceps-curl,,,
686,600,-362,biceps-curl,,,
564,522,-378,biceps-curl,,,
435,446,-330,biceps-curl,,,
305,346,-261,biceps-curl,,,
188,262,-235,biceps-curl,,,
81,193,-214,biceps-curl,,,
-30,150,-149,biceps-curl,,,
-99,93,-92,biceps-curl,,,
-144,88,-128,biceps-curl,,,
-171,74,-135,biceps-curl,,,
-192,103,-127,biceps-curl,,,
-146,151,-143,biceps-curl,,,
-111,189,-208,biceps-curl,,,
-49,201,-243,biceps-curl,,,
55,253,-275,biceps-curl,,,
170,314,-303,biceps-curl,,,
308,442,-384,biceps-curl,,,
433,563,-471,biceps-curl,,,
588,695,-516,biceps-curl,,,
715,758,-604,biceps-curl,,,
808,768,-448,biceps-curl,,,
901,768,-432,biceps-curl,,,
1018,814,-485,biceps-curl,,,
1099,846,-481,biceps-curl,,,
1104,804,-568,biceps-curl,,,
1061,757,-412,biceps-curl,,,
1140,731,-434,biceps-curl,,,
1200,701,-413,biceps-curl,,,
1248,643,-381,biceps-curl,,,
1269,573,-376,biceps-curl,,,
1285,554,-440,biceps-curl,,,
1282,552,-499,biceps-curl,,,
1256,564,-542,biceps-curl,,,
1213,580,-576,biceps-curl,,,
1177,630,-676,biceps-curl,,,
1157,726,-701,biceps-curl,,,
1152,803,-620,biceps-curl,,,
1194,856,-558,biceps-curl,,,
1257,897,-569,biceps-curl,,,
1300,947,-569,biceps-curl,,,
1298,978,-522,biceps-curl,,,
1274,998,-519,biceps-curl,,,
1237,995,-482,biceps-curl,,,
1147,928,-410,biceps-curl,,,
1034,822,-396,biceps-curl,,,
928,752,-416,biceps-curl,,,
834,694,-386,biceps-curl,,,
715,585,-307,biceps-curl,,,
578,445,-243,biceps-curl,,,
463,313,-199,biceps-curl,,,
333,229,-170,biceps-curl,,,
222,200,-163,biceps-curl,,,
136,183,-165,biceps-curl,,,
61,152,-135,biceps-curl,,,
3,129,-109,biceps-curl,,,
-59,75,-130,biceps-curl,,,
-118,62,-80,biceps-curl,,,
-152,64,-103,biceps-curl,,,
-152,100,-168,biceps-curl,,,
-147,145,-188,biceps-curl,,,
-121,178,-256,biceps-curl,,,
-86,196,-260,biceps-curl,,,
-24,263,-289,biceps-curl,,,
68,334,-338,biceps-curl,,,
154,335,-367,biceps-curl,,,
299,460,-481,biceps-curl,,,
471,634,-548,biceps-curl,,,
630,737,-511,biceps-curl,,,
717,752,-600,biceps-curl,,,
820,760,-607,biceps-curl,,,
937,761,-568,biceps-curl,,,
1071,831,-528,biceps-curl,,,
1119,809,-497,biceps-curl,,,
1112,717,-519,biceps-curl,,,
1112,660,-483,biceps-curl,,,
1097,685,-480,biceps-curl,,,
1096,695,-473,biceps-curl,,,
1068,668,-444,biceps-curl,,,
1064,644,-379,biceps-curl,,,
1091,633,-428,biceps-curl,,,
1122,619,-440,biceps-curl,,,
1122,565,-459,biceps-curl,,,
1089,533,-452,biceps-curl,,,
1092,504,-430,biceps-curl,,,
1108,531,-424,biceps-curl,,,
1135,550,-516,biceps-curl,,,
1144,563,-552,biceps-curl,,,
1155,590,-460,biceps-curl,,,
1171,642,-432,biceps-curl,,,
1222,700,-435,biceps-curl,,,
1278,755,-447,biceps-curl,,,
1325,819,-480,biceps-curl,,,
1344,890,-459,biceps-curl,,,
1313,951,-432,biceps-curl,,,
1241,972,-467,biceps-curl,,,
1125,931,-463,biceps-curl,,,
968,832,-424,biceps-curl,,,
819,756,-393,biceps-curl,,,
708,700,-372,biceps-curl,,,
596,613,-355,biceps-curl,,,
483,541,-301,biceps-curl,,,
390,456,-245,biceps-curl,,,
291,350,-222,biceps-curl,,,
200,290,-203,biceps-curl,,,
130,269,-149,biceps-curl,,,
76,227,-165,biceps-curl,,,
-3,165,-208,biceps-curl,,,
-73,120,-194,biceps-curl,,,
-157,116,-143,biceps-curl,,,
-222,96,-104,biceps-curl,,,
-236,76,-135,biceps-curl,,,
-221,95,-162,biceps-curl,,,
-201,123,-175,biceps-curl,,,
-155,137,-223,biceps-curl,,,
-76,156,-294,biceps-curl,,,
3,233,-286,biceps-curl,,,
92,297,-333,biceps-curl,,,
205,324,-367,biceps-curl,,,
346,538,-284,biceps-curl,,,
499,687,-450,biceps-curl,,,
708,835,-489,biceps-curl,,,
848,928,-520,biceps-curl,,,
920,808,-560,biceps-curl,,,
920,808,-560,biceps-curl,,,
974,800,-467,biceps-curl,,,
1067,838,-403,biceps-curl,,,
1132,892,-415,biceps-curl,,,
1151,801,-350,biceps-curl,,,
1166,685,-415,biceps-curl,,,
1140,616,-410,biceps-curl,,,
1116,588,-374,biceps-curl,,,
1152,611,-441,biceps-curl,,,
1153,577,-384,biceps-curl,,,
1133,530,-317,biceps-curl,,,
1159,489,-416,biceps-curl,,,
1162,474,-430,biceps-curl,,,
1148,507,-442,biceps-curl,,,
1121,543,-488,biceps-curl,,,
1084,558,-521,biceps-curl,,,
1061,582,-539,biceps-curl,,,
1051,618,-533,biceps-curl,,,
1068,668,-503,biceps-curl,,,
1105,703,-458,biceps-curl,,,
1168,717,-445,biceps-curl,,,
1195,752,-448,biceps-curl,,,
1205,821,-426,biceps-curl,,,
1207,873,-412,biceps-curl,,,
1183,892,-433,biceps-curl,,,
1128,880,-432,biceps-curl,,,
1050,876,-412,biceps-curl,,,
975,870,-390,biceps-curl,,,
883,820,-382,biceps-curl,,,
776,781,-400,biceps-curl,,,
685,757,-365,biceps-curl,,,
608,694,-330,biceps-curl,,,
545,628,-357,biceps-curl,,,
468,592,-336,biceps-curl,,,
366,542,-304,biceps-curl,,,
257,489,-306,biceps-curl,,,
148,456,-312,biceps-curl,,,
71,448,-325,biceps-curl,,,
-27,389,-329,biceps-curl,,,
-132,264,-223,biceps-curl,,,
-208,210,-192,biceps-curl,,,
-246,215,-193,biceps-curl,,,
-277,204,-197,biceps-curl,,,
-308,185,-190,biceps-curl,,,
-325,189,-229,biceps-curl,,,
-300,167,-261,biceps-curl,,,
-260,166,-239,biceps-curl,,,
-221,228,-231,biceps-curl,,,
-172,289,-321,biceps-curl,,,
-94,305,-335,biceps-curl,,,
-23,344,-312,biceps-curl,,,
55,376,-360,biceps-curl,,,
180,376,-321,biceps-curl,,,
298,467,-472,biceps-curl,,,
460,621,-614,biceps-curl,,,
596,668,-464,biceps-curl,,,
708,686,-477,biceps-curl,,,
846,702,-536,biceps-curl,,,
994,759,-530,biceps-curl,,,
1103,775,-521,biceps-curl,,,
1159,783,-500,biceps-curl,,,
1181,720,-413,biceps-curl,,,
1196,679,-417,biceps-curl,,,
1206,648,-430,biceps-curl,,,
1214,616,-403,biceps-curl,,,
1216,574,-455,biceps-curl,,,
1194,538,-508,biceps-curl,,,
1130,452,-368,biceps-curl,,,
1115,421,-328,biceps-curl,,,
1151,460,-385,biceps-curl,,,
1148,416,-452,biceps-curl,,,
1122,376,-509,biceps-curl,,,
1089,381,-500,biceps-curl,,,
1054,402,-476,biceps-curl,,,
1040,446,-472,biceps-curl,,,
1044,468,-489,biceps-curl,,,
1052,468,-496,biceps-curl,,,
1068,476,-484,biceps-curl,,,
1095,498,-480,biceps-curl,,,
1137,541,-480,biceps-curl,,,
1192,571,-477,biceps-curl,,,
1230,599,-523,biceps-curl,,,
1234,644,-557,biceps-curl,,,
1207,664,-468,biceps-curl,,,
1171,705,-465,biceps-curl,,,
1139,779,-549,biceps-curl,,,
1055,744,-570,biceps-curl,,,
921,699,-484,biceps-curl,,,
796,732,-453,biceps-curl,,,
708,744,-618,biceps-curl,,,
652,740,-573,biceps-curl,,,
568,710,-475,biceps-curl,,,
488,625,-440,biceps-curl,,,
399,544,-377,biceps-curl,,,
296,446,-411,biceps-curl,,,
185,344,-334,biceps-curl,,,
69,342,-314,biceps-curl,,,
-33,325,-265,biceps-curl,,,
-132,293,-269,biceps-curl,,,
-195,247,-234,biceps-curl,,,
-249,223,-261,biceps-curl,,,
-296,192,-168,biceps-curl,,,
-320,232,-168,biceps-curl,,,
-343,255,-191,biceps-curl,,,
-344,248,-238,biceps-curl,,,
-314,248,-210,biceps-curl,,,
-283,255,-193,biceps-curl,,,
-251,242,-185,biceps-curl,,,
-199,233,-275,biceps-curl,,,
-124,273,-261,biceps-curl,,,
-32,307,-303,biceps-curl,,,
56,312,-384,biceps-curl,,,
142,350,-419,biceps-curl,,,
241,465,-467,biceps-curl,,,
415,544,-552,biceps-curl,,,
582,536,-652,biceps-curl,,,
727,568,-651,biceps-curl,,,
857,679,-556,biceps-curl,,,
983,736,-601,biceps-curl,,,
1066,702,-619,biceps-curl,,,
1144,670,-567,biceps-curl,,,
1191,654,-534,biceps-curl,,,
1200,605,-456,biceps-curl,,,
1181,525,-454,biceps-curl,,,
1177,479,-475,biceps-curl,,,
1175,463,-473,biceps-curl,,,
1189,485,-455,biceps-curl,,,
1228,492,-428,biceps-curl,,,
1233,441,-470,biceps-curl,,,
1212,401,-505,biceps-curl,,,
1187,417,-495,biceps-curl,,,
1140,455,-514,biceps-curl,,,
1089,474,-502,biceps-curl,,,
1041,506,-482,biceps-curl,,,
1010,527,-515,biceps-curl,,,
984,512,-512,biceps-curl,,,
962,525,-486,biceps-curl,,,
994,552,-442,biceps-curl,,,
1025,543,-387,biceps-curl,,,
1061,537,-374,biceps-curl,,,
1104,578,-372,biceps-curl,,,
1132,574,-407,biceps-curl,,,
1146,640,-495,biceps-curl,,,
1149,722,-514,biceps-curl,,,
1131,803,-476,biceps-curl,,,
1095,811,-420,biceps-curl,,,
1030,790,-441,biceps-curl,,,
950,829,-444,biceps-curl,,,
853,806,-415,biceps-curl,,,
735,783,-483,biceps-curl,,,
613,765,-415,biceps-curl,,,
558,714,-400,biceps-curl,,,
480,783,-400,biceps-curl,,,
432,729,-432,biceps-curl,,,
339,705,-448,biceps-curl,,,
268,628,-402,biceps-curl,,,
160,564,-348,biceps-curl,,,
94,480,-286,biceps-curl,,,
-5,436,-373,biceps-curl,,,
-86,320,-265,biceps-curl,,,
-178,277,-221,biceps-curl,,,
-245,252,-236,biceps-curl,,,
-302,209,-168,biceps-curl,,,
-344,175,-139,biceps-curl,,,
-358,112,-148,biceps-curl,,,
-360,120,-182,biceps-curl,,,
-342,87,-163,biceps-curl,,,
-313,83,-135,biceps-curl,,,
-259,172,-178,biceps-curl,,,
-191,230,-238,biceps-curl,,,
-115,266,-298,biceps-curl,,,
-27,300,-300,biceps-curl,,,
77,376,-303,biceps-curl,,,
211,478,-427,biceps-curl,,,
411,645,-606,biceps-curl,,,
552,758,-564,biceps-curl,,,
614,763,-407,biceps-curl,,,
711,789,-427,biceps-curl,,,
828,872,-560,biceps-curl,,,
938,924,-559,biceps-curl,,,
996,887,-396,biceps-curl,,,
1006,822,-320,biceps-curl,,,
1054,790,-397,biceps-curl,,,
1096,770,-425,biceps-curl,,,
1084,736,-371,biceps-curl,,,
1070,696,-321,biceps-curl,,,
1085,693,-315,biceps-curl,,,
1101,685,-355,biceps-curl,,,
1114,670,-392,biceps-curl,,,
1113,646,-457,biceps-curl,,,
1092,644,-451,biceps-curl,,,
1080,652,-472,biceps-curl,,,
1078,635,-443,biceps-curl,,,
1070,623,-429,biceps-curl,,,
1058,651,-455,biceps-curl,,,
1031,665,-480,biceps-curl,,,
1024,678,-432,biceps-curl,,,
1030,711,-380,biceps-curl,,,
1078,704,-350,biceps-curl,,,
1130,707,-332,biceps-curl,,,
1156,737,-303,biceps-curl,,,
1208,754,-390,biceps-curl,,,
1199,786,-350,biceps-curl,,,
1168,840,-288,biceps-curl,,,
1144,896,-296,biceps-curl,,,
1113,888,-319,biceps-curl,,,
1036,911,-381,biceps-curl,,,
928,852,-399,biceps-curl,,,
796,782,-364,biceps-curl,,,
684,819,-296,biceps-curl,,,
574,789,-316,biceps-curl,,,
478,743,-388,biceps-curl,,,
411,689,-360,biceps-curl,,,
335,628,-411,biceps-curl,,,
231,603,-392,biceps-curl,,,
134,581,-322,biceps-curl,,,
40,497,-292,biceps-curl,,,
-49,425,-276,biceps-curl,,,
-124,311,-209,biceps-curl,,,
-200,211,-145,biceps-curl,,,
-256,195,-139,biceps-curl,,,
-277,195,-191,biceps-curl,,,
-300,197,-180,biceps-curl,,,
-337,190,-140,biceps-curl,,,
-347,165,-104,biceps-curl,,,
-339,161,-97,biceps-curl,,,
-309,199,-158,biceps-curl,,,
-249,224,-217,biceps-curl,,,
-195,228,-228,biceps-curl,,,
-132,264,-248,biceps-curl,,,
-27,319,-291,biceps-curl,,,
81,381,-312,biceps-curl,,,
184,495,-354,biceps-curl,,,
327,648,-398,biceps-curl,,,
482,765,-413,biceps-curl,,,
599,823,-496,biceps-curl,,,
703,854,-548,biceps-curl,,,
844,883,-484,biceps-curl,,,
954,910,-426,biceps-curl,,,
1018,876,-473,biceps-curl,,,
1042,818,-456,biceps-curl,,,
1056,748,-445,biceps-curl,,,
1086,750,-416,biceps-curl,,,
1108,709,-412,biceps-curl,,,
1125,665,-384,biceps-curl,,,
1145,634,-330,biceps-curl,,,
1153,612,-381,biceps-curl,,,
1158,631,-403,biceps-curl,,,
1142,625,-383,biceps-curl,,,
1128,629,-432,biceps-curl,,,
1124,597,-435,biceps-curl,,,
1089,569,-469,biceps-curl,,,
1094,576,-534,biceps-curl,,,
1064,586,-487,biceps-curl,,,
1048,648,-448,biceps-curl,,,
1056,672,-408,biceps-curl,,,
1072,664,-462,biceps-curl,,,
1080,672,-434,biceps-curl,,,
1110,702,-439,biceps-curl,,,
1156,755,-440,biceps-curl,,,
1203,846,-447,biceps-curl,,,
1222,870,-392,biceps-curl,,,
1169,886,-377,biceps-curl,,,
1113,928,-369,biceps-curl,,,
1026,936,-355,biceps-curl,,,
925,955,-377,biceps-curl,,,
823,892,-390,biceps-curl,,,
709,836,-332,biceps-curl,,,
615,765,-265,biceps-curl,,,
523,710,-311,biceps-curl,,,
446,690,-325,biceps-curl,,,
343,639,-266,biceps-curl,,,
257,653,-261,biceps-curl,,,
176,601,-241,biceps-curl,,,
95,506,-249,biceps-curl,,,
21,472,-250,biceps-curl,,,
-54,430,-217,biceps-curl,,,
-133,333,-155,biceps-curl,,,
-203,263,-155,biceps-curl,,,
-244,248,-172,biceps-curl,,,
-260,228,-160,biceps-curl,,,
-279,208,-172,biceps-curl,,,
-300,215,-191,biceps-curl,,,
-297,235,-186,biceps-curl,,,
-285,241,-181,biceps-curl,,,
-267,248,-213,biceps-curl,,,
-230,278,-247,biceps-curl,,,
-177,291,-307,biceps-curl,,,
-117,307,-335,biceps-curl,,,
-52,356,-285,biceps-curl,,,
32,418,-290,biceps-curl,,,
127,449,-290,biceps-curl,,,
271,561,-435,biceps-curl,,,
437,716,-492,biceps-curl,,,
579,781,-475,biceps-curl,,,
698,812,-402,biceps-curl,,,
819,849,-516,biceps-curl,,,
923,823,-567,biceps-curl,,,
1021,854,-542,biceps-curl,,,
1051,831,-443,biceps-curl,,,
1079,765,-469,biceps-curl,,,
1137,740,-508,biceps-curl,,,
1150,695,-462,biceps-curl,,,
1127,687,-439,biceps-curl,,,
1104,663,-425,biceps-curl,,,
1120,624,-456,biceps-curl,,,
1104,608,-424,biceps-curl,,,
1104,608,-424,biceps-curl,,,
1073,585,-408,biceps-curl,,,
1064,561,-461,biceps-curl,,,
1064,553,-501,biceps-curl,,,
1079,552,-402,biceps-curl,,,
1051,552,-385,biceps-curl,,,
1041,580,-461,biceps-curl,,,
1033,591,-486,biceps-curl,,,
1032,599,-535,biceps-curl,,,
1032,652,-446,biceps-curl,,,
1051,683,-468,biceps-curl,,,
1087,669,-505,biceps-curl,,,
1120,676,-482,biceps-curl,,,
1134,721,-443,biceps-curl,,,
1130,776,-409,biceps-curl,,,
1117,809,-417,biceps-curl,,,
1074,800,-397,biceps-curl,,,
1024,808,-363,biceps-curl,,,
977,806,-393,biceps-curl,,,
920,800,-411,biceps-curl,,,
839,805,-370,biceps-curl,,,
740,776,-367,biceps-curl,,,
638,739,-371,biceps-curl,,,
545,728,-373,biceps-curl,,,
467,695,-372,biceps-curl,,,
392,668,-356,biceps-curl,,,
294,660,-348,biceps-curl,,,
177,593,-318,biceps-curl,,,
66,482,-295,biceps-curl,,,
-29,407,-307,biceps-curl,,,
-109,345,-280,biceps-curl,,,
-180,264,-201,biceps-curl,,,
-241,215,-175,biceps-curl,,,
-277,211,-224,biceps-curl,,,
-291,232,-243,biceps-curl,,,
-298,227,-236,biceps-curl,,,
-304,223,-199,biceps-curl,,,
-298,253,-191,biceps-curl,,,
-266,296,-240,biceps-curl,,,
-222,313,-269,biceps-curl,,,
-201,291,-285,biceps-curl,,,
-132,313,-282,biceps-curl,,,
-68,360,-323,biceps-curl,,,
4,406,-303,biceps-curl,,,
87,447,-348,biceps-curl,,,
208,510,-379,biceps-curl,,,
354,628,-411,biceps-curl,,,
465,673,-445,biceps-curl,,,
599,692,-514,biceps-curl,,,
741,777,-543,biceps-curl,,,
905,824,-511,biceps-curl,,,
975,856,-457,biceps-curl,,,
1069,817,-440,biceps-curl,,,
1087,740,-463,biceps-curl,,,
1125,758,-419,biceps-curl,,,
1135,709,-416,biceps-curl,,,
1115,661,-402,biceps-curl,,,
1084,607,-386,biceps-curl,,,
1080,552,-364,biceps-curl,,,
1080,484,-353,biceps-curl,,,
1080,446,-267,biceps-curl,,,
1112,434,-254,biceps-curl,,,
1151,426,-337,biceps-curl,,,
1154,400,-414,biceps-curl,,,
1123,374,-432,biceps-curl,,,
1101,368,-438,biceps-curl,,,
1074,407,-423,biceps-curl,,,
1048,462,-443,biceps-curl,,,
1029,501,-451,biceps-curl,,,
1019,522,-443,biceps-curl,,,
1006,528,-425,biceps-curl,,,
1010,542,-411,biceps-curl,,,
1030,552,-422,biceps-curl,,,
1067,548,-423,biceps-curl,,,
1123,579,-403,biceps-curl,,,
1173,625,-371,biceps-curl,,,
1208,656,-368,biceps-curl,,,
1216,691,-365,biceps-curl,,,
1186,716,-322,biceps-curl,,,
1146,745,-296,biceps-curl,,,
1115,796,-340,biceps-curl,,,
1070,837,-387,biceps-curl,,,
1004,862,-380,biceps-curl,,,
919,849,-406,biceps-curl,,,
810,783,-413,biceps-curl,,,
710,736,-400,biceps-curl,,,
632,731,-379,biceps-curl,,,
546,718,-352,biceps-curl,,,
449,706,-310,biceps-curl,,,
359,670,-298,biceps-curl,,,
258,598,-287,biceps-curl,,,
161,524,-299,biceps-curl,,,
47,468,-233,biceps-curl,,,
-83,405,-172,biceps-curl,,,
-187,343,-196,biceps-curl,,,
-255,278,-214,biceps-curl,,,
-308,198,-189,biceps-curl,,,
-348,111,-92,biceps-curl,,,
-382,99,-53,biceps-curl,,,
-358,146,-125,biceps-curl,,,
-327,177,-225,biceps-curl,,,
-288,224,-256,biceps-curl,,,
-240,320,-312,biceps-curl,,,
-201,304,-273,biceps-curl,,,
-116,319,-287,biceps-curl,,,
-30,387,-310,biceps-curl,,,
71,472,-421,biceps-curl,,,
216,544,-382,biceps-curl,,,
267,615,-383,biceps-curl,,,
347,644,-391,biceps-curl,,,
500,715,-412,biceps-curl,,,
645,813,-475,biceps-curl,,,
742,838,-501,biceps-curl,,,
797,821,-423,biceps-curl,,,
893,816,-370,biceps-curl,,,
973,781,-401,biceps-curl,,,
1078,768,-445,biceps-curl,,,
1140,712,-395,biceps-curl,,,
1152,656,-384,biceps-curl,,,
1157,651,-413,biceps-curl,,,
1135,605,-327,biceps-curl,,,
1110,561,-267,biceps-curl,,,
1133,547,-336,biceps-curl,,,
1166,507,-356,biceps-curl,,,
1176,467,-349,biceps-curl,,,
1172,460,-373,biceps-curl,,,
1164,481,-405,biceps-curl,,,
1144,508,-404,biceps-curl,,,
1101,528,-384,biceps-curl,,,
1046,547,-388,biceps-curl,,,
998,571,-388,biceps-curl,,,
969,601,-381,biceps-curl,,,
973,611,-386,biceps-curl,,,
1007,607,-379,biceps-curl,,,
1041,635,-327,biceps-curl,,,
1075,654,-318,biceps-curl,,,
1125,683,-337,biceps-curl,,,
1159,705,-283,biceps-curl,,,
1181,753,-286,biceps-curl,,,
1194,784,-318,biceps-curl,,,
1194,812,-316,biceps-curl,,,
1165,833,-333,biceps-curl,,,
1115,867,-345,biceps-curl,,,
1048,877,-321,biceps-curl,,,
961,863,-343,biceps-curl,,,
874,850,-405,biceps-curl,,,
776,815,-335,biceps-curl,,,
654,810,-264,biceps-curl,,,
561,816,-206,biceps-curl,,,
480,729,-271,biceps-curl,,,
372,638,-265,biceps-curl,,,
286,599,-289,biceps-curl,,,
207,567,-328,biceps-curl,,,
81,489,-312,biceps-curl,,,
-29,434,-258,biceps-curl,,,
-108,386,-317,biceps-curl,,,
-172,332,-350,biceps-curl,,,
-256,233,-250,biceps-curl,,,
-314,181,-104,biceps-curl,,,
-341,155,-137,biceps-curl,,,
-324,159,-171,biceps-curl,,,
-313,187,-189,biceps-curl,,,
-286,218,-212,biceps-curl,,,
-280,243,-216,biceps-curl,,,
-243,285,-204,biceps-curl,,,
-196,284,-272,biceps-curl,,,
-113,333,-314,biceps-curl,,,
-36,346,-314,biceps-curl,,,
40,366,-295,biceps-curl,,,
161,506,-299,biceps-curl,,,
287,652,-346,biceps-curl,,,
404,721,-434,biceps-curl,,,
562,756,-472,biceps-curl,,,
704,806,-453,biceps-curl,,,
798,809,-459,biceps-curl,,,
890,859,-503,biceps-curl,,,
1014,938,-468,biceps-curl,,,
1072,910,-399,biceps-curl,,,
1064,816,-384,biceps-curl,,,
1072,733,-403,biceps-curl,,,
1091,703,-395,biceps-curl,,,
1086,716,-328,biceps-curl,,,
1044,693,-278,biceps-curl,,,
1019,627,-277,biceps-curl,,,
1045,578,-311,biceps-curl,,,
1083,553,-327,biceps-curl,,,
1077,525,-287,biceps-curl,,,
1053,520,-261,biceps-curl,,,
1050,520,-311,biceps-curl,,,
1054,506,-314,biceps-curl,,,
1048,472,-286,biceps-curl,,,
1048,472,-318,biceps-curl,,,
1048,483,-364,biceps-curl,,,
1045,525,-361,biceps-curl,,,
1033,547,-307,biceps-curl,,,
1039,559,-328,biceps-curl,,,
1038,554,-366,biceps-curl,,,
1074,570,-346,biceps-curl,,,
1089,589,-306,biceps-curl,,,
1098,632,-320,biceps-curl,,,
1123,635,-321,biceps-curl,,,
1160,673,-335,biceps-curl,,,
1159,689,-311,biceps-curl,,,
1120,736,-280,biceps-curl,,,
1088,792,-264,biceps-curl,,,
1088,792,-264,biceps-curl,,,
1080,831,-342,biceps-curl,,,
1042,855,-306,biceps-curl,,,
965,871,-282,biceps-curl,,,
902,872,-353,biceps-curl,,,
789,822,-374,biceps-curl,,,
678,725,-334,biceps-curl,,,
596,712,-389,biceps-curl,,,
551,725,-400,biceps-curl,,,
453,728,-433,biceps-curl,,,
330,677,-351,biceps-curl,,,
242,627,-334,biceps-curl,,,
152,531,-312,biceps-curl,,,
52,433,-239,biceps-curl,,,
-22,351,-205,biceps-curl,,,
-90,317,-211,biceps-curl,,,
-144,307,-194,biceps-curl,,,
-213,283,-210,biceps-curl,,,
-250,272,-214,biceps-curl,,,
-276,252,-159,biceps-curl,,,
-293,240,-152,biceps-curl,,,
-277,249,-200,biceps-curl,,,
-260,260,-228,biceps-curl,,,
-234,286,-232,biceps-curl,,,
-191,316,-261,biceps-curl,,,
-136,320,-284,biceps-curl,,,
-58,354,-307,biceps-curl,,,
29,411,-321,biceps-curl,,,
114,463,-346,biceps-curl,,,
235,552,-400,biceps-curl,,,
360,624,-381,biceps-curl,,,
466,669,-401,biceps-curl,,,
618,733,-486,biceps-curl,,,
761,795,-485,biceps-curl,,,
871,826,-459,biceps-curl,,,
951,850,-429,biceps-curl,,,
998,833,-361,biceps-curl,,,
1055,768,-342,biceps-curl,,,
1122,744,-438,biceps-curl,,,
1123,730,-397,biceps-curl,,,
1102,678,-337,biceps-curl,,,
1100,665,-257,biceps-curl,,,
1124,627,-309,biceps-curl,,,
1140,591,-370,biceps-curl,,,
1114,529,-324,biceps-curl,,,
1070,483,-241,biceps-curl,,,
1059,503,-255,biceps-curl,,,
1088,486,-331,biceps-curl,,,
1087,456,-366,biceps-curl,,,
1072,448,-321,biceps-curl,,,
1056,464,-368,biceps-curl,,,
1040,472,-352,biceps-curl,,,
1024,480,-344,biceps-curl,,,
1016,526,-298,biceps-curl,,,
1016,565,-296,biceps-curl,,,
1038,561,-384,biceps-curl,,,
1054,574,-349,biceps-curl,,,
1070,597,-316,biceps-curl,,,
1106,648,-305,biceps-curl,,,
1145,689,-351,biceps-curl,,,
1165,742,-340,biceps-curl,,,
1162,784,-342,biceps-curl,,,
1135,823,-332,biceps-curl,,,
1110,850,-352,biceps-curl,,,
1069,868,-348,biceps-curl,,,
999,849,-367,biceps-curl,,,
915,834,-382,biceps-curl,,,
823,821,-389,biceps-curl,,,
724,769,-360,biceps-curl,,,
642,729,-359,biceps-curl,,,
591,730,-363,biceps-curl,,,
533,746,-341,biceps-curl,,,
453,743,-333,biceps-curl,,,
385,705,-340,biceps-curl,,,
300,663,-322,biceps-curl,,,
202,640,-287,biceps-curl,,,
100,584,-276,biceps-curl,,,
-10,490,-276,biceps-curl,,,
-105,377,-261,biceps-curl,,,
-187,279,-223,biceps-curl,,,
-239,238,-195,biceps-curl,,,
-264,221,-210,biceps-curl,,,
-300,216,-236,biceps-curl,,,
-320,219,-271,biceps-curl,,,
-317,240,-315,biceps-curl,,,
-304,295,-334,biceps-curl,,,
-281,346,-294,biceps-curl,,,
-253,347,-288,biceps-curl,,,
-209,342,-296,biceps-curl,,,
-148,372,-344,biceps-curl,,,
-72,415,-405,biceps-curl,,,
4,453,-371,biceps-curl,,,
96,520,-403,biceps-curl,,,
184,604,-483,biceps-curl,,,
277,665,-448,biceps-curl,,,
373,686,-414,biceps-curl,,,
531,788,-510,biceps-curl,,,
631,822,-496,biceps-curl,,,
711,802,-492,biceps-curl,,,
802,833,-442,biceps-curl,,,
834,848,-470,biceps-curl,,,
896,848,-400,biceps-curl,,,
928,784,-368,biceps-curl,,,
967,706,-376,biceps-curl,,,
991,689,-414,biceps-curl,,,
1029,673,-394,biceps-curl,,,
1047,665,-326,biceps-curl,,,
1041,614,-327,biceps-curl,,,
1068,566,-314,biceps-curl,,,
1072,526,-285,biceps-curl,,,
1065,487,-287,biceps-curl,,,
1051,487,-308,biceps-curl,,,
1035,494,-306,biceps-curl,,,
1038,508,-316,biceps-curl,,,
1064,506,-296,biceps-curl,,,
1060,492,-341,biceps-curl,,,
1056,499,-389,biceps-curl,,,
1056,521,-422,biceps-curl,,,
1034,555,-394,biceps-curl,,,
1013,594,-376,biceps-curl,,,
1008,613,-381,biceps-curl,,,
1013,611,-379,biceps-curl,,,
1030,618,-376,biceps-curl,,,
1063,633,-348,biceps-curl,,,
1107,667,-301,biceps-curl,,,
1145,714,-319,biceps-curl,,,
1152,757,-344,biceps-curl,,,
1136,788,-328,biceps-curl,,,
1105,800,-332,biceps-curl,,,
1058,807,-351,biceps-curl,,,
1000,816,-353,biceps-curl,,,
936,823,-364,biceps-curl,,,
869,845,-376,biceps-curl,,,
782,849,-364,biceps-curl,,,
690,815,-390,biceps-curl,,,
591,770,-370,biceps-curl,,,
500,707,-322,biceps-curl,,,
413,689,-349,biceps-curl,,,
327,674,-383,biceps-curl,,,
245,680,-425,biceps-curl,,,
172,656,-366,biceps-curl,,,
101,557,-287,biceps-curl,,,
51,457,-215,biceps-curl,,,
-15,422,-263,biceps-curl,,,
-93,375,-235,biceps-curl,,,
-169,364,-292,biceps-curl,,,
-232,341,-313,biceps-curl,,,
-292,315,-310,biceps-curl,,,
-332,267,-223,biceps-curl,,,
-366,217,-211,biceps-curl,,,
-343,226,-258,biceps-curl,,,
-327,265,-305,biceps-curl,,,
-280,312,-344,biceps-curl,,,
-240,344,-312,biceps-curl,,,
-209,297,-273,biceps-curl,,,
-124,334,-379,biceps-curl,,,
-16,403,-399,biceps-curl,,,
72,466,-393,biceps-curl,,,
144,529,-413,biceps-curl,,,
250,557,-388,biceps-curl,,,
346,621,-432,biceps-curl,,,
507,752,-400,biceps-curl,,,
575,756,-438,biceps-curl,,,
660,771,-435,biceps-curl,,,
767,776,-382,biceps-curl,,,
877,836,-386,biceps-curl,,,
957,827,-421,biceps-curl,,,
976,799,-346,biceps-curl,,,
1021,803,-340,biceps-curl,,,
1051,776,-341,biceps-curl,,,
1051,755,-320,biceps-curl,,,
1073,721,-332,biceps-curl,,,
1078,694,-300,biceps-curl,,,
1058,669,-291,biceps-curl,,,
1016,656,-276,biceps-curl,,,
992,620,-265,biceps-curl,,,
1009,592,-268,biceps-curl,,,
1036,580,-247,biceps-curl,,,
1052,556,-276,biceps-curl,,,
1068,536,-339,biceps-curl,,,
1073,524,-353,biceps-curl,,,
1057,534,-344,biceps-curl,,,
1048,569,-354,biceps-curl,,,
1035,602,-352,biceps-curl,,,
1016,610,-334,biceps-curl,,,
1016,603,-347,biceps-curl,,,
1024,608,-357,biceps-curl,,,
1053,616,-365,biceps-curl,,,
1078,647,-358,biceps-curl,,,
1077,694,-336,biceps-curl,,,
1096,732,-302,biceps-curl,,,
1130,754,-320,biceps-curl,,,
1156,793,-315,biceps-curl,,,
1136,834,-299,biceps-curl,,,
1103,884,-322,biceps-curl,,,
1085,940,-371,biceps-curl,,,
1011,958,-385,biceps-curl,,,
875,932,-384,biceps-curl,,,
773,843,-331,biceps-curl,,,
672,798,-364,biceps-curl,,,
579,772,-406,biceps-curl,,,
500,720,-381,biceps-curl,,,
421,717,-321,biceps-curl,,,
336,624,-344,biceps-curl,,,
248,592,-336,biceps-curl,,,
248,592,-336,biceps-curl,,,
139,530,-274,biceps-curl,,,
22,444,-211,biceps-curl,,,
-111,380,-201,biceps-curl,,,
-200,288,-222,biceps-curl,,,
-251,216,-231,biceps-curl,,,
-312,173,-218,biceps-curl,,,
-381,120,-175,biceps-curl,,,
-405,105,-161,biceps-curl,,,
-375,117,-180,biceps-curl,,,
-368,152,-248,biceps-curl,,,
-362,210,-245,biceps-curl,,,
-336,236,-246,biceps-curl,,,
-299,228,-266,biceps-curl,,,
-236,235,-352,biceps-curl,,,
-160,296,-362,biceps-curl,,,
-76,352,-341,biceps-curl,,,
-1,384,-378,biceps-curl,,,
90,443,-405,biceps-curl,,,
232,566,-403,biceps-curl,,,
358,634,-433,biceps-curl,,,
479,663,-442,biceps-curl,,,
630,769,-477,biceps-curl,,,
760,840,-525,biceps-curl,,,
833,823,-486,biceps-curl,,,
884,808,-428,biceps-curl,,,
931,789,-416,biceps-curl,,,
996,779,-416,biceps-curl,,,
1059,760,-377,biceps-curl,,,
1082,700,-328,biceps-curl,,,
1122,666,-344,biceps-curl,,,
1178,647,-350,biceps-curl,,,
1205,626,-311,biceps-curl,,,
1186,591,-288,biceps-curl,,,
1163,536,-298,biceps-curl,,,
1175,518,-350,biceps-curl,,,
1187,505,-337,biceps-curl,,,
1170,486,-322,biceps-curl,,,
1142,478,-348,biceps-curl,,,
1105,477,-397,biceps-curl,,,
1073,491,-357,biceps-curl,,,
1042,478,-334,biceps-curl,,,
1016,501,-285,biceps-curl,,,
1014,486,-266,biceps-curl,,,
1002,477,-237,biceps-curl,,,
1019,515,-269,biceps-curl,,,
1040,545,-249,biceps-curl,,,
1038,555,-265,biceps-curl,,,
1007,596,-280,biceps-curl,,,
992,673,-273,biceps-curl,,,
991,695,-311,biceps-curl,,,
913,633,-201,biceps-curl,,,
834,686,-239,biceps-curl,,,
786,734,-240,biceps-curl,,,
762,654,-262,biceps-curl,,,
658,706,-249,biceps-curl,,,
641,676,-341,biceps-curl,,,
584,665,-296,biceps-curl,,,
535,657,-288,biceps-curl,,,
501,656,-355,biceps-curl,,,
444,617,-342,biceps-curl,,,
388,633,-336,biceps-curl,,,
333,615,-342,biceps-curl,,,
266,536,-320,biceps-curl,,,
207,506,-318,biceps-curl,,,
198,521,-320,biceps-curl,,,
211,534,-392,biceps-curl,,,
216,525,-354,biceps-curl,,,
216,546,-288,biceps-curl,,,
247,585,-354,biceps-curl,,,
304,625,-440,biceps-curl,,,
347,664,-445,biceps-curl,,,
374,694,-418,biceps-curl,,,
402,735,-453,biceps-curl,,,
438,790,-497,biceps-curl,,,
452,820,-492,biceps-curl,,,
456,796,-424,biceps-curl,,,
456,806,-406,biceps-curl,,,
474,826,-455,biceps-curl,,,
504,828,-475,biceps-curl,,,
501,857,-481,biceps-curl,,,
477,838,-472,biceps-curl,,,
433,806,-444,biceps-curl,,,
408,764,-417,biceps-curl,,,
408,741,-451,biceps-curl,,,
411,733,-446,biceps-curl,,,
421,735,-424,biceps-curl,,,
437,750,-429,biceps-curl,,,
448,750,-451,biceps-curl,,,
450,764,-421,biceps-curl,,,
470,815,-318,biceps-curl,,,
523,978,-566,biceps-curl,,,
514,774,-474,biceps-curl,,,
423,801,-397,biceps-curl,,,
454,792,-503,biceps-curl,,,
442,704,-489,biceps-curl,,,
459,757,-440,biceps-curl,,,
478,733,-441,biceps-curl,,,
454,703,-454,biceps-curl,,,
424,696,-428,biceps-curl,,,
432,688,-505,biceps-curl,,,
424,688,-528,biceps-curl,,,
