-890,340,-205,triceps-extension,,,
-123,915,-592,triceps-extension,,,
-749,1604,-1191,triceps-extension,,,
-1378,979,-896,triceps-extension,,,
-1231,733,-836,triceps-extension,,,
-1065,191,-655,triceps-extension,,,
-949,112,-713,triceps-extension,,,
-982,-177,-565,triceps-extension,,,
-803,-696,-246,triceps-extension,,,
-1130,369,-1024,triceps-extension,,,
-2005,1011,-1208,triceps-extension,,,
-568,2088,-1648,triceps-extension,,,
-112,2025,-1120,triceps-extension,,,
-10,552,-102,triceps-extension,,,
-63,505,-468,triceps-extension,,,
-439,-19,-462,triceps-extension,,,
-533,0,-510,triceps-extension,,,
-568,150,-543,triceps-extension,,,
-595,101,-582,triceps-extension,,,
-614,21,-594,triceps-extension,,,
-629,84,-597,triceps-extension,,,
-646,112,-628,triceps-extension,,,
-617,112,-640,triceps-extension,,,
-646,88,-631,triceps-extension,,,
-606,89,-609,triceps-extension,,,
-587,37,-669,triceps-extension,,,
-566,36,-644,triceps-extension,,,
-560,117,-594,triceps-extension,,,
-571,254,-545,triceps-extension,,,
-607,366,-492,triceps-extension,,,
-634,439,-407,triceps-extension,,,
-634,474,-341,triceps-extension,,,
-625,473,-308,triceps-extension,,,
-631,487,-231,triceps-extension,,,
-640,512,-168,triceps-extension,,,
-669,545,-76,triceps-extension,,,
-728,559,48,triceps-extension,,,
-760,546,52,triceps-extension,,,
-697,509,83,triceps-extension,,,
-589,462,106,triceps-extension,,,
-544,440,96,triceps-extension,,,
-563,432,158,triceps-extension,,,
-626,404,181,triceps-extension,,,
-711,386,201,triceps-extension,,,
-811,377,208,triceps-extension,,,
-908,345,239,triceps-extension,,,
-1005,343,226,triceps-extension,,,
-1123,314,265,triceps-extension,,,
-1205,325,269,triceps-extension,,,
-1224,297,275,triceps-extension,,,
-1224,286,314,triceps-extension,,,
-1224,328,220,triceps-extension,,,
-1206,345,160,triceps-extension,,,
-1197,394,278,triceps-extension,,,
-1188,381,322,triceps-extension,,,
-1158,289,148,triceps-extension,,,
-1101,177,83,triceps-extension,,,
-1056,216,248,triceps-extension,,,
-1083,314,297,triceps-extension,,,
-1111,221,275,triceps-extension,,,
-1108,81,132,triceps-extension,,,
-1120,241,162,triceps-extension,,,
-1134,460,313,triceps-extension,,,
-1190,349,279,triceps-extension,,,
-1243,228,155,triceps-extension,,,
-1284,223,158,triceps-extension,,,
-1402,246,204,triceps-extension,,,
-1397,298,209,triceps-extension,,,
-1469,289,47,triceps-extension,,,
-1440,323,136,triceps-extension,,,
-1450,405,306,triceps-extension,,,
-1454,456,334,triceps-extension,,,
-1401,510,406,triceps-extension,,,
-1359,491,431,triceps-extension,,,
-1298,487,457,triceps-extension,,,
-1221,518,564,triceps-extension,,,
-1174,523,608,triceps-extension,,,
-1113,514,592,triceps-extension,,,
-1056,558,564,triceps-extension,,,
-982,583,531,triceps-extension,,,
-920,656,464,triceps-extension,,,
-816,662,462,triceps-extension,,,
-715,734,436,triceps-extension,,,
-581,773,416,triceps-extension,,,
-447,802,338,triceps-extension,,,
-318,809,140,triceps-extension,,,
-190,874,76,triceps-extension,,,
-128,961,75,triceps-extension,,,
-62,1031,33,triceps-extension,,,
-9,1129,-40,triceps-extension,,,
42,1215,-21,triceps-extension,,,
102,1209,-31,triceps-extension,,,
136,1192,-176,triceps-extension,,,
136,1192,-176,triceps-extension,,,
198,1161,-106,triceps-extension,,,
307,985,-233,triceps-extension,,,
431,998,-188,triceps-extension,,,
542,883,-140,triceps-extension,,,
673,829,-79,triceps-extension,,,
751,705,-170,triceps-extension,,,
767,524,-27,triceps-extension,,,
815,403,-187,triceps-extension,,,
896,312,-87,triceps-extension,,,
925,232,-202,triceps-extension,,,
891,204,-135,triceps-extension,,,
874,152,-152,triceps-extension,,,
854,107,-127,triceps-extension,,,
814,50,-106,triceps-extension,,,
789,65,-20,triceps-extension,,,
800,91,43,triceps-extension,,,
782,38,-28,triceps-extension,,,
712,-2,-47,triceps-extension,,,
645,-8,57,triceps-extension,,,
605,-61,93,triceps-extension,,,
564,-68,99,triceps-extension,,,
522,-52,166,triceps-extension,,,
474,-91,230,triceps-extension,,,
427,-83,211,triceps-extension,,,
392,-84,192,triceps-extension,,,
368,-108,181,triceps-extension,,,
345,-103,111,triceps-extension,,,
346,-144,85,triceps-extension,,,
425,-184,132,triceps-extension,,,
536,-184,166,triceps-extension,,,
584,-202,115,triceps-extension,,,
622,-264,45,triceps-extension,,,
729,-317,107,triceps-extension,,,
826,-307,102,triceps-extension,,,
881,-284,55,triceps-extension,,,
906,-276,40,triceps-extension,,,
872,-330,0,triceps-extension,,,
870,-322,98,triceps-extension,,,
868,-280,65,triceps-extension,,,
875,-290,101,triceps-extension,,,
850,-328,99,triceps-extension,,,
823,-332,37,triceps-extension,,,
812,-364,170,triceps-extension,,,
788,-426,92,triceps-extension,,,
762,-389,120,triceps-extension,,,
774,-431,117,triceps-extension,,,
749,-426,92,triceps-extension,,,
706,-558,148,triceps-extension,,,
749,-522,214,triceps-extension,,,
664,-593,137,triceps-extension,,,
680,-687,215,triceps-extension,,,
649,-758,247,triceps-extension,,,
656,-730,210,triceps-extension,,,
567,-758,171,triceps-extension,,,
553,-724,380,triceps-extension,,,
481,-820,272,triceps-extension,,,
451,-797,235,triceps-extension,,,
489,-799,232,triceps-extension,,,
449,-800,219,triceps-extension,,,
427,-807,190,triceps-extension,,,
430,-833,159,triceps-extension,,,
413,-890,152,triceps-extension,,,
444,-910,188,triceps-extension,,,
403,-900,165,triceps-extension,,,
367,-902,158,triceps-extension,,,
382,-949,154,triceps-extension,,,
322,-995,195,triceps-extension,,,
299,-1019,248,triceps-extension,,,
273,-1014,218,triceps-extension,,,
266,-1018,241,triceps-extension,,,
262,-1029,243,triceps-extension,,,
237,-1051,219,triceps-extension,,,
211,-1082,243,triceps-extension,,,
209,-1109,225,triceps-extension,,,
241,-1120,213,triceps-extension,,,
224,-1128,240,triceps-extension,,,
211,-1151,283,triceps-extension,,,
229,-1153,298,triceps-extension,,,
223,-1143,258,triceps-extension,,,
225,-1139,264,triceps-extension,,,
206,-1126,290,triceps-extension,,,
204,-1127,283,triceps-extension,,,
209,-1103,308,triceps-extension,,,
198,-1093,314,triceps-extension,,,
219,-1091,274,triceps-extension,,,
210,-1062,293,triceps-extension,,,
221,-1051,241,triceps-extension,,,
234,-1038,224,triceps-extension,,,
248,-1020,230,triceps-extension,,,
277,-986,255,triceps-extension,,,
303,-994,275,triceps-extension,,,
328,-994,262,triceps-extension,,,
336,-967,288,triceps-extension,,,
374,-959,279,triceps-extension,,,
367,-947,232,triceps-extension,,,
419,-912,291,triceps-extension,,,
450,-911,319,triceps-extension,,,
472,-894,311,triceps-extension,,,
474,-872,305,triceps-extension,,,
512,-863,319,triceps-extension,,,
528,-840,280,triceps-extension,,,
568,-800,312,triceps-extension,,,
584,-769,250,triceps-extension,,,
614,-753,286,triceps-extension,,,
646,-707,303,triceps-extension,,,
663,-689,282,triceps-extension,,,
714,-652,301,triceps-extension,,,
713,-592,290,triceps-extension,,,
712,-577,240,triceps-extension,,,
752,-516,259,triceps-extension,,,
753,-478,218,triceps-extension,,,
765,-415,233,triceps-extension,,,
811,-363,228,triceps-extension,,,
812,-334,164,triceps-extension,,,
837,-334,120,triceps-extension,,,
814,-330,118,triceps-extension,,,
817,-334,126,triceps-extension,,,
792,-336,128,triceps-extension,,,
787,-268,139,triceps-extension,,,
782,-181,149,triceps-extension,,,
781,-187,147,triceps-extension,,,
803,-213,139,triceps-extension,,,
830,-184,104,triceps-extension,,,
858,-156,80,triceps-extension,,,
868,-178,97,triceps-extension,,,
868,-196,104,triceps-extension,,,
884,-172,84,triceps-extension,,,
896,-160,72,triceps-extension,,,
922,-172,90,triceps-extension,,,
927,-187,94,triceps-extension,,,
909,-180,75,triceps-extension,,,
918,-171,86,triceps-extension,,,
901,-212,124,triceps-extension,,,
890,-217,151,triceps-extension,,,
855,-200,123,triceps-extension,,,
824,-224,156,triceps-extension,,,
817,-250,197,triceps-extension,,,
744,-242,154,triceps-extension,,,
784,-212,166,triceps-extension,,,
774,-352,211,triceps-extension,,,
742,-380,278,triceps-extension,,,
748,-327,214,triceps-extension,,,
785,-411,226,triceps-extension,,,
748,-535,313,triceps-extension,,,
733,-562,352,triceps-extension,,,
754,-535,300,triceps-extension,,,
712,-588,277,triceps-extension,,,
706,-625,315,triceps-extension,,,
651,-641,271,triceps-extension,,,
683,-769,366,triceps-extension,,,
590,-790,321,triceps-extension,,,
528,-736,352,triceps-extension,,,
536,-744,328,triceps-extension,,,
513,-860,344,triceps-extension,,,
474,-902,420,triceps-extension,,,
450,-934,431,triceps-extension,,,
390,-907,388,triceps-extension,,,
370,-918,405,triceps-extension,,,
333,-990,387,triceps-extension,,,
260,-932,370,triceps-extension,,,
268,-900,361,triceps-extension,,,
246,-935,412,triceps-extension,,,
215,-912,424,triceps-extension,,,
214,-904,381,triceps-extension,,,
204,-940,392,triceps-extension,,,
194,-946,394,triceps-extension,,,
198,-944,438,triceps-extension,,,
183,-944,400,triceps-extension,,,
165,-949,381,triceps-extension,,,
149,-941,416,triceps-extension,,,
129,-931,417,triceps-extension,,,
120,-953,408,triceps-extension,,,
110,-968,408,triceps-extension,,,
76,-982,385,triceps-extension,,,
74,-1005,368,triceps-extension,,,
79,-1020,377,triceps-extension,,,
89,-1045,380,triceps-extension,,,
88,-1068,388,triceps-extension,,,
84,-1076,423,triceps-extension,,,
92,-1084,437,triceps-extension,,,
81,-1084,431,triceps-extension,,,
75,-1083,440,triceps-extension,,,
80,-1078,430,triceps-extension,,,
86,-1061,419,triceps-extension,,,
93,-1050,418,triceps-extension,,,
88,-1037,400,triceps-extension,,,
93,-1029,376,triceps-extension,,,
106,-1014,360,triceps-extension,,,
117,-999,360,triceps-extension,,,
128,-1014,356,triceps-extension,,,
134,-1006,336,triceps-extension,,,
156,-995,316,triceps-extension,,,
173,-974,326,triceps-extension,,,
205,-965,330,triceps-extension,,,
268,-955,372,triceps-extension,,,
287,-967,345,triceps-extension,,,
282,-955,309,triceps-extension,,,
298,-918,343,triceps-extension,,,
314,-901,336,triceps-extension,,,
337,-874,337,triceps-extension,,,
346,-895,353,triceps-extension,,,
384,-880,375,triceps-extension,,,
392,-864,352,triceps-extension,,,
400,-848,384,triceps-extension,,,
400,-848,384,triceps-extension,,,
392,-848,384,triceps-extension,,,
453,-818,399,triceps-extension,,,
486,-809,311,triceps-extension,,,
488,-815,319,triceps-extension,,,
524,-773,363,triceps-extension,,,
542,-789,291,triceps-extension,,,
592,-799,300,triceps-extension,,,
633,-753,337,triceps-extension,,,
653,-751,272,triceps-extension,,,
707,-739,300,triceps-extension,,,
726,-717,306,triceps-extension,,,
710,-694,280,triceps-extension,,,
757,-664,278,triceps-extension,,,
759,-622,251,triceps-extension,,,
758,-614,262,triceps-extension,,,
841,-562,277,triceps-extension,,,
806,-541,201,triceps-extension,,,
839,-503,206,triceps-extension,,,
855,-455,202,triceps-extension,,,
835,-430,165,triceps-extension,,,
855,-401,138,triceps-extension,,,
823,-357,137,triceps-extension,,,
797,-314,153,triceps-extension,,,
766,-271,118,triceps-extension,,,
712,-220,80,triceps-extension,,,
700,-188,115,triceps-extension,,,
722,-177,156,triceps-extension,,,
751,-140,128,triceps-extension,,,
780,-114,101,triceps-extension,,,
827,-125,120,triceps-extension,,,
890,-126,105,triceps-extension,,,
959,-130,89,triceps-extension,,,
973,-131,88,triceps-extension,,,
962,-144,61,triceps-extension,,,
969,-138,67,triceps-extension,,,
936,-167,86,triceps-extension,,,
930,-161,147,triceps-extension,,,
890,-106,108,triceps-extension,,,
833,-127,100,triceps-extension,,,
854,-109,114,triceps-extension,,,
810,-166,136,triceps-extension,,,
781,-179,201,triceps-extension,,,
769,-132,177,triceps-extension,,,
777,-248,233,triceps-extension,,,
782,-255,235,triceps-extension,,,
774,-318,201,triceps-extension,,,
824,-380,292,triceps-extension,,,
724,-440,243,triceps-extension,,,
808,-435,303,triceps-extension,,,
823,-521,280,triceps-extension,,,
729,-639,312,triceps-extension,,,
775,-578,258,triceps-extension,,,
761,-667,241,triceps-extension,,,
685,-791,374,triceps-extension,,,
600,-698,355,triceps-extension,,,
599,-688,323,triceps-extension,,,
593,-814,341,triceps-extension,,,
503,-832,358,triceps-extension,,,
468,-792,340,triceps-extension,,,
464,-823,349,triceps-extension,,,
445,-902,352,triceps-extension,,,
403,-926,377,triceps-extension,,,
380,-886,342,triceps-extension,,,
347,-925,299,triceps-extension,,,
330,-950,334,triceps-extension,,,
317,-974,358,triceps-extension,,,
307,-941,355,triceps-extension,,,
304,-925,326,triceps-extension,,,
263,-953,327,triceps-extension,,,
275,-938,356,triceps-extension,,,
272,-953,335,triceps-extension,,,
228,-967,335,triceps-extension,,,
226,-929,365,triceps-extension,,,
231,-908,333,triceps-extension,,,
207,-933,313,triceps-extension,,,
164,-944,360,triceps-extension,,,
136,-932,377,triceps-extension,,,
129,-946,375,triceps-extension,,,
113,-975,378,triceps-extension,,,
101,-967,377,triceps-extension,,,
96,-957,377,triceps-extension,,,
90,-988,338,triceps-extension,,,
83,-1020,334,triceps-extension,,,
80,-1051,328,triceps-extension,,,
61,-1077,299,triceps-extension,,,
56,-1083,287,triceps-extension,,,
54,-1072,266,triceps-extension,,,
48,-1080,323,triceps-extension,,,
54,-1102,340,triceps-extension,,,
67,-1091,308,triceps-extension,,,
48,-1075,332,triceps-extension,,,
49,-1085,369,triceps-extension,,,
59,-1069,333,triceps-extension,,,
70,-1055,321,triceps-extension,,,
56,-1046,329,triceps-extension,,,
59,-1030,332,triceps-extension,,,
80,-1015,298,triceps-extension,,,
82,-1009,319,triceps-extension,,,
112,-1022,311,triceps-extension,,,
121,-992,296,triceps-extension,,,
168,-1008,288,triceps-extension,,,
152,-1000,264,triceps-extension,,,
183,-992,295,triceps-extension,,,
207,-992,304,triceps-extension,,,
230,-940,282,triceps-extension,,,
268,-929,295,triceps-extension,,,
265,-907,303,triceps-extension,,,
250,-918,332,triceps-extension,,,
296,-893,391,triceps-extension,,,
331,-908,407,triceps-extension,,,
356,-899,382,triceps-extension,,,
385,-890,389,triceps-extension,,,
398,-882,392,triceps-extension,,,
412,-892,398,triceps-extension,,,
434,-896,406,triceps-extension,,,
451,-896,379,triceps-extension,,,
501,-874,385,triceps-extension,,,
515,-859,376,triceps-extension,,,
544,-840,326,triceps-extension,,,
550,-807,309,triceps-extension,,,
564,-777,312,triceps-extension,,,
600,-744,317,triceps-extension,,,
611,-728,301,triceps-extension,,,
644,-706,292,triceps-extension,,,
689,-675,305,triceps-extension,,,
721,-639,270,triceps-extension,,,
740,-608,244,triceps-extension,,,
740,-588,279,triceps-extension,,,
762,-558,304,triceps-extension,,,
778,-522,300,triceps-extension,,,
787,-491,299,triceps-extension,,,
818,-462,281,triceps-extension,,,
817,-436,251,triceps-extension,,,
841,-413,268,triceps-extension,,,
878,-408,274,triceps-extension,,,
912,-395,235,triceps-extension,,,
891,-356,193,triceps-extension,,,
891,-335,176,triceps-extension,,,
909,-329,195,triceps-extension,,,
872,-254,122,triceps-extension,,,
852,-240,100,triceps-extension,,,
849,-266,158,triceps-extension,,,
789,-152,129,triceps-extension,,,
771,-164,177,triceps-extension,,,
752,-206,219,triceps-extension,,,
798,-96,179,triceps-extension,,,
791,-49,94,triceps-extension,,,
854,-119,141,triceps-extension,,,
922,-115,110,triceps-extension,,,
945,-159,89,triceps-extension,,,
968,-136,106,triceps-extension,,,
968,-144,183,triceps-extension,,,
944,-168,129,triceps-extension,,,
905,-152,144,triceps-extension,,,
866,-137,144,triceps-extension,,,
916,-91,129,triceps-extension,,,
825,-161,113,triceps-extension,,,
823,-175,198,triceps-extension,,,
803,-113,159,triceps-extension,,,
820,-247,207,triceps-extension,,,
791,-285,216,triceps-extension,,,
758,-321,242,triceps-extension,,,
765,-398,324,triceps-extension,,,
731,-348,276,triceps-extension,,,
792,-334,238,triceps-extension,,,
798,-460,238,triceps-extension,,,
763,-573,263,triceps-extension,,,
702,-544,250,triceps-extension,,,
729,-585,251,triceps-extension,,,
668,-705,288,triceps-extension,,,
619,-691,329,triceps-extension,,,
606,-686,304,triceps-extension,,,
567,-733,337,triceps-extension,,,
507,-743,344,triceps-extension,,,
462,-745,338,triceps-extension,,,
483,-765,343,triceps-extension,,,
445,-813,328,triceps-extension,,,
396,-860,364,triceps-extension,,,
393,-841,373,triceps-extension,,,
369,-849,336,triceps-extension,,,
356,-921,361,triceps-extension,,,
332,-942,392,triceps-extension,,,
298,-925,379,triceps-extension,,,
282,-941,388,triceps-extension,,,
246,-982,432,triceps-extension,,,
200,-978,427,triceps-extension,,,
192,-965,403,triceps-extension,,,
164,-992,408,triceps-extension,,,
129,-983,471,triceps-extension,,,
110,-958,433,triceps-extension,,,
92,-964,400,triceps-extension,,,
60,-989,431,triceps-extension,,,
62,-957,449,triceps-extension,,,
21,-983,427,triceps-extension,,,
9,-1025,449,triceps-extension,,,
14,-1073,481,triceps-extension,,,
2,-1081,401,triceps-extension,,,
19,-1091,465,triceps-extension,,,
47,-1118,469,triceps-extension,,,
33,-1098,444,triceps-extension,,,
40,-1120,495,triceps-extension,,,
40,-1112,471,triceps-extension,,,
40,-1096,424,triceps-extension,,,
40,-1040,424,triceps-extension,,,
40,-1040,424,triceps-extension,,,
48,-1001,471,triceps-extension,,,
56,-977,365,triceps-extension,,,
56,-969,420,triceps-extension,,,
56,-968,409,triceps-extension,,,
77,-939,422,triceps-extension,,,
101,-922,417,triceps-extension,,,
131,-954,416,triceps-extension,,,
149,-960,403,triceps-extension,,,
178,-967,380,triceps-extension,,,
197,-955,420,triceps-extension,,,
212,-952,395,triceps-extension,,,
222,-928,420,triceps-extension,,,
230,-920,432,triceps-extension,,,
232,-920,438,triceps-extension,,,
260,-892,451,triceps-extension,,,
261,-885,380,triceps-extension,,,
267,-846,439,triceps-extension,,,
308,-834,503,triceps-extension,,,
308,-835,472,triceps-extension,,,
310,-846,448,triceps-extension,,,
334,-842,490,triceps-extension,,,
357,-823,520,triceps-extension,,,
372,-833,481,triceps-extension,,,
388,-836,423,triceps-extension,,,
428,-836,416,triceps-extension,,,
464,-833,451,triceps-extension,,,
479,-816,454,triceps-extension,,,
509,-809,428,triceps-extension,,,
533,-797,400,triceps-extension,,,
538,-769,355,triceps-extension,,,
567,-724,351,triceps-extension,,,
592,-701,364,triceps-extension,,,
595,-693,355,triceps-extension,,,
616,-678,381,triceps-extension,,,
646,-646,380,triceps-extension,,,
656,-613,352,triceps-extension,,,
707,-586,348,triceps-extension,,,
736,-588,330,triceps-extension,,,
743,-572,310,triceps-extension,,,
780,-557,316,triceps-extension,,,
828,-535,360,triceps-extension,,,
844,-500,359,triceps-extension,,,
829,-511,352,triceps-extension,,,
855,-452,349,triceps-extension,,,
845,-419,319,triceps-extension,,,
828,-375,254,triceps-extension,,,
869,-367,311,triceps-extension,,,
834,-350,294,triceps-extension,,,
879,-310,263,triceps-extension,,,
832,-248,240,triceps-extension,,,
840,-208,224,triceps-extension,,,
840,-192,177,triceps-extension,,,
840,-184,199,triceps-extension,,,
870,-236,237,triceps-extension,,,
836,-138,218,triceps-extension,,,
868,-135,152,triceps-extension,,,
844,-157,207,triceps-extension,,,
840,-105,196,triceps-extension,,,
867,-129,152,triceps-extension,,,
859,-149,164,triceps-extension,,,
894,-146,162,triceps-extension,,,
910,-187,129,triceps-extension,,,
894,-176,120,triceps-extension,,,
894,-192,155,triceps-extension,,,
867,-177,134,triceps-extension,,,
795,-179,159,triceps-extension,,,
849,-152,219,triceps-extension,,,
830,-194,193,triceps-extension,,,
785,-244,255,triceps-extension,,,
796,-202,289,triceps-extension,,,
822,-216,242,triceps-extension,,,
841,-336,272,triceps-extension,,,
812,-391,330,triceps-extension,,,
793,-354,305,triceps-extension,,,
804,-403,301,triceps-extension,,,
788,-492,324,triceps-extension,,,
726,-531,332,triceps-extension,,,
698,-537,373,triceps-extension,,,
702,-545,390,triceps-extension,,,
660,-606,381,triceps-extension,,,
629,-654,394,triceps-extension,,,
609,-698,369,triceps-extension,,,
578,-793,399,triceps-extension,,,
530,-820,460,triceps-extension,,,
459,-746,395,triceps-extension,,,
457,-800,415,triceps-extension,,,
410,-861,428,triceps-extension,,,
342,-828,389,triceps-extension,,,
360,-836,420,triceps-extension,,,
344,-896,408,triceps-extension,,,
288,-886,411,triceps-extension,,,
289,-863,424,triceps-extension,,,
288,-931,435,triceps-extension,,,
244,-936,484,triceps-extension,,,
223,-885,461,triceps-extension,,,
213,-874,446,triceps-extension,,,
191,-961,497,triceps-extension,,,
180,-975,499,triceps-extension,,,
128,-970,426,triceps-extension,,,
127,-1016,466,triceps-extension,,,
88,-1032,536,triceps-extension,,,
104,-1040,520,triceps-extension,,,
42,-1032,458,triceps-extension,,,
86,-1040,509,triceps-extension,,,
58,-1055,527,triceps-extension,,,
49,-1100,586,triceps-extension,,,
55,-1090,535,triceps-extension,,,
42,-1102,514,triceps-extension,,,
33,-1084,505,triceps-extension,,,
25,-1080,484,triceps-extension,,,
37,-1041,487,triceps-extension,,,
40,-1013,437,triceps-extension,,,
52,-996,480,triceps-extension,,,
56,-998,454,triceps-extension,,,
80,-971,458,triceps-extension,,,
94,-960,453,triceps-extension,,,
113,-943,448,triceps-extension,,,
131,-925,453,triceps-extension,,,
136,-915,440,triceps-extension,,,
156,-887,468,triceps-extension,,,
163,-887,453,triceps-extension,,,
165,-915,408,triceps-extension,,,
191,-900,424,triceps-extension,,,
217,-884,408,triceps-extension,,,
237,-888,372,triceps-extension,,,
260,-900,401,triceps-extension,,,
292,-904,408,triceps-extension,,,
316,-892,396,triceps-extension,,,
331,-888,412,triceps-extension,,,
355,-892,423,triceps-extension,,,
375,-889,435,triceps-extension,,,
394,-886,446,triceps-extension,,,
411,-875,453,triceps-extension,,,
416,-831,436,triceps-extension,,,
421,-816,408,triceps-extension,,,
437,-819,392,triceps-extension,,,
458,-814,375,triceps-extension,,,
482,-794,354,triceps-extension,,,
492,-794,400,triceps-extension,,,
506,-774,384,triceps-extension,,,
521,-768,340,triceps-extension,,,
560,-766,350,triceps-extension,,,
596,-760,345,triceps-extension,,,
623,-760,348,triceps-extension,,,
663,-755,328,triceps-extension,,,
703,-727,321,triceps-extension,,,
700,-717,273,triceps-extension,,,
739,-684,281,triceps-extension,,,
770,-647,284,triceps-extension,,,
800,-639,233,triceps-extension,,,
808,-623,256,triceps-extension,,,
824,-599,240,triceps-extension,,,
824,-545,192,triceps-extension,,,
840,-513,246,triceps-extension,,,
840,-474,157,triceps-extension,,,
870,-487,204,triceps-extension,,,
923,-393,186,triceps-extension,,,
899,-384,155,triceps-extension,,,
882,-328,96,triceps-extension,,,
866,-286,122,triceps-extension,,,
844,-233,88,triceps-extension,,,
827,-204,41,triceps-extension,,,
799,-194,32,triceps-extension,,,
755,-105,7,triceps-extension,,,
756,-134,30,triceps-extension,,,
772,-146,52,triceps-extension,,,
776,-98,45,triceps-extension,,,
798,-102,40,triceps-extension,,,
851,-150,94,triceps-extension,,,
898,-136,78,triceps-extension,,,
907,-145,56,triceps-extension,,,
929,-145,61,triceps-extension,,,
963,-131,16,triceps-extension,,,
967,-137,-25,triceps-extension,,,
973,-144,-19,triceps-extension,,,
967,-140,1,triceps-extension,,,
931,-148,4,triceps-extension,,,
928,-180,60,triceps-extension,,,
917,-173,105,triceps-extension,,,
862,-126,77,triceps-extension,,,
843,-118,82,triceps-extension,,,
849,-193,131,triceps-extension,,,
834,-240,171,triceps-extension,,,
827,-183,142,triceps-extension,,,
867,-220,97,triceps-extension,,,
909,-348,120,triceps-extension,,,
888,-416,144,triceps-extension,,,
932,-445,155,triceps-extension,,,
937,-523,142,triceps-extension,,,
859,-548,149,triceps-extension,,,
808,-528,188,triceps-extension,,,
810,-524,211,triceps-extension,,,
718,-580,261,triceps-extension,,,
651,-539,305,triceps-extension,,,
653,-576,276,triceps-extension,,,
589,-688,307,triceps-extension,,,
532,-636,366,triceps-extension,,,
557,-623,342,triceps-extension,,,
527,-743,265,triceps-extension,,,
509,-736,358,triceps-extension,,,
466,-737,336,triceps-extension,,,
511,-764,344,triceps-extension,,,
464,-904,352,triceps-extension,,,
448,-872,424,triceps-extension,,,
448,-872,424,triceps-extension,,,
440,-841,401,triceps-extension,,,
387,-924,453,triceps-extension,,,
324,-883,434,triceps-extension,,,
313,-851,410,triceps-extension,,,
283,-862,387,triceps-extension,,,
259,-906,419,triceps-extension,,,
208,-912,404,triceps-extension,,,
213,-912,427,triceps-extension,,,
203,-932,412,triceps-extension,,,
181,-961,421,triceps-extension,,,
157,-943,436,triceps-extension,,,
158,-948,416,triceps-extension,,,
136,-987,396,triceps-extension,,,
117,-989,375,triceps-extension,,,
90,-978,362,triceps-extension,,,
107,-992,360,triceps-extension,,,
78,-953,281,triceps-extension,,,
61,-979,311,triceps-extension,,,
79,-1008,367,triceps-extension,,,
78,-1027,357,triceps-extension,,,
95,-1040,363,triceps-extension,,,
99,-1067,385,triceps-extension,,,
110,-1097,383,triceps-extension,,,
116,-1108,326,triceps-extension,,,
120,-1108,364,triceps-extension,,,
117,-1100,402,triceps-extension,,,
111,-1067,348,triceps-extension,,,
117,-1043,369,triceps-extension,,,
104,-1046,400,triceps-extension,,,
107,-1026,394,triceps-extension,,,
109,-1004,372,triceps-extension,,,
113,-984,335,triceps-extension,,,
125,-970,329,triceps-extension,,,
130,-960,358,triceps-extension,,,
159,-987,322,triceps-extension,,,
187,-969,330,triceps-extension,,,
216,-954,325,triceps-extension,,,
212,-970,284,triceps-extension,,,
204,-1000,232,triceps-extension,,,
226,-967,219,triceps-extension,,,
285,-853,368,triceps-extension,,,
365,-913,289,triceps-extension,,,
319,-924,270,triceps-extension,,,
358,-938,350,triceps-extension,,,
351,-893,339,triceps-extension,,,
407,-862,365,triceps-extension,,,
400,-841,335,triceps-extension,,,
402,-855,329,triceps-extension,,,
433,-840,343,triceps-extension,,,
480,-824,312,triceps-extension,,,
472,-792,336,triceps-extension,,,
511,-831,344,triceps-extension,,,
565,-802,352,triceps-extension,,,
546,-807,300,triceps-extension,,,
573,-801,376,triceps-extension,,,
576,-771,313,triceps-extension,,,
611,-740,339,triceps-extension,,,
616,-729,296,triceps-extension,,,
636,-721,281,triceps-extension,,,
653,-720,280,triceps-extension,,,
669,-695,286,triceps-extension,,,
678,-651,294,triceps-extension,,,
698,-628,272,triceps-extension,,,
722,-606,288,triceps-extension,,,
745,-600,285,triceps-extension,,,
746,-555,258,triceps-extension,,,
760,-504,270,triceps-extension,,,
800,-472,275,triceps-extension,,,
826,-479,241,triceps-extension,,,
842,-453,244,triceps-extension,,,
872,-408,242,triceps-extension,,,
865,-387,204,triceps-extension,,,
848,-366,224,triceps-extension,,,
852,-326,252,triceps-extension,,,
848,-254,236,triceps-extension,,,
832,-184,208,triceps-extension,,,
828,-168,200,triceps-extension,,,
828,-169,204,triceps-extension,,,
828,-121,211,triceps-extension,,,
835,-109,197,triceps-extension,,,
840,-160,150,triceps-extension,,,
837,-157,127,triceps-extension,,,
849,-143,132,triceps-extension,,,
877,-125,171,triceps-extension,,,
882,-123,160,triceps-extension,,,
899,-133,126,triceps-extension,,,
893,-162,134,triceps-extension,,,
904,-183,162,triceps-extension,,,
906,-136,146,triceps-extension,,,
898,-195,145,triceps-extension,,,
841,-155,122,triceps-extension,,,
822,-183,140,triceps-extension,,,
833,-231,189,triceps-extension,,,
761,-148,169,triceps-extension,,,
771,-190,148,triceps-extension,,,
785,-337,283,triceps-extension,,,
736,-276,236,triceps-extension,,,
828,-242,204,triceps-extension,,,
877,-380,256,triceps-extension,,,
814,-464,249,triceps-extension,,,
760,-456,296,triceps-extension,,,
824,-448,288,triceps-extension,,,
808,-588,350,triceps-extension,,,
724,-569,420,triceps-extension,,,
713,-523,335,triceps-extension,,,
748,-637,335,triceps-extension,,,
673,-684,415,triceps-extension,,,
601,-653,375,triceps-extension,,,
619,-675,368,triceps-extension,,,
577,-780,408,triceps-extension,,,
509,-728,416,triceps-extension,,,
515,-706,410,triceps-extension,,,
508,-809,414,triceps-extension,,,
462,-840,446,triceps-extension,,,
419,-834,403,triceps-extension,,,
408,-872,413,triceps-extension,,,
358,-910,430,triceps-extension,,,
320,-882,448,triceps-extension,,,
296,-885,445,triceps-extension,,,
247,-916,425,triceps-extension,,,
219,-938,411,triceps-extension,,,
197,-949,389,triceps-extension,,,
170,-966,390,triceps-extension,,,
164,-972,404,triceps-extension,,,
151,-990,404,triceps-extension,,,
140,-1012,421,triceps-extension,,,
144,-1016,436,triceps-extension,,,
144,-1028,444,triceps-extension,,,
144,-1058,456,triceps-extension,,,
144,-1084,460,triceps-extension,,,
141,-1091,464,triceps-extension,,,
133,-1086,467,triceps-extension,,,
125,-1078,493,triceps-extension,,,
120,-1085,513,triceps-extension,,,
109,-1072,488,triceps-extension,,,
98,-1069,522,triceps-extension,,,
113,-1089,582,triceps-extension,,,
105,-1058,540,triceps-extension,,,
126,-1018,503,triceps-extension,,,
130,-994,534,triceps-extension,,,
169,-967,504,triceps-extension,,,
200,-934,499,triceps-extension,,,
204,-925,486,triceps-extension,,,
223,-909,511,triceps-extension,,,
221,-891,495,triceps-extension,,,
248,-866,442,triceps-extension,,,
249,-876,453,triceps-extension,,,
258,-841,427,triceps-extension,,,
281,-857,453,triceps-extension,,,
290,-871,417,triceps-extension,,,
336,-856,430,triceps-extension,,,
336,-848,360,triceps-extension,,,
360,-832,392,triceps-extension,,,
352,-832,384,triceps-extension,,,
398,-840,422,triceps-extension,,,
393,-825,431,triceps-extension,,,
443,-809,439,triceps-extension,,,
441,-801,419,triceps-extension,,,
447,-793,423,triceps-extension,,,
468,-778,410,triceps-extension,,,
499,-769,408,triceps-extension,,,
543,-761,395,triceps-extension,,,
527,-760,373,triceps-extension,,,
557,-741,387,triceps-extension,,,
574,-730,404,triceps-extension,,,
588,-722,379,triceps-extension,,,
609,-720,374,triceps-extension,,,
633,-692,370,triceps-extension,,,
656,-680,341,triceps-extension,,,
659,-696,260,triceps-extension,,,
697,-658,280,triceps-extension,,,
745,-622,292,triceps-extension,,,
765,-611,280,triceps-extension,,,
800,-599,280,triceps-extension,,,
828,-583,289,triceps-extension,,,
841,-554,283,triceps-extension,,,
840,-503,268,triceps-extension,,,
844,-448,276,triceps-extension,,,
856,-409,261,triceps-extension,,,
849,-370,217,triceps-extension,,,
861,-323,186,triceps-extension,,,
878,-256,168,triceps-extension,,,
854,-190,152,triceps-extension,,,
825,-170,125,triceps-extension,,,
783,-140,111,triceps-extension,,,
755,-96,91,triceps-extension,,,
768,-72,70,triceps-extension,,,
784,-49,38,triceps-extension,,,
811,-39,25,triceps-extension,,,
893,-64,48,triceps-extension,,,
928,-96,42,triceps-extension,,,
937,-113,38,triceps-extension,,,
965,-95,83,triceps-extension,,,
948,-120,58,triceps-extension,,,
923,-119,21,triceps-extension,,,
885,-108,-28,triceps-extension,,,
830,-84,-7,triceps-extension,,,
869,-65,3,triceps-extension,,,
841,-140,30,triceps-extension,,,
851,-101,7,triceps-extension,,,
890,-178,4,triceps-extension,,,
926,-226,89,triceps-extension,,,
872,-280,112,triceps-extension,,,
896,-160,104,triceps-extension,,,
896,-160,104,triceps-extension,,,
888,-315,81,triceps-extension,,,
820,-388,187,triceps-extension,,,
794,-273,155,triceps-extension,,,
777,-286,137,triceps-extension,,,
819,-445,222,triceps-extension,,,
705,-506,211,triceps-extension,,,
797,-478,215,triceps-extension,,,
823,-565,256,triceps-extension,,,
720,-623,251,triceps-extension,,,
702,-619,261,triceps-extension,,,
710,-616,270,triceps-extension,,,
640,-725,260,triceps-extension,,,
581,-754,315,triceps-extension,,,
528,-723,307,triceps-extension,,,
523,-762,346,triceps-extension,,,
496,-844,379,triceps-extension,,,
480,-819,347,triceps-extension,,,
490,-838,338,triceps-extension,,,
461,-908,324,triceps-extension,,,
426,-936,365,triceps-extension,,,
421,-945,395,triceps-extension,,,
397,-956,356,triceps-extension,,,
350,-969,328,triceps-extension,,,
332,-976,357,triceps-extension,,,
292,-972,372,triceps-extension,,,
240,-949,368,triceps-extension,,,
225,-935,332,triceps-extension,,,
209,-972,298,triceps-extension,,,
197,-995,330,triceps-extension,,,
182,-982,321,triceps-extension,,,
174,-1016,270,triceps-extension,,,
181,-1062,269,triceps-extension,,,
176,-1086,331,triceps-extension,,,
166,-1117,344,triceps-extension,,,
156,-1133,326,triceps-extension,,,
177,-1142,334,triceps-extension,,,
149,-1132,387,triceps-extension,,,
128,-1118,428,triceps-extension,,,
148,-1108,387,triceps-extension,,,
133,-1086,388,triceps-extension,,,
123,-1047,452,triceps-extension,,,
133,-1035,393,triceps-extension,,,
124,-1007,361,triceps-extension,,,
145,-997,370,triceps-extension,,,
152,-978,380,triceps-extension,,,
156,-989,348,triceps-extension,,,
200,-961,381,triceps-extension,,,
198,-967,338,triceps-extension,,,
171,-952,384,triceps-extension,,,
256,-952,376,triceps-extension,,,
240,-944,344,triceps-extension,,,
271,-936,290,triceps-extension,,,
264,-921,364,triceps-extension,,,
286,-898,346,triceps-extension,,,
310,-867,359,triceps-extension,,,
283,-864,317,triceps-extension,,,
301,-885,375,triceps-extension,,,
324,-881,391,triceps-extension,,,
328,-867,399,triceps-extension,,,
348,-884,361,triceps-extension,,,
358,-901,327,triceps-extension,,,
379,-873,363,triceps-extension,,,
420,-864,352,triceps-extension,,,
438,-864,268,triceps-extension,,,
469,-858,280,triceps-extension,,,
502,-862,290,triceps-extension,,,
561,-853,250,triceps-extension,,,
579,-827,264,triceps-extension,,,
607,-811,239,triceps-extension,,,
629,-808,226,triceps-extension,,,
651,-803,232,triceps-extension,,,
687,-786,241,triceps-extension,,,
700,-763,226,triceps-extension,,,
731,-735,225,triceps-extension,,,
752,-708,215,triceps-extension,,,
748,-684,200,triceps-extension,,,
775,-649,223,triceps-extension,,,
815,-613,214,triceps-extension,,,
832,-596,184,triceps-extension,,,
839,-572,167,triceps-extension,,,
851,-538,144,triceps-extension,,,
853,-507,135,triceps-extension,,,
857,-443,132,triceps-extension,,,
853,-397,119,triceps-extension,,,
837,-390,66,triceps-extension,,,
875,-340,93,triceps-extension,,,
869,-303,111,triceps-extension,,,
878,-269,113,triceps-extension,,,
856,-228,72,triceps-extension,,,
795,-188,68,triceps-extension,,,
742,-166,71,triceps-extension,,,
701,-124,127,triceps-extension,,,
689,-101,119,triceps-extension,,,
701,-82,105,triceps-extension,,,
741,-52,70,triceps-extension,,,
838,-82,110,triceps-extension,,,
894,-100,92,triceps-extension,,,
954,-134,49,triceps-extension,,,
974,-114,54,triceps-extension,,,
943,-143,15,triceps-extension,,,
896,-120,-16,triceps-extension,,,
920,-88,40,triceps-extension,,,
842,-142,32,triceps-extension,,,
840,-114,85,triceps-extension,,,
855,-67,58,triceps-extension,,,
783,-195,71,triceps-extension,,,
762,-201,129,triceps-extension,,,
788,-116,115,triceps-extension,,,
778,-227,92,triceps-extension,,,
803,-375,175,triceps-extension,,,
782,-387,205,triceps-extension,,,
820,-403,189,triceps-extension,,,
826,-526,252,triceps-extension,,,
733,-554,206,triceps-extension,,,
745,-517,190,triceps-extension,,,
777,-607,209,triceps-extension,,,
678,-654,238,triceps-extension,,,
627,-640,275,triceps-extension,,,
624,-648,262,triceps-extension,,,
558,-712,268,triceps-extension,,,
525,-724,324,triceps-extension,,,
490,-745,338,triceps-extension,,,
455,-810,351,triceps-extension,,,
439,-844,377,triceps-extension,,,
410,-874,367,triceps-extension,,,
388,-929,352,triceps-extension,,,
340,-960,352,triceps-extension,,,
292,-964,375,triceps-extension,,,
284,-990,400,triceps-extension,,,
241,-1020,404,triceps-extension,,,
182,-1017,418,triceps-extension,,,
174,-1027,419,triceps-extension,,,
166,-1059,415,triceps-extension,,,
133,-1061,455,triceps-extension,,,
120,-1072,469,triceps-extension,,,
107,-1107,453,triceps-extension,,,
110,-1112,452,triceps-extension,,,
95,-1121,440,triceps-extension,,,
78,-1146,486,triceps-extension,,,
94,-1158,504,triceps-extension,,,
86,-1171,497,triceps-extension,,,
77,-1150,477,triceps-extension,,,
68,-1138,495,triceps-extension,,,
81,-1104,476,triceps-extension,,,
47,-1060,409,triceps-extension,,,
40,-1037,375,triceps-extension,,,
42,-1013,413,triceps-extension,,,
55,-989,329,triceps-extension,,,
49,-958,421,triceps-extension,,,
65,-926,386,triceps-extension,,,
81,-896,416,triceps-extension,,,
104,-880,432,triceps-extension,,,
96,-888,392,triceps-extension,,,
158,-872,353,triceps-extension,,,
152,-880,382,triceps-extension,,,
197,-902,421,triceps-extension,,,
200,-904,380,triceps-extension,,,
221,-911,390,triceps-extension,,,
252,-898,364,triceps-extension,,,
229,-923,299,triceps-extension,,,
257,-895,361,triceps-extension,,,
284,-881,356,triceps-extension,,,
313,-874,409,triceps-extension,,,
308,-872,393,triceps-extension,,,
310,-860,342,triceps-extension,,,
347,-815,363,triceps-extension,,,
371,-817,359,triceps-extension,,,
376,-802,358,triceps-extension,,,
392,-808,349,triceps-extension,,,
405,-821,333,triceps-extension,,,
439,-819,318,triceps-extension,,,
466,-826,317,triceps-extension,,,
505,-827,315,triceps-extension,,,
509,-843,298,triceps-extension,,,
518,-843,297,triceps-extension,,,
545,-828,317,triceps-extension,,,
564,-820,316,triceps-extension,,,
588,-804,308,triceps-extension,,,
600,-796,300,triceps-extension,,,
618,-789,288,triceps-extension,,,
644,-762,288,triceps-extension,,,
645,-741,288,triceps-extension,,,
656,-723,288,triceps-extension,,,
683,-704,273,triceps-extension,,,
694,-701,254,triceps-extension,,,
709,-691,264,triceps-extension,,,
730,-664,269,triceps-extension,,,
752,-632,263,triceps-extension,,,
757,-630,235,triceps-extension,,,
770,-622,256,triceps-extension,,,
786,-604,238,triceps-extension,,,
812,-568,254,triceps-extension,,,
803,-560,240,triceps-extension,,,
819,-524,212,triceps-extension,,,
836,-504,228,triceps-extension,,,
855,-497,208,triceps-extension,,,
851,-451,201,triceps-extension,,,
875,-415,156,triceps-extension,,,
910,-406,196,triceps-extension,,,
977,-381,230,triceps-extension,,,
988,-334,197,triceps-extension,,,
920,-295,145,triceps-extension,,,
928,-256,176,triceps-extension,,,
856,-208,184,triceps-extension,,,
856,-208,184,triceps-extension,,,
848,-161,246,triceps-extension,,,
840,-122,172,triceps-extension,,,
773,-113,71,triceps-extension,,,
746,-112,64,triceps-extension,,,
715,-126,57,triceps-extension,,,
726,-86,147,triceps-extension,,,
748,-87,140,triceps-extension,,,
759,-61,109,triceps-extension,,,
819,-43,84,triceps-extension,,,
889,-40,74,triceps-extension,,,
935,-59,78,triceps-extension,,,
974,-46,104,triceps-extension,,,
949,-75,94,triceps-extension,,,
925,-71,94,triceps-extension,,,
903,-109,113,triceps-extension,,,
891,-112,131,triceps-extension,,,
846,-109,104,triceps-extension,,,
834,-148,144,triceps-extension,,,
805,-212,191,triceps-extension,,,
765,-187,181,triceps-extension,,,
789,-212,187,triceps-extension,,,
794,-301,213,triceps-extension,,,
759,-379,228,triceps-extension,,,
781,-391,220,triceps-extension,,,
796,-428,224,triceps-extension,,,
749,-519,248,triceps-extension,,,
735,-552,238,triceps-extension,,,
748,-584,262,triceps-extension,,,
724,-634,327,triceps-extension,,,
677,-638,339,triceps-extension,,,
636,-670,316,triceps-extension,,,
601,-764,287,triceps-extension,,,
557,-795,328,triceps-extension,,,
515,-768,368,triceps-extension,,,
502,-780,403,triceps-extension,,,
482,-869,453,triceps-extension,,,
452,-846,460,triceps-extension,,,
456,-884,434,triceps-extension,,,
427,-951,403,triceps-extension,,,
401,-974,442,triceps-extension,,,
369,-969,444,triceps-extension,,,
327,-981,427,triceps-extension,,,
276,-1002,442,triceps-extension,,,
252,-970,452,triceps-extension,,,
218,-981,427,triceps-extension,,,
171,-959,455,triceps-extension,,,
199,-955,441,triceps-extension,,,
191,-1001,451,triceps-extension,,,
177,-1025,504,triceps-extension,,,
201,-1056,488,triceps-extension,,,
271,-1080,504,triceps-extension,,,
241,-1064,442,triceps-extension,,,
255,-1064,501,triceps-extension,,,
249,-1079,497,triceps-extension,,,
255,-1029,503,triceps-extension,,,
285,-1017,475,triceps-extension,,,
232,-974,465,triceps-extension,,,
224,-954,519,triceps-extension,,,
211,-985,495,triceps-extension,,,
208,-920,553,triceps-extension,,,
189,-904,492,triceps-extension,,,
184,-867,466,triceps-extension,,,
190,-856,464,triceps-extension,,,
180,-856,464,triceps-extension,,,
193,-867,412,triceps-extension,,,
194,-855,453,triceps-extension,,,
197,-859,464,triceps-extension,,,
226,-869,430,triceps-extension,,,
240,-852,385,triceps-extension,,,
275,-850,393,triceps-extension,,,
315,-842,403,triceps-extension,,,
342,-846,354,triceps-extension,,,
365,-838,356,triceps-extension,,,
423,-833,380,triceps-extension,,,
464,-844,388,triceps-extension,,,
480,-816,368,triceps-extension,,,
527,-784,363,triceps-extension,,,
560,-766,381,triceps-extension,,,
578,-751,350,triceps-extension,,,
610,-753,358,triceps-extension,,,
643,-744,406,triceps-extension,,,
663,-723,401,triceps-extension,,,
654,-694,356,triceps-extension,,,
680,-704,331,triceps-extension,,,
715,-696,355,triceps-extension,,,
727,-673,353,triceps-extension,,,
744,-651,334,triceps-extension,,,
750,-638,322,triceps-extension,,,
760,-632,312,triceps-extension,,,
752,-621,334,triceps-extension,,,
813,-581,326,triceps-extension,,,
832,-568,317,triceps-extension,,,
837,-565,300,triceps-extension,,,
863,-545,282,triceps-extension,,,
864,-502,296,triceps-extension,,,
912,-487,295,triceps-extension,,,
852,-478,284,triceps-extension,,,
890,-456,249,triceps-extension,,,
909,-454,262,triceps-extension,,,
856,-415,215,triceps-extension,,,
872,-368,192,triceps-extension,,,
856,-384,168,triceps-extension,,,
872,-368,160,triceps-extension,,,
902,-330,228,triceps-extension,,,
919,-291,195,triceps-extension,,,
927,-266,170,triceps-extension,,,
907,-207,154,triceps-extension,,,
862,-228,96,triceps-extension,,,
836,-191,143,triceps-extension,,,
732,-177,59,triceps-extension,,,
666,-196,53,triceps-extension,,,
669,-219,113,triceps-extension,,,
666,-156,97,triceps-extension,,,
676,-130,88,triceps-extension,,,
686,-116,-6,triceps-extension,,,
797,-158,6,triceps-extension,,,
924,-198,18,triceps-extension,,,
971,-262,21,triceps-extension,,,
992,-267,35,triceps-extension,,,
939,-261,-1,triceps-extension,,,
889,-239,11,triceps-extension,,,
899,-238,32,triceps-extension,,,
866,-202,0,triceps-extension,,,
823,-155,-2,triceps-extension,,,
816,-179,89,triceps-extension,,,
804,-166,85,triceps-extension,,,
760,-128,16,triceps-extension,,,
751,-140,23,triceps-extension,,,
798,-104,22,triceps-extension,,,
810,-112,-21,triceps-extension,,,
792,-158,-28,triceps-extension,,,
766,-135,-6,triceps-extension,,,
716,-144,-28,triceps-extension,,,
693,-95,-36,triceps-extension,,,
674,-85,-38,triceps-extension,,,
638,-83,-80,triceps-extension,,,
628,-61,-58,triceps-extension,,,
667,-72,-15,triceps-extension,,,
696,-55,-34,triceps-extension,,,
702,-22,-26,triceps-extension,,,
745,-59,38,triceps-extension,,,
852,-33,96,triceps-extension,,,
927,-17,19,triceps-extension,,,
929,-56,-47,triceps-extension,,,
974,-52,-87,triceps-extension,,,
958,-31,-145,triceps-extension,,,
943,-21,-261,triceps-extension,,,
931,12,-242,triceps-extension,,,
882,51,-255,triceps-extension,,,
912,100,-141,triceps-extension,,,
904,178,-231,triceps-extension,,,
888,249,-183,triceps-extension,,,
864,311,-97,triceps-extension,,,
918,366,-158,triceps-extension,,,
897,414,-69,triceps-extension,,,
926,491,18,triceps-extension,,,
928,489,-136,triceps-extension,,,
814,531,-166,triceps-extension,,,
807,564,-133,triceps-extension,,,
767,616,-237,triceps-extension,,,
727,657,-176,triceps-extension,,,
713,690,-160,triceps-extension,,,
655,709,-84,triceps-extension,,,
572,799,-2,triceps-extension,,,
486,836,58,triceps-extension,,,
411,899,72,triceps-extension,,,
346,926,-8,triceps-extension,,,
233,961,-90,triceps-extension,,,
127,1019,-15,triceps-extension,,,
59,993,111,triceps-extension,,,
-42,983,96,triceps-extension,,,
-167,982,158,triceps-extension,,,
-264,943,187,triceps-extension,,,
-342,901,187,triceps-extension,,,
-407,919,173,triceps-extension,,,
-501,905,256,triceps-extension,,,
-589,860,340,triceps-extension,,,
-656,820,332,triceps-extension,,,
-754,757,347,triceps-extension,,,
-857,746,357,triceps-extension,,,
-943,748,432,triceps-extension,,,
-1009,715,402,triceps-extension,,,
-1093,688,263,triceps-extension,,,
-1163,643,350,triceps-extension,,,
-1145,625,377,triceps-extension,,,
-1192,548,359,triceps-extension,,,
-1221,483,272,triceps-extension,,,
-1226,488,283,triceps-extension,,,
-1250,468,242,triceps-extension,,,
-1248,401,170,triceps-extension,,,
-1212,350,186,triceps-extension,,,
-1185,318,220,triceps-extension,,,
-1208,302,229,triceps-extension,,,
-1170,274,229,triceps-extension,,,
-1144,323,287,triceps-extension,,,
-1143,331,266,triceps-extension,,,
-1135,297,174,triceps-extension,,,
-1124,250,120,triceps-extension,,,
-1082,261,254,triceps-extension,,,
-1026,232,230,triceps-extension,,,
-1056,226,196,triceps-extension,,,
-1046,116,112,triceps-extension,,,
-968,232,112,triceps-extension,,,
