536,752,-488,biceps-curl,,,
559,791,-441,biceps-curl,,,
583,746,-470,biceps-curl,,,
599,677,-465,biceps-curl,,,
666,628,-588,biceps-curl,,,
665,731,-521,biceps-curl,,,
706,856,-191,biceps-curl,,,
828,927,-383,biceps-curl,,,
808,636,-204,biceps-curl,,,
852,589,-271,biceps-curl,,,
940,624,-360,biceps-curl,,,
979,651,-376,biceps-curl,,,
954,680,-279,biceps-curl,,,
862,688,-195,biceps-curl,,,
780,659,-233,biceps-curl,,,
732,665,-295,biceps-curl,,,
671,667,-285,biceps-curl,,,
611,664,-230,biceps-curl,,,
572,659,-218,biceps-curl,,,
540,636,-239,biceps-curl,,,
485,643,-234,biceps-curl,,,
447,624,-275,biceps-curl,,,
413,596,-308,biceps-curl,,,
379,601,-278,biceps-curl,,,
368,620,-256,biceps-curl,,,
372,640,-276,biceps-curl,,,
391,644,-300,biceps-curl,,,
419,636,-230,biceps-curl,,,
464,657,-165,biceps-curl,,,
555,701,-195,biceps-curl,,,
653,701,-251,biceps-curl,,,
724,660,-319,biceps-curl,,,
806,640,-295,biceps-curl,,,
897,635,-264,biceps-curl,,,
960,608,-235,biceps-curl,,,
999,559,-247,biceps-curl,,,
1027,509,-273,biceps-curl,,,
1062,480,-307,biceps-curl,,,
1076,462,-311,biceps-curl,,,
1062,401,-223,biceps-curl,,,
1054,374,-202,biceps-curl,,,
1048,364,-240,biceps-curl,,,
1045,345,-245,biceps-curl,,,
1031,351,-265,biceps-curl,,,
1025,346,-231,biceps-curl,,,
1033,361,-280,biceps-curl,,,
1041,367,-282,biceps-curl,,,
1047,356,-302,biceps-curl,,,
1040,418,-279,biceps-curl,,,
1040,457,-257,biceps-curl,,,
1032,496,-288,biceps-curl,,,
1032,528,-312,biceps-curl,,,
1009,590,-203,biceps-curl,,,
970,683,-162,biceps-curl,,,
983,636,-205,biceps-curl,,,
933,705,-201,biceps-curl,,,
907,691,-157,biceps-curl,,,
862,765,-61,biceps-curl,,,
829,783,-68,biceps-curl,,,
797,831,-19,biceps-curl,,,
746,847,31,biceps-curl,,,
698,880,59,biceps-curl,,,
657,857,70,biceps-curl,,,
588,860,114,biceps-curl,,,
550,882,140,biceps-curl,,,
504,888,161,biceps-curl,,,
449,882,224,biceps-curl,,,
405,885,232,biceps-curl,,,
360,883,266,biceps-curl,,,
313,911,298,biceps-curl,,,
256,913,304,biceps-curl,,,
199,914,323,biceps-curl,,,
139,897,331,biceps-curl,,,
67,880,328,biceps-curl,,,
10,867,324,biceps-curl,,,
-41,835,341,biceps-curl,,,
-108,808,360,biceps-curl,,,
-163,788,333,biceps-curl,,,
-195,761,282,biceps-curl,,,
-243,691,221,biceps-curl,,,
-305,604,152,biceps-curl,,,
-338,582,130,biceps-curl,,,
-352,580,156,biceps-curl,,,
-361,540,150,biceps-curl,,,
-376,509,109,biceps-curl,,,
-373,530,120,biceps-curl,,,
-368,557,164,biceps-curl,,,
-363,575,241,biceps-curl,,,
-348,592,180,biceps-curl,,,
-328,602,188,biceps-curl,,,
-291,639,244,biceps-curl,,,
-243,682,225,biceps-curl,,,
-223,742,188,biceps-curl,,,
-208,715,137,biceps-curl,,,
-159,820,133,biceps-curl,,,
-101,899,85,biceps-curl,,,
-78,975,180,biceps-curl,,,
-59,952,191,biceps-curl,,,
-2,798,-76,biceps-curl,,,
84,885,-123,biceps-curl,,,
171,993,-32,biceps-curl,,,
272,1016,-16,biceps-curl,,,
328,984,-128,biceps-curl,,,
328,984,-128,biceps-curl,,,
390,984,-237,biceps-curl,,,
392,961,-95,biceps-curl,,,
467,975,-125,biceps-curl,,,
523,961,-288,biceps-curl,,,
535,889,-261,biceps-curl,,,
536,838,-256,biceps-curl,,,
611,825,-270,biceps-curl,,,
664,837,-319,biceps-curl,,,
718,775,-295,biceps-curl,,,
747,741,-282,biceps-curl,,,
764,705,-311,biceps-curl,,,
804,678,-284,biceps-curl,,,
840,660,-331,biceps-curl,,,
831,622,-352,biceps-curl,,,
818,569,-296,biceps-curl,,,
838,547,-283,biceps-curl,,,
859,518,-304,biceps-curl,,,
884,494,-327,biceps-curl,,,
906,478,-292,biceps-curl,,,
941,448,-274,biceps-curl,,,
983,427,-303,biceps-curl,,,
1013,388,-333,biceps-curl,,,
1028,347,-366,biceps-curl,,,
1024,328,-330,biceps-curl,,,
1024,324,-284,biceps-curl,,,
1024,316,-292,biceps-curl,,,
1016,311,-278,biceps-curl,,,
1012,324,-267,biceps-curl,,,
1008,325,-297,biceps-curl,,,
1002,330,-307,biceps-curl,,,
989,344,-288,biceps-curl,,,
990,353,-294,biceps-curl,,,
995,371,-299,biceps-curl,,,
976,386,-296,biceps-curl,,,
960,420,-297,biceps-curl,,,
965,455,-253,biceps-curl,,,
978,480,-226,biceps-curl,,,
986,514,-236,biceps-curl,,,
994,548,-252,biceps-curl,,,
998,573,-249,biceps-curl,,,
991,631,-198,biceps-curl,,,
979,665,-215,biceps-curl,,,
946,678,-173,biceps-curl,,,
907,713,-193,biceps-curl,,,
865,723,-137,biceps-curl,,,
807,754,-79,biceps-curl,,,
790,778,-72,biceps-curl,,,
765,801,-70,biceps-curl,,,
711,816,-31,biceps-curl,,,
664,816,-8,biceps-curl,,,
624,864,16,biceps-curl,,,
570,872,70,biceps-curl,,,
538,887,11,biceps-curl,,,
476,888,90,biceps-curl,,,
428,873,162,biceps-curl,,,
381,879,147,biceps-curl,,,
334,880,172,biceps-curl,,,
287,873,231,biceps-curl,,,
233,892,220,biceps-curl,,,
191,896,223,biceps-curl,,,
146,890,300,biceps-curl,,,
93,900,301,biceps-curl,,,
50,910,326,biceps-curl,,,
11,894,354,biceps-curl,,,
-29,899,343,biceps-curl,,,
-62,926,358,biceps-curl,,,
-104,914,336,biceps-curl,,,
-173,888,309,biceps-curl,,,
-236,829,258,biceps-curl,,,
-286,800,301,biceps-curl,,,
-314,762,320,biceps-curl,,,
-320,704,267,biceps-curl,,,
-316,662,209,biceps-curl,,,
-312,622,124,biceps-curl,,,
-312,596,105,biceps-curl,,,
-300,612,188,biceps-curl,,,
-280,628,228,biceps-curl,,,
-268,628,216,biceps-curl,,,
-253,628,205,biceps-curl,,,
-240,641,189,biceps-curl,,,
-227,699,184,biceps-curl,,,
-196,749,190,biceps-curl,,,
-170,721,183,biceps-curl,,,
-146,707,144,biceps-curl,,,
-104,788,102,biceps-curl,,,
-55,865,36,biceps-curl,,,
-7,913,60,biceps-curl,,,
20,928,194,biceps-curl,,,
42,916,169,biceps-curl,,,
83,950,56,biceps-curl,,,
138,942,7,biceps-curl,,,
218,945,39,biceps-curl,,,
275,984,52,biceps-curl,,,
330,984,-57,biceps-curl,,,
352,977,-111,biceps-curl,,,
415,934,-100,biceps-curl,,,
477,978,-78,biceps-curl,,,
530,913,-227,biceps-curl,,,
562,918,-266,biceps-curl,,,
609,872,-299,biceps-curl,,,
632,880,-144,biceps-curl,,,
648,840,-264,biceps-curl,,,
695,801,-287,biceps-curl,,,
696,754,-235,biceps-curl,,,
733,745,-254,biceps-curl,,,
751,678,-241,biceps-curl,,,
781,658,-319,biceps-curl,,,
805,635,-272,biceps-curl,,,
822,612,-271,biceps-curl,,,
851,581,-279,biceps-curl,,,
876,550,-306,biceps-curl,,,
880,525,-293,biceps-curl,,,
892,508,-251,biceps-curl,,,
920,486,-258,biceps-curl,,,
946,462,-270,biceps-curl,,,
958,439,-295,biceps-curl,,,
960,399,-265,biceps-curl,,,
955,379,-248,biceps-curl,,,
973,371,-237,biceps-curl,,,
984,358,-232,biceps-curl,,,
994,337,-227,biceps-curl,,,
995,314,-234,biceps-curl,,,
997,304,-240,biceps-curl,,,
1000,300,-258,biceps-curl,,,
991,300,-246,biceps-curl,,,
976,300,-236,biceps-curl,,,
956,296,-236,biceps-curl,,,
948,304,-201,biceps-curl,,,
952,319,-198,biceps-curl,,,
956,324,-231,biceps-curl,,,
957,317,-230,biceps-curl,,,
958,322,-219,biceps-curl,,,
971,345,-227,biceps-curl,,,
979,363,-232,biceps-curl,,,
979,376,-229,biceps-curl,,,
965,405,-216,biceps-curl,,,
953,432,-215,biceps-curl,,,
934,439,-243,biceps-curl,,,
924,464,-215,biceps-curl,,,
910,492,-172,biceps-curl,,,
906,513,-189,biceps-curl,,,
910,549,-208,biceps-curl,,,
904,574,-195,biceps-curl,,,
904,604,-137,biceps-curl,,,
899,628,-145,biceps-curl,,,
870,655,-144,biceps-curl,,,
854,708,-91,biceps-curl,,,
836,744,-119,biceps-curl,,,
798,745,-112,biceps-curl,,,
766,760,-108,biceps-curl,,,
727,761,-24,biceps-curl,,,
688,784,-24,biceps-curl,,,
664,784,-24,biceps-curl,,,
633,800,7,biceps-curl,,,
602,823,8,biceps-curl,,,
540,824,75,biceps-curl,,,
529,846,73,biceps-curl,,,
507,841,58,biceps-curl,,,
476,868,77,biceps-curl,,,
445,892,121,biceps-curl,,,
420,909,155,biceps-curl,,,
383,912,95,biceps-curl,,,
344,931,150,biceps-curl,,,
305,948,168,biceps-curl,,,
266,958,204,biceps-curl,,,
227,954,163,biceps-curl,,,
182,969,184,biceps-curl,,,
146,970,228,biceps-curl,,,
104,973,235,biceps-curl,,,
67,981,253,biceps-curl,,,
36,969,269,biceps-curl,,,
9,965,292,biceps-curl,,,
-14,963,280,biceps-curl,,,
-43,951,273,biceps-curl,,,
-83,926,293,biceps-curl,,,
-121,929,356,biceps-curl,,,
-148,932,400,biceps-curl,,,
-184,896,388,biceps-curl,,,
-220,860,357,biceps-curl,,,
-250,841,351,biceps-curl,,,
-290,811,340,biceps-curl,,,
-329,774,304,biceps-curl,,,
-349,747,288,biceps-curl,,,
-356,731,273,biceps-curl,,,
-379,721,303,biceps-curl,,,
-376,660,284,biceps-curl,,,
-360,589,218,biceps-curl,,,
-360,591,241,biceps-curl,,,
-360,610,228,biceps-curl,,,
-360,618,284,biceps-curl,,,
-358,630,298,biceps-curl,,,
-354,650,295,biceps-curl,,,
-355,664,261,biceps-curl,,,
-333,699,249,biceps-curl,,,
-315,724,267,biceps-curl,,,
-283,780,306,biceps-curl,,,
-253,756,217,biceps-curl,,,
-229,738,184,biceps-curl,,,
-204,830,313,biceps-curl,,,
-157,896,317,biceps-curl,,,
-117,895,171,biceps-curl,,,
-63,882,223,biceps-curl,,,
-16,952,176,biceps-curl,,,
24,984,88,biceps-curl,,,
24,984,88,biceps-curl,,,
94,1000,72,biceps-curl,,,
142,1046,125,biceps-curl,,,
196,1033,-36,biceps-curl,,,
185,1010,-33,biceps-curl,,,
234,1022,-11,biceps-curl,,,
289,1031,-71,biceps-curl,,,
310,984,-114,biceps-curl,,,
332,969,-107,biceps-curl,,,
382,968,-97,biceps-curl,,,
398,936,-109,biceps-curl,,,
425,909,-112,biceps-curl,,,
468,856,-166,biceps-curl,,,
527,805,-290,biceps-curl,,,
578,775,-317,biceps-curl,,,
625,785,-262,biceps-curl,,,
662,776,-272,biceps-curl,,,
688,742,-325,biceps-curl,,,
711,728,-354,biceps-curl,,,
740,708,-335,biceps-curl,,,
762,682,-301,biceps-curl,,,
773,653,-302,biceps-curl,,,
798,627,-330,biceps-curl,,,
812,594,-327,biceps-curl,,,
820,568,-308,biceps-curl,,,
832,548,-296,biceps-curl,,,
844,517,-296,biceps-curl,,,
856,485,-278,biceps-curl,,,
860,454,-252,biceps-curl,,,
861,425,-246,biceps-curl,,,
879,416,-245,biceps-curl,,,
924,401,-258,biceps-curl,,,
953,373,-248,biceps-curl,,,
971,360,-240,biceps-curl,,,
986,331,-232,biceps-curl,,,
1010,297,-250,biceps-curl,,,
1018,278,-256,biceps-curl,,,
1026,272,-245,biceps-curl,,,
1028,270,-210,biceps-curl,,,
1018,262,-197,biceps-curl,,,
1022,258,-224,biceps-curl,,,
1012,265,-249,biceps-curl,,,
989,272,-217,biceps-curl,,,
974,276,-222,biceps-curl,,,
959,292,-210,biceps-curl,,,
954,268,-222,biceps-curl,,,
967,302,-209,biceps-curl,,,
954,282,-217,biceps-curl,,,
977,304,-232,biceps-curl,,,
1000,312,-231,biceps-curl,,,
992,328,-184,biceps-curl,,,
984,360,-184,biceps-curl,,,
992,391,-215,biceps-curl,,,
969,415,-239,biceps-curl,,,
983,409,-203,biceps-curl,,,
969,444,-215,biceps-curl,,,
947,477,-195,biceps-curl,,,
937,501,-248,biceps-curl,,,
922,538,-256,biceps-curl,,,
893,544,-189,biceps-curl,,,
881,583,-183,biceps-curl,,,
874,617,-159,biceps-curl,,,
866,636,-140,biceps-curl,,,
858,646,-136,biceps-curl,,,
827,666,-107,biceps-curl,,,
805,701,-85,biceps-curl,,,
783,723,-52,biceps-curl,,,
749,744,-35,biceps-curl,,,
715,773,-48,biceps-curl,,,
679,789,-20,biceps-curl,,,
624,797,15,biceps-curl,,,
595,805,19,biceps-curl,,,
569,817,25,biceps-curl,,,
512,824,63,biceps-curl,,,
471,837,92,biceps-curl,,,
447,856,84,biceps-curl,,,
424,872,80,biceps-curl,,,
401,892,115,biceps-curl,,,
373,915,148,biceps-curl,,,
346,935,156,biceps-curl,,,
318,941,150,biceps-curl,,,
294,946,136,biceps-curl,,,
271,966,154,biceps-curl,,,
241,988,213,biceps-curl,,,
205,997,259,biceps-curl,,,
171,971,243,biceps-curl,,,
137,962,225,biceps-curl,,,
109,968,197,biceps-curl,,,
69,974,200,biceps-curl,,,
28,988,302,biceps-curl,,,
-10,969,331,biceps-curl,,,
-21,941,276,biceps-curl,,,
-47,925,257,biceps-curl,,,
-84,916,367,biceps-curl,,,
-109,936,359,biceps-curl,,,
-139,934,349,biceps-curl,,,
-163,918,330,biceps-curl,,,
-185,903,348,biceps-curl,,,
-202,895,396,biceps-curl,,,
-234,884,448,biceps-curl,,,
-265,800,298,biceps-curl,,,
-296,800,368,biceps-curl,,,
-336,800,368,biceps-curl,,,
-367,746,329,biceps-curl,,,
-383,744,374,biceps-curl,,,
-399,692,264,biceps-curl,,,
-400,659,307,biceps-curl,,,
-386,663,241,biceps-curl,,,
-377,650,218,biceps-curl,,,
-369,641,250,biceps-curl,,,
-361,653,276,biceps-curl,,,
-367,695,313,biceps-curl,,,
-349,710,263,biceps-curl,,,
-332,724,254,biceps-curl,,,
-322,752,322,biceps-curl,,,
-332,748,297,biceps-curl,,,
-313,733,240,biceps-curl,,,
-282,745,246,biceps-curl,,,
-256,817,359,biceps-curl,,,
-216,843,292,biceps-curl,,,
-185,815,222,biceps-curl,,,
-161,849,265,biceps-curl,,,
-119,928,248,biceps-curl,,,
-64,951,221,biceps-curl,,,
-31,931,184,biceps-curl,,,
2,937,113,biceps-curl,,,
49,994,72,biceps-curl,,,
88,1036,96,biceps-curl,,,
123,1036,105,biceps-curl,,,
162,1021,54,biceps-curl,,,
195,1012,-25,biceps-curl,,,
218,999,-118,biceps-curl,,,
251,960,-128,biceps-curl,,,
292,964,-40,biceps-curl,,,
329,1005,-34,biceps-curl,,,
376,978,-177,biceps-curl,,,
408,933,-235,biceps-curl,,,
418,926,-182,biceps-curl,,,
458,929,-165,biceps-curl,,,
502,939,-191,biceps-curl,,,
500,890,-246,biceps-curl,,,
514,839,-297,biceps-curl,,,
530,818,-310,biceps-curl,,,
571,855,-241,biceps-curl,,,
589,841,-256,biceps-curl,,,
616,799,-297,biceps-curl,,,
621,744,-298,biceps-curl,,,
659,744,-256,biceps-curl,,,
681,740,-255,biceps-curl,,,
689,702,-251,biceps-curl,,,
696,679,-288,biceps-curl,,,
697,655,-282,biceps-curl,,,
720,632,-336,biceps-curl,,,
728,592,-288,biceps-curl,,,
751,576,-265,biceps-curl,,,
782,568,-317,biceps-curl,,,
814,531,-320,biceps-curl,,,
809,506,-247,biceps-curl,,,
829,504,-254,biceps-curl,,,
853,490,-263,biceps-curl,,,
876,474,-271,biceps-curl,,,
900,465,-272,biceps-curl,,,
924,444,-331,biceps-curl,,,
947,415,-306,biceps-curl,,,
952,408,-290,biceps-curl,,,
946,390,-276,biceps-curl,,,
938,366,-272,biceps-curl,,,
919,349,-249,biceps-curl,,,
923,350,-234,biceps-curl,,,
939,341,-232,biceps-curl,,,
960,336,-232,biceps-curl,,,
978,321,-252,biceps-curl,,,
984,297,-244,biceps-curl,,,
989,293,-227,biceps-curl,,,
987,291,-233,biceps-curl,,,
984,284,-236,biceps-curl,,,
984,289,-193,biceps-curl,,,
980,292,-189,biceps-curl,,,
976,300,-208,biceps-curl,,,
980,312,-200,biceps-curl,,,
984,316,-218,biceps-curl,,,
984,324,-236,biceps-curl,,,
977,335,-225,biceps-curl,,,
962,354,-210,biceps-curl,,,
958,374,-224,biceps-curl,,,
968,396,-276,biceps-curl,,,
963,430,-277,biceps-curl,,,
944,461,-235,biceps-curl,,,
930,477,-226,biceps-curl,,,
934,495,-234,biceps-curl,,,
928,523,-236,biceps-curl,,,
926,562,-216,biceps-curl,,,
915,597,-206,biceps-curl,,,
891,621,-246,biceps-curl,,,
866,644,-201,biceps-curl,,,
836,669,-167,biceps-curl,,,
811,700,-159,biceps-curl,,,
781,724,-151,biceps-curl,,,
757,755,-139,biceps-curl,,,
725,787,-92,biceps-curl,,,
695,818,-58,biceps-curl,,,
685,839,-84,biceps-curl,,,
632,824,-15,biceps-curl,,,
616,832,16,biceps-curl,,,
592,848,0,biceps-curl,,,
592,848,0,biceps-curl,,,
553,864,16,biceps-curl,,,
506,864,8,biceps-curl,,,
452,864,97,biceps-curl,,,
404,886,111,biceps-curl,,,
393,874,83,biceps-curl,,,
343,879,129,biceps-curl,,,
295,880,129,biceps-curl,,,
255,927,195,biceps-curl,,,
202,936,215,biceps-curl,,,
167,911,184,biceps-curl,,,
141,929,182,biceps-curl,,,
124,948,196,biceps-curl,,,
85,940,224,biceps-curl,,,
38,942,284,biceps-curl,,,
18,955,271,biceps-curl,,,
-6,949,283,biceps-curl,,,
-37,939,333,biceps-curl,,,
-58,936,342,biceps-curl,,,
-79,931,346,biceps-curl,,,
-107,928,381,biceps-curl,,,
-129,937,400,biceps-curl,,,
-158,931,418,biceps-curl,,,
-198,890,432,biceps-curl,,,
-245,860,424,biceps-curl,,,
-276,844,388,biceps-curl,,,
-292,820,372,biceps-curl,,,
-315,801,380,biceps-curl,,,
-339,771,372,biceps-curl,,,
-365,747,388,biceps-curl,,,
-387,733,384,biceps-curl,,,
-386,695,324,biceps-curl,,,
-373,671,287,biceps-curl,,,
-365,645,256,biceps-curl,,,
-355,632,277,biceps-curl,,,
-342,653,325,biceps-curl,,,
-334,666,329,biceps-curl,,,
-324,678,310,biceps-curl,,,
-306,698,286,biceps-curl,,,
-283,715,250,biceps-curl,,,
-264,755,315,biceps-curl,,,
-261,774,319,biceps-curl,,,
-247,801,281,biceps-curl,,,
-232,815,288,biceps-curl,,,
-181,857,281,biceps-curl,,,
-158,864,229,biceps-curl,,,
-140,870,204,biceps-curl,,,
-95,935,240,biceps-curl,,,
-78,927,133,biceps-curl,,,
-30,914,74,biceps-curl,,,
24,992,128,biceps-curl,,,
40,1024,80,biceps-curl,,,
94,1008,18,biceps-curl,,,
126,1008,-14,biceps-curl,,,
165,1030,-16,biceps-curl,,,
197,1010,-38,biceps-curl,,,
207,994,-83,biceps-curl,,,
243,978,-165,biceps-curl,,,
262,990,-108,biceps-curl,,,
324,985,-143,biceps-curl,,,
369,958,-172,biceps-curl,,,
395,946,-208,biceps-curl,,,
412,919,-222,biceps-curl,,,
434,906,-212,biceps-curl,,,
464,904,-173,biceps-curl,,,
506,881,-229,biceps-curl,,,
537,844,-267,biceps-curl,,,
555,827,-272,biceps-curl,,,
576,819,-283,biceps-curl,,,
599,811,-268,biceps-curl,,,
623,783,-246,biceps-curl,,,
646,749,-254,biceps-curl,,,
675,731,-301,biceps-curl,,,
679,715,-315,biceps-curl,,,
676,695,-274,biceps-curl,,,
688,676,-260,biceps-curl,,,
716,660,-284,biceps-curl,,,
740,641,-292,biceps-curl,,,
759,617,-292,biceps-curl,,,
776,601,-292,biceps-curl,,,
776,582,-275,biceps-curl,,,
779,568,-266,biceps-curl,,,
796,550,-292,biceps-curl,,,
825,514,-303,biceps-curl,,,
843,499,-283,biceps-curl,,,
853,488,-277,biceps-curl,,,
871,481,-298,biceps-curl,,,
888,459,-302,biceps-curl,,,
890,446,-254,biceps-curl,,,
898,434,-248,biceps-curl,,,
906,416,-252,biceps-curl,,,
914,411,-259,biceps-curl,,,
920,391,-244,biceps-curl,,,
919,376,-256,biceps-curl,,,
914,336,-222,biceps-curl,,,
929,334,-255,biceps-curl,,,
938,319,-246,biceps-curl,,,
955,313,-229,biceps-curl,,,
985,320,-204,biceps-curl,,,
998,320,-255,biceps-curl,,,
968,312,-241,biceps-curl,,,
968,320,-264,biceps-curl,,,
952,360,-224,biceps-curl,,,
952,344,-255,biceps-curl,,,
944,359,-286,biceps-curl,,,
944,375,-273,biceps-curl,,,
951,369,-250,biceps-curl,,,
952,375,-248,biceps-curl,,,
959,376,-262,biceps-curl,,,
953,383,-230,biceps-curl,,,
959,411,-224,biceps-curl,,,
953,429,-250,biceps-curl,,,
946,470,-256,biceps-curl,,,
938,511,-262,biceps-curl,,,
918,538,-240,biceps-curl,,,
883,568,-261,biceps-curl,,,
866,605,-249,biceps-curl,,,
842,638,-229,biceps-curl,,,
821,680,-219,biceps-curl,,,
795,712,-211,biceps-curl,,,
774,740,-193,biceps-curl,,,
748,772,-164,biceps-curl,,,
722,789,-147,biceps-curl,,,
707,801,-121,biceps-curl,,,
691,821,-91,biceps-curl,,,
671,836,-76,biceps-curl,,,
652,844,-72,biceps-curl,,,
628,856,-56,biceps-curl,,,
601,864,-44,biceps-curl,,,
569,875,-37,biceps-curl,,,
534,892,-6,biceps-curl,,,
495,899,13,biceps-curl,,,
449,910,21,biceps-curl,,,
398,914,40,biceps-curl,,,
351,904,34,biceps-curl,,,
304,907,38,biceps-curl,,,
256,912,95,biceps-curl,,,
217,917,165,biceps-curl,,,
191,930,165,biceps-curl,,,
157,938,147,biceps-curl,,,
116,950,186,biceps-curl,,,
73,968,223,biceps-curl,,,
40,966,243,biceps-curl,,,
4,960,231,biceps-curl,,,
-23,961,263,biceps-curl,,,
-61,968,269,biceps-curl,,,
-92,968,341,biceps-curl,,,
-123,966,316,biceps-curl,,,
-148,953,280,biceps-curl,,,
-188,961,282,biceps-curl,,,
-241,967,306,biceps-curl,,,
-257,951,335,biceps-curl,,,
-304,904,312,biceps-curl,,,
-344,872,352,biceps-curl,,,
-383,825,305,biceps-curl,,,
-422,763,266,biceps-curl,,,
-431,723,242,biceps-curl,,,
-439,691,247,biceps-curl,,,
-440,667,277,biceps-curl,,,
-440,601,161,biceps-curl,,,
-433,565,117,biceps-curl,,,
-425,567,172,biceps-curl,,,
-411,594,230,biceps-curl,,,
-402,613,246,biceps-curl,,,
-406,591,198,biceps-curl,,,
-396,614,160,biceps-curl,,,
-380,677,234,biceps-curl,,,
-370,719,264,biceps-curl,,,
-374,739,225,biceps-curl,,,
-360,717,127,biceps-curl,,,
-331,736,146,biceps-curl,,,
-305,823,263,biceps-curl,,,
-286,874,238,biceps-curl,,,
-251,851,106,biceps-curl,,,
-204,869,29,biceps-curl,,,
-180,918,141,biceps-curl,,,
-150,945,171,biceps-curl,,,
-103,969,33,biceps-curl,,,
-64,980,-12,biceps-curl,,,
-25,976,1,biceps-curl,,,
26,991,-27,biceps-curl,,,
70,1019,-58,biceps-curl,,,
108,1022,-124,biceps-curl,,,
146,989,-190,biceps-curl,,,
169,972,-166,biceps-curl,,,
196,975,-147,biceps-curl,,,
235,952,-222,biceps-curl,,,
290,960,-261,biceps-curl,,,
333,944,-281,biceps-curl,,,
358,937,-269,biceps-curl,,,
398,916,-278,biceps-curl,,,
422,898,-274,biceps-curl,,,
444,871,-294,biceps-curl,,,
468,833,-344,biceps-curl,,,
515,805,-345,biceps-curl,,,
533,789,-348,biceps-curl,,,
565,772,-341,biceps-curl,,,
596,746,-417,biceps-curl,,,
627,704,-422,biceps-curl,,,
655,701,-402,biceps-curl,,,
651,669,-343,biceps-curl,,,
690,633,-338,biceps-curl,,,
728,655,-385,biceps-curl,,,
744,608,-416,biceps-curl,,,
760,600,-368,biceps-curl,,,
783,569,-368,biceps-curl,,,
814,560,-360,biceps-curl,,,
816,515,-353,biceps-curl,,,
816,505,-330,biceps-curl,,,
830,497,-307,biceps-curl,,,
853,468,-332,biceps-curl,,,
856,444,-350,biceps-curl,,,
876,413,-359,biceps-curl,,,
887,415,-327,biceps-curl,,,
894,416,-339,biceps-curl,,,
902,410,-325,biceps-curl,,,
916,390,-320,biceps-curl,,,
920,390,-291,biceps-curl,,,
926,375,-280,biceps-curl,,,
945,362,-297,biceps-curl,,,
957,360,-304,biceps-curl,,,
965,355,-278,biceps-curl,,,
963,347,-259,biceps-curl,,,
965,354,-266,biceps-curl,,,
958,360,-277,biceps-curl,,,
943,360,-285,biceps-curl,,,
936,360,-275,biceps-curl,,,
936,360,-307,biceps-curl,,,
936,360,-315,biceps-curl,,,
932,360,-288,biceps-curl,,,
932,356,-284,biceps-curl,,,
943,367,-287,biceps-curl,,,
956,398,-300,biceps-curl,,,
960,436,-294,biceps-curl,,,
960,477,-283,biceps-curl,,,
951,502,-300,biceps-curl,,,
927,521,-329,biceps-curl,,,
915,552,-349,biceps-curl,,,
915,587,-360,biceps-curl,,,
897,602,-355,biceps-curl,,,
875,638,-342,biceps-curl,,,
858,680,-328,biceps-curl,,,
828,710,-308,biceps-curl,,,
785,737,-309,biceps-curl,,,
755,773,-269,biceps-curl,,,
724,786,-260,biceps-curl,,,
667,769,-272,biceps-curl,,,
635,818,-232,biceps-curl,,,
605,832,-226,biceps-curl,,,
580,832,-183,biceps-curl,,,
538,831,-175,biceps-curl,,,
477,826,-158,biceps-curl,,,
439,849,-127,biceps-curl,,,
415,872,-112,biceps-curl,,,
392,888,-128,biceps-curl,,,
360,912,-120,biceps-curl,,,
306,881,-66,biceps-curl,,,
258,895,-79,biceps-curl,,,
204,918,-65,biceps-curl,,,
142,920,-42,biceps-curl,,,
86,913,10,biceps-curl,,,
45,877,16,biceps-curl,,,
13,892,64,biceps-curl,,,
-19,903,92,biceps-curl,,,
-37,911,96,biceps-curl,,,
-72,912,128,biceps-curl,,,
-111,924,167,biceps-curl,,,
-150,922,194,biceps-curl,,,
-189,914,235,biceps-curl,,,
-211,929,231,biceps-curl,,,
-244,936,252,biceps-curl,,,
-272,914,253,biceps-curl,,,
-312,920,264,biceps-curl,,,
-338,918,267,biceps-curl,,,
-369,872,279,biceps-curl,,,
-408,838,293,biceps-curl,,,
-429,809,227,biceps-curl,,,
-445,761,176,biceps-curl,,,
-465,714,185,biceps-curl,,,
-468,675,167,biceps-curl,,,
-460,652,160,biceps-curl,,,
-452,640,180,biceps-curl,,,
-444,639,173,biceps-curl,,,
-436,641,146,biceps-curl,,,
-422,649,145,biceps-curl,,,
-398,682,194,biceps-curl,,,
-387,711,217,biceps-curl,,,
-383,736,172,biceps-curl,,,
-360,739,125,biceps-curl,,,
-336,762,120,biceps-curl,,,
-313,815,174,biceps-curl,,,
-294,843,179,biceps-curl,,,
-275,836,58,biceps-curl,,,
-234,862,36,biceps-curl,,,
-207,911,35,biceps-curl,,,
-169,931,62,biceps-curl,,,
-137,918,12,biceps-curl,,,
-93,952,-49,biceps-curl,,,
-36,992,-91,biceps-curl,,,
-11,988,-67,biceps-curl,,,
28,965,-98,biceps-curl,,,
68,1007,-188,biceps-curl,,,
106,991,-230,biceps-curl,,,
139,977,-200,biceps-curl,,,
193,1000,-212,biceps-curl,,,
240,1008,-328,biceps-curl,,,
264,960,-280,biceps-curl,,,
264,960,-280,biceps-curl,,,
248,929,-288,biceps-curl,,,
278,936,-258,biceps-curl,,,
325,914,-316,biceps-curl,,,
350,905,-320,biceps-curl,,,
381,883,-349,biceps-curl,,,
433,880,-387,biceps-curl,,,
467,839,-358,biceps-curl,,,
485,845,-399,biceps-curl,,,
501,815,-441,biceps-curl,,,
498,770,-365,biceps-curl,,,
546,760,-369,biceps-curl,,,
584,748,-418,biceps-curl,,,
616,720,-426,biceps-curl,,,
635,689,-401,biceps-curl,,,
673,674,-398,biceps-curl,,,
688,667,-411,biceps-curl,,,
709,648,-395,biceps-curl,,,
725,625,-374,biceps-curl,,,
743,601,-383,biceps-curl,,,
752,582,-402,biceps-curl,,,
766,562,-380,biceps-curl,,,
776,539,-342,biceps-curl,,,
789,519,-341,biceps-curl,,,
808,495,-377,biceps-curl,,,
816,460,-376,biceps-curl,,,
828,436,-340,biceps-curl,,,
847,425,-317,biceps-curl,,,
867,412,-311,biceps-curl,,,
890,405,-327,biceps-curl,,,
914,390,-317,biceps-curl,,,
934,373,-297,biceps-curl,,,
953,362,-292,biceps-curl,,,
973,349,-267,biceps-curl,,,
989,344,-285,biceps-curl,,,
1005,344,-278,biceps-curl,,,
1016,346,-270,biceps-curl,,,
1008,354,-266,biceps-curl,,,
982,364,-274,biceps-curl,,,
972,374,-280,biceps-curl,,,
955,370,-277,biceps-curl,,,
933,377,-263,biceps-curl,,,
917,387,-259,biceps-curl,,,
904,400,-272,biceps-curl,,,
906,402,-272,biceps-curl,,,
921,419,-273,biceps-curl,,,
929,441,-280,biceps-curl,,,
936,450,-279,biceps-curl,,,
936,481,-272,biceps-curl,,,
936,505,-264,biceps-curl,,,
936,528,-280,biceps-curl,,,
944,552,-288,biceps-curl,,,
928,591,-272,biceps-curl,,,
905,622,-302,biceps-curl,,,
867,654,-297,biceps-curl,,,
835,678,-245,biceps-curl,,,
796,701,-219,biceps-curl,,,
785,711,-258,biceps-curl,,,
750,739,-223,biceps-curl,,,
724,757,-189,biceps-curl,,,
687,773,-184,biceps-curl,,,
661,795,-152,biceps-curl,,,
631,812,-132,biceps-curl,,,
594,828,-110,biceps-curl,,,
560,844,-92,biceps-curl,,,
523,859,-65,biceps-curl,,,
490,886,-45,biceps-curl,,,
448,891,-35,biceps-curl,,,
411,899,-16,biceps-curl,,,
375,914,2,biceps-curl,,,
335,920,18,biceps-curl,,,
296,920,29,biceps-curl,,,
257,925,55,biceps-curl,,,
222,941,72,biceps-curl,,,
173,939,102,biceps-curl,,,
132,936,136,biceps-curl,,,
104,944,156,biceps-curl,,,
69,936,172,biceps-curl,,,
33,928,180,biceps-curl,,,
-2,942,223,biceps-curl,,,
-34,950,272,biceps-curl,,,
-64,936,285,biceps-curl,,,
-94,924,295,biceps-curl,,,
-121,907,297,biceps-curl,,,
-163,907,342,biceps-curl,,,
-202,886,363,biceps-curl,,,
-247,866,354,biceps-curl,,,
-271,867,360,biceps-curl,,,
-299,850,354,biceps-curl,,,
-334,834,358,biceps-curl,,,
-357,831,410,biceps-curl,,,
-384,797,372,biceps-curl,,,
-417,777,407,biceps-curl,,,
-425,740,353,biceps-curl,,,
-433,720,287,biceps-curl,,,
-442,714,327,biceps-curl,,,
-457,671,317,biceps-curl,,,
-464,660,291,biceps-curl,,,
-464,624,244,biceps-curl,,,
-464,624,302,biceps-curl,,,
-456,624,265,biceps-curl,,,
-448,640,288,biceps-curl,,,
-424,664,232,biceps-curl,,,
-393,687,209,biceps-curl,,,
-384,703,276,biceps-curl,,,
-384,756,220,biceps-curl,,,
-369,760,245,biceps-curl,,,
-361,739,248,biceps-curl,,,
-346,736,290,biceps-curl,,,
-330,743,241,biceps-curl,,,
-275,837,185,biceps-curl,,,
-231,882,196,biceps-curl,,,
-180,863,117,biceps-curl,,,
-143,918,102,biceps-curl,,,
-130,972,158,biceps-curl,,,
-87,960,88,biceps-curl,,,
-55,975,22,biceps-curl,,,
-20,1001,41,biceps-curl,,,
24,1003,18,biceps-curl,,,
56,989,-21,biceps-curl,,,
100,994,-103,biceps-curl,,,
145,1000,-134,biceps-curl,,,
165,1000,-51,biceps-curl,,,
196,1009,-56,biceps-curl,,,
243,1016,-132,biceps-curl,,,
273,986,-164,biceps-curl,,,
301,943,-222,biceps-curl,,,
344,924,-272,biceps-curl,,,
376,916,-284,biceps-curl,,,
402,908,-314,biceps-curl,,,
435,897,-340,biceps-curl,,,
455,868,-320,biceps-curl,,,
480,834,-317,biceps-curl,,,
516,818,-351,biceps-curl,,,
542,802,-353,biceps-curl,,,
571,787,-379,biceps-curl,,,
611,771,-365,biceps-curl,,,
623,755,-358,biceps-curl,,,
645,739,-352,biceps-curl,,,
660,722,-363,biceps-curl,,,
676,700,-386,biceps-curl,,,
692,688,-370,biceps-curl,,,
706,681,-374,biceps-curl,,,
715,656,-362,biceps-curl,,,
729,648,-337,biceps-curl,,,
736,607,-343,biceps-curl,,,
736,600,-333,biceps-curl,,,
737,597,-309,biceps-curl,,,
747,564,-290,biceps-curl,,,
778,526,-314,biceps-curl,,,
801,504,-334,biceps-curl,,,
824,496,-287,biceps-curl,,,
832,496,-264,biceps-curl,,,
856,488,-304,biceps-curl,,,
864,472,-304,biceps-curl,,,
872,449,-274,biceps-curl,,,
887,426,-257,biceps-curl,,,
895,409,-263,biceps-curl,,,
917,394,-243,biceps-curl,,,
927,392,-261,biceps-curl,,,
935,385,-237,biceps-curl,,,
949,364,-219,biceps-curl,,,
972,360,-255,biceps-curl,,,
982,360,-245,biceps-curl,,,
990,372,-228,biceps-curl,,,
992,388,-236,biceps-curl,,,
980,398,-252,biceps-curl,,,
953,406,-262,biceps-curl,,,
933,397,-275,biceps-curl,,,
923,408,-264,biceps-curl,,,
915,416,-261,biceps-curl,,,
907,421,-264,biceps-curl,,,
899,424,-274,biceps-curl,,,
896,429,-275,biceps-curl,,,
901,437,-263,biceps-curl,,,
908,458,-260,biceps-curl,,,
921,481,-273,biceps-curl,,,
928,496,-268,biceps-curl,,,
928,520,-268,biceps-curl,,,
924,548,-276,biceps-curl,,,
902,578,-294,biceps-curl,,,
876,614,-309,biceps-curl,,,
862,642,-289,biceps-curl,,,
842,669,-286,biceps-curl,,,
820,697,-290,biceps-curl,,,
783,718,-263,biceps-curl,,,
744,736,-227,biceps-curl,,,
723,768,-219,biceps-curl,,,
700,802,-209,biceps-curl,,,
663,813,-171,biceps-curl,,,
629,824,-145,biceps-curl,,,
598,834,-108,biceps-curl,,,
583,868,-115,biceps-curl,,,
547,882,-86,biceps-curl,,,
518,889,-41,biceps-curl,,,
465,901,-9,biceps-curl,,,
428,928,-16,biceps-curl,,,
401,929,-10,biceps-curl,,,
349,939,35,biceps-curl,,,
316,968,65,biceps-curl,,,
276,966,78,biceps-curl,,,
214,945,49,biceps-curl,,,
167,960,64,biceps-curl,,,
136,968,48,biceps-curl,,,
80,944,0,biceps-curl,,,
80,944,0,biceps-curl,,,
18,944,124,biceps-curl,,,
-45,929,257,biceps-curl,,,
-26,928,145,biceps-curl,,,
-68,935,172,biceps-curl,,,
-122,922,212,biceps-curl,,,
-149,927,209,biceps-curl,,,
-166,921,222,biceps-curl,,,
-188,933,277,biceps-curl,,,
-205,923,268,biceps-curl,,,
-227,901,232,biceps-curl,,,
-275,896,230,biceps-curl,,,
-312,878,250,biceps-curl,,,
-344,843,203,biceps-curl,,,
-363,826,218,biceps-curl,,,
-396,807,204,biceps-curl,,,
-419,773,197,biceps-curl,,,
-450,723,205,biceps-curl,,,
-469,663,157,biceps-curl,,,
-467,640,143,biceps-curl,,,
-459,635,166,biceps-curl,,,
-451,637,185,biceps-curl,,,
-444,658,205,biceps-curl,,,
-444,685,238,biceps-curl,,,
-436,713,223,biceps-curl,,,
-424,740,176,biceps-curl,,,
-424,748,160,biceps-curl,,,
-424,751,160,biceps-curl,,,
-417,760,146,biceps-curl,,,
-398,777,138,biceps-curl,,,
-365,803,120,biceps-curl,,,
-324,829,81,biceps-curl,,,
-304,864,84,biceps-curl,,,
-293,872,56,biceps-curl,,,
-259,896,37,biceps-curl,,,
-222,907,49,biceps-curl,,,
-184,907,29,biceps-curl,,,
-133,925,-139,biceps-curl,,,
-102,904,-174,biceps-curl,,,
-83,937,-122,biceps-curl,,,
-32,971,-151,biceps-curl,,,
3,969,-259,biceps-curl,,,
21,911,-340,biceps-curl,,,
56,948,-311,biceps-curl,,,
108,966,-261,biceps-curl,,,
141,948,-310,biceps-curl,,,
186,911,-423,biceps-curl,,,
211,898,-413,biceps-curl,,,
251,920,-372,biceps-curl,,,
313,920,-450,biceps-curl,,,
344,904,-511,biceps-curl,,,
312,856,-425,biceps-curl,,,
359,856,-432,biceps-curl,,,
398,848,-447,biceps-curl,,,
430,818,-418,biceps-curl,,,
439,794,-452,biceps-curl,,,
440,749,-470,biceps-curl,,,
461,723,-465,biceps-curl,,,
498,713,-437,biceps-curl,,,
504,665,-492,biceps-curl,,,
537,656,-497,biceps-curl,,,
563,650,-471,biceps-curl,,,
580,654,-427,biceps-curl,,,
602,638,-404,biceps-curl,,,
637,632,-418,biceps-curl,,,
677,615,-458,biceps-curl,,,
710,591,-427,biceps-curl,,,
731,562,-408,biceps-curl,,,
747,531,-403,biceps-curl,,,
757,525,-415,biceps-curl,,,
775,503,-404,biceps-curl,,,
798,483,-382,biceps-curl,,,
822,466,-381,biceps-curl,,,
832,443,-362,biceps-curl,,,
845,423,-361,biceps-curl,,,
873,408,-368,biceps-curl,,,
896,396,-324,biceps-curl,,,
923,384,-303,biceps-curl,,,
948,369,-316,biceps-curl,,,
966,360,-308,biceps-curl,,,
991,357,-317,biceps-curl,,,
997,352,-320,biceps-curl,,,
986,349,-305,biceps-curl,,,
976,347,-311,biceps-curl,,,
973,355,-299,biceps-curl,,,
965,357,-307,biceps-curl,,,
955,357,-307,biceps-curl,,,
944,368,-298,biceps-curl,,,
942,364,-291,biceps-curl,,,
930,354,-264,biceps-curl,,,
916,356,-288,biceps-curl,,,
930,346,-295,biceps-curl,,,
936,352,-320,biceps-curl,,,
937,353,-319,biceps-curl,,,
944,362,-308,biceps-curl,,,
945,376,-289,biceps-curl,,,
954,378,-297,biceps-curl,,,
968,396,-308,biceps-curl,,,
967,435,-346,biceps-curl,,,
952,473,-374,biceps-curl,,,
944,497,-344,biceps-curl,,,
928,520,-360,biceps-curl,,,
888,536,-352,biceps-curl,,,
888,559,-298,biceps-curl,,,
896,598,-349,biceps-curl,,,
851,593,-389,biceps-curl,,,
841,621,-304,biceps-curl,,,
826,653,-282,biceps-curl,,,
782,698,-308,biceps-curl,,,
762,724,-278,biceps-curl,,,
740,761,-245,biceps-curl,,,
703,775,-260,biceps-curl,,,
677,808,-232,biceps-curl,,,
635,841,-218,biceps-curl,,,
588,866,-222,biceps-curl,,,
523,866,-177,biceps-curl,,,
470,870,-126,biceps-curl,,,
406,917,-79,biceps-curl,,,
368,947,-107,biceps-curl,,,
344,926,-123,biceps-curl,,,
305,922,-74,biceps-curl,,,
253,928,-53,biceps-curl,,,
199,904,-23,biceps-curl,,,
153,888,5,biceps-curl,,,
118,897,39,biceps-curl,,,
82,908,51,biceps-curl,,,
35,908,19,biceps-curl,,,
-4,920,48,biceps-curl,,,
-31,940,115,biceps-curl,,,
-55,951,147,biceps-curl,,,
-85,946,149,biceps-curl,,,
-125,938,136,biceps-curl,,,
-157,975,155,biceps-curl,,,
-176,996,205,biceps-curl,,,
-191,964,223,biceps-curl,,,
-235,936,192,biceps-curl,,,
-290,910,195,biceps-curl,,,
-355,881,222,biceps-curl,,,
-414,848,261,biceps-curl,,,
-416,793,219,biceps-curl,,,
-444,746,190,biceps-curl,,,
-456,717,199,biceps-curl,,,
-453,678,175,biceps-curl,,,
-441,663,187,biceps-curl,,,
-449,621,120,biceps-curl,,,
-455,609,87,biceps-curl,,,
-450,617,138,biceps-curl,,,
-463,626,212,biceps-curl,,,
-457,641,239,biceps-curl,,,
-464,658,148,biceps-curl,,,
-463,688,206,biceps-curl,,,
-448,697,168,biceps-curl,,,
-448,744,168,biceps-curl,,,
-440,752,144,biceps-curl,,,
-424,791,128,biceps-curl,,,
-378,754,98,biceps-curl,,,
-361,767,141,biceps-curl,,,
-338,797,144,biceps-curl,,,
-329,814,73,biceps-curl,,,
-286,851,78,biceps-curl,,,
-246,863,80,biceps-curl,,,
-200,831,47,biceps-curl,,,
-140,857,7,biceps-curl,,,
-90,889,-44,biceps-curl,,,
-61,939,-93,biceps-curl,,,
10,1012,-92,biceps-curl,,,
56,991,-147,biceps-curl,,,
81,982,-151,biceps-curl,,,
110,990,-239,biceps-curl,,,
147,987,-231,biceps-curl,,,
213,968,-229,biceps-curl,,,
276,935,-327,biceps-curl,,,
301,930,-351,biceps-curl,,,
328,907,-307,biceps-curl,,,
376,902,-311,biceps-curl,,,
418,899,-359,biceps-curl,,,
432,879,-380,biceps-curl,,,
453,855,-322,biceps-curl,,,
488,836,-316,biceps-curl,,,
542,805,-398,biceps-curl,,,
588,769,-418,biceps-curl,,,
596,749,-364,biceps-curl,,,
607,729,-335,biceps-curl,,,
651,730,-373,biceps-curl,,,
710,713,-404,biceps-curl,,,
717,655,-364,biceps-curl,,,
734,632,-339,biceps-curl,,,
776,613,-363,biceps-curl,,,
776,598,-351,biceps-curl,,,
783,569,-307,biceps-curl,,,
808,546,-300,biceps-curl,,,
836,526,-314,biceps-curl,,,
846,513,-327,biceps-curl,,,
850,493,-349,biceps-curl,,,
898,511,-330,biceps-curl,,,
949,507,-308,biceps-curl,,,
981,518,-330,biceps-curl,,,
1012,507,-343,biceps-curl,,,
1045,530,-333,biceps-curl,,,
1090,543,-305,biceps-curl,,,
1111,532,-324,biceps-curl,,,
1094,585,-380,biceps-curl,,,
1055,609,-313,biceps-curl,,,
1016,632,-344,biceps-curl,,,
960,640,-312,biceps-curl,,,
960,640,-312,biceps-curl,,,
929,671,-328,biceps-curl,,,
913,702,-381,biceps-curl,,,
882,637,-302,biceps-curl,,,
836,720,-347,biceps-curl,,,
782,721,-345,biceps-curl,,,
755,727,-302,biceps-curl,,,
697,742,-323,biceps-curl,,,
621,711,-328,biceps-curl,,,
582,691,-302,biceps-curl,,,
557,669,-353,biceps-curl,,,
527,639,-380,biceps-curl,,,
484,650,-342,biceps-curl,,,
431,644,-293,biceps-curl,,,
387,623,-286,biceps-curl,,,
359,560,-327,biceps-curl,,,
309,466,-312,biceps-curl,,,
267,479,-291,biceps-curl,,,
281,550,-324,biceps-curl,,,
316,616,-304,biceps-curl,,,
338,683,-261,biceps-curl,,,
353,675,-280,biceps-curl,,,
391,652,-335,biceps-curl,,,
420,656,-317,biceps-curl,,,
445,693,-259,biceps-curl,,,
484,752,-260,biceps-curl,,,
523,788,-365,biceps-curl,,,
551,800,-390,biceps-curl,,,
560,804,-298,biceps-curl,,,
570,825,-304,biceps-curl,,,
584,835,-346,biceps-curl,,,
581,819,-369,biceps-curl,,,
579,827,-387,biceps-curl,,,
573,832,-354,biceps-curl,,,
544,824,-285,biceps-curl,,,
528,801,-318,biceps-curl,,,
530,782,-373,biceps-curl,,,
532,778,-384,biceps-curl,,,
514,792,-366,biceps-curl,,,
496,818,-316,biceps-curl,,,
494,814,-338,biceps-curl,,,
488,775,-377,biceps-curl,,,
487,767,-379,biceps-curl,,,
480,764,-351,biceps-curl,,,
489,804,-365,biceps-curl,,,
547,925,-508,biceps-curl,,,
500,769,-460,biceps-curl,,,
463,783,-336,biceps-curl,,,
456,776,-338,biceps-curl,,,
449,768,-366,biceps-curl,,,
472,768,-288,biceps-curl,,,
496,736,-336,biceps-curl,,,
519,744,-344,biceps-curl,,,
505,729,-352,biceps-curl,,,
511,713,-337,biceps-curl,,,
512,748,-424,biceps-curl,,,
526,759,-503,biceps-curl,,,
528,760,-449,biceps-curl,,,
535,746,-467,biceps-curl,,,
523,731,-452,biceps-curl,,,
520,702,-435,biceps-curl,,,
520,702,-451,biceps-curl,,,
539,710,-462,biceps-curl,,,
592,736,-524,biceps-curl,,,
667,762,-568,biceps-curl,,,
734,728,-502,biceps-curl,,,
774,701,-416,biceps-curl,,,
795,707,-408,biceps-curl,,,
811,707,-421,biceps-curl,,,
801,709,-404,biceps-curl,,,
777,687,-456,biceps-curl,,,
749,629,-592,biceps-curl,,,
676,568,-628,biceps-curl,,,
560,544,-545,biceps-curl,,,
452,604,-518,biceps-curl,,,
383,693,-607,biceps-curl,,,
332,704,-752,biceps-curl,,,
285,638,-859,biceps-curl,,,
235,566,-855,biceps-curl,,,
207,483,-837,biceps-curl,,,
223,365,-820,biceps-curl,,,
245,280,-744,biceps-curl,,,
270,228,-775,biceps-curl,,,
289,155,-890,biceps-curl,,,
304,71,-941,biceps-curl,,,
304,5,-934,biceps-curl,,,
309,12,-891,biceps-curl,,,
315,29,-862,biceps-curl,,,
308,-11,-808,biceps-curl,,,
318,-48,-794,biceps-curl,,,
314,-70,-831,biceps-curl,,,
328,-62,-856,biceps-curl,,,
353,-56,-852,biceps-curl,,,
316,-56,-827,biceps-curl,,,
304,-54,-806,biceps-curl,,,
351,-42,-841,biceps-curl,,,
345,-54,-852,biceps-curl,,,
351,-40,-892,biceps-curl,,,
342,-40,-934,biceps-curl,,,
318,-40,-909,biceps-curl,,,
279,-41,-856,biceps-curl,,,
240,-64,-864,biceps-curl,,,
