984,128,256,lateral-raise,,,
1000,221,458,lateral-raise,,,
1167,331,251,lateral-raise,,,
1258,403,195,lateral-raise,,,
1279,196,863,lateral-raise,,,
1309,483,229,lateral-raise,,,
1193,722,-414,lateral-raise,,,
1306,424,98,lateral-raise,,,
1655,108,60,lateral-raise,,,
1733,82,78,lateral-raise,,,
1704,171,-172,lateral-raise,,,
1684,198,-116,lateral-raise,,,
1650,194,35,lateral-raise,,,
1628,233,37,lateral-raise,,,
1584,242,35,lateral-raise,,,
1512,290,51,lateral-raise,,,
1510,296,13,lateral-raise,,,
1520,256,-71,lateral-raise,,,
1495,199,-145,lateral-raise,,,
1436,166,-178,lateral-raise,,,
1355,141,-232,lateral-raise,,,
1251,128,-273,lateral-raise,,,
1155,56,-262,lateral-raise,,,
1068,-4,-321,lateral-raise,,,
966,25,-401,lateral-raise,,,
904,60,-488,lateral-raise,,,
873,95,-510,lateral-raise,,,
863,102,-471,lateral-raise,,,
876,76,-474,lateral-raise,,,
892,83,-486,lateral-raise,,,
930,85,-538,lateral-raise,,,
959,80,-543,lateral-raise,,,
996,115,-522,lateral-raise,,,
1019,173,-528,lateral-raise,,,
1034,165,-560,lateral-raise,,,
1073,162,-553,lateral-raise,,,
1112,173,-513,lateral-raise,,,
1101,192,-494,lateral-raise,,,
1070,226,-584,lateral-raise,,,
1059,254,-547,lateral-raise,,,
1035,253,-563,lateral-raise,,,
1003,272,-477,lateral-raise,,,
932,263,-464,lateral-raise,,,
858,215,-457,lateral-raise,,,
759,208,-409,lateral-raise,,,
627,204,-374,lateral-raise,,,
514,168,-484,lateral-raise,,,
449,166,-433,lateral-raise,,,
351,138,-340,lateral-raise,,,
335,168,-409,lateral-raise,,,
303,159,-431,lateral-raise,,,
233,97,-361,lateral-raise,,,
170,73,-313,lateral-raise,,,
84,118,-251,lateral-raise,,,
35,98,-308,lateral-raise,,,
-12,81,-268,lateral-raise,,,
-102,101,-278,lateral-raise,,,
-112,62,-364,lateral-raise,,,
-160,90,-321,lateral-raise,,,
-175,49,-279,lateral-raise,,,
-196,33,-239,lateral-raise,,,
-175,26,-353,lateral-raise,,,
-174,12,-359,lateral-raise,,,
-170,-4,-340,lateral-raise,,,
-168,-8,-360,lateral-raise,,,
-157,3,-362,lateral-raise,,,
-113,-14,-449,lateral-raise,,,
-85,-13,-472,lateral-raise,,,
-54,8,-485,lateral-raise,,,
1,-4,-511,lateral-raise,,,
29,9,-515,lateral-raise,,,
70,19,-627,lateral-raise,,,
119,16,-681,lateral-raise,,,
181,16,-637,lateral-raise,,,
251,20,-646,lateral-raise,,,
301,28,-680,lateral-raise,,,
360,48,-692,lateral-raise,,,
435,68,-746,lateral-raise,,,
498,87,-807,lateral-raise,,,
563,86,-827,lateral-raise,,,
628,74,-853,lateral-raise,,,
679,72,-840,lateral-raise,,,
736,76,-801,lateral-raise,,,
793,126,-877,lateral-raise,,,
843,131,-984,lateral-raise,,,
906,125,-909,lateral-raise,,,
970,141,-805,lateral-raise,,,
1003,147,-910,lateral-raise,,,
1043,134,-847,lateral-raise,,,
1068,138,-800,lateral-raise,,,
1067,157,-805,lateral-raise,,,
1106,127,-801,lateral-raise,,,
1111,155,-703,lateral-raise,,,
1104,159,-668,lateral-raise,,,
1098,113,-674,lateral-raise,,,
1066,121,-593,lateral-raise,,,
1079,130,-602,lateral-raise,,,
1071,143,-607,lateral-raise,,,
1062,128,-514,lateral-raise,,,
1040,128,-533,lateral-raise,,,
1032,128,-480,lateral-raise,,,
1024,120,-480,lateral-raise,,,
1016,88,-536,lateral-raise,,,
1016,88,-536,lateral-raise,,,
1039,88,-474,lateral-raise,,,
1040,88,-510,lateral-raise,,,
1062,81,-579,lateral-raise,,,
1100,87,-613,lateral-raise,,,
1111,74,-673,lateral-raise,,,
1105,107,-694,lateral-raise,,,
1097,126,-792,lateral-raise,,,
1103,155,-848,lateral-raise,,,
1097,173,-869,lateral-raise,,,
1090,163,-847,lateral-raise,,,
1125,160,-865,lateral-raise,,,
1166,148,-884,lateral-raise,,,
1205,185,-859,lateral-raise,,,
1227,200,-871,lateral-raise,,,
1226,189,-808,lateral-raise,,,
1251,195,-771,lateral-raise,,,
1217,200,-794,lateral-raise,,,
1192,190,-757,lateral-raise,,,
1197,184,-733,lateral-raise,,,
1186,184,-760,lateral-raise,,,
1162,175,-762,lateral-raise,,,
1125,159,-725,lateral-raise,,,
1091,165,-713,lateral-raise,,,
1059,197,-724,lateral-raise,,,
996,200,-708,lateral-raise,,,
933,207,-723,lateral-raise,,,
897,214,-808,lateral-raise,,,
831,174,-786,lateral-raise,,,
734,155,-671,lateral-raise,,,
646,173,-690,lateral-raise,,,
553,161,-737,lateral-raise,,,
478,109,-677,lateral-raise,,,
399,101,-605,lateral-raise,,,
310,91,-597,lateral-raise,,,
246,63,-629,lateral-raise,,,
190,31,-608,lateral-raise,,,
89,31,-526,lateral-raise,,,
32,-14,-500,lateral-raise,,,
-21,-17,-438,lateral-raise,,,
-45,-50,-424,lateral-raise,,,
-76,-59,-391,lateral-raise,,,
-127,-67,-393,lateral-raise,,,
-128,-46,-428,lateral-raise,,,
-176,-82,-355,lateral-raise,,,
-180,-95,-323,lateral-raise,,,
-216,-89,-346,lateral-raise,,,
-217,-96,-292,lateral-raise,,,
-225,-96,-344,lateral-raise,,,
-248,-89,-345,lateral-raise,,,
-232,-112,-368,lateral-raise,,,
-224,-96,-384,lateral-raise,,,
-208,-112,-454,lateral-raise,,,
-208,-127,-410,lateral-raise,,,
-193,-91,-445,lateral-raise,,,
-170,-95,-514,lateral-raise,,,
-125,-82,-541,lateral-raise,,,
-113,-80,-593,lateral-raise,,,
-78,-94,-648,lateral-raise,,,
-39,-83,-703,lateral-raise,,,
-6,-41,-699,lateral-raise,,,
57,-32,-810,lateral-raise,,,
103,-26,-797,lateral-raise,,,
148,-6,-863,lateral-raise,,,
213,0,-800,lateral-raise,,,
272,6,-779,lateral-raise,,,
344,19,-817,lateral-raise,,,
433,24,-881,lateral-raise,,,
464,35,-904,lateral-raise,,,
520,45,-858,lateral-raise,,,
582,63,-872,lateral-raise,,,
624,77,-886,lateral-raise,,,
672,66,-852,lateral-raise,,,
714,87,-765,lateral-raise,,,
767,138,-798,lateral-raise,,,
808,131,-868,lateral-raise,,,
840,128,-788,lateral-raise,,,
868,140,-739,lateral-raise,,,
894,132,-816,lateral-raise,,,
909,140,-840,lateral-raise,,,
920,134,-749,lateral-raise,,,
958,139,-686,lateral-raise,,,
977,159,-711,lateral-raise,,,
995,138,-727,lateral-raise,,,
1003,136,-685,lateral-raise,,,
1013,157,-650,lateral-raise,,,
1029,173,-656,lateral-raise,,,
1042,184,-593,lateral-raise,,,
1048,182,-603,lateral-raise,,,
1056,176,-556,lateral-raise,,,
1075,181,-507,lateral-raise,,,
1054,195,-469,lateral-raise,,,
1045,176,-494,lateral-raise,,,
1029,176,-529,lateral-raise,,,
1011,172,-567,lateral-raise,,,
982,152,-507,lateral-raise,,,
971,155,-474,lateral-raise,,,
993,175,-494,lateral-raise,,,
1009,163,-565,lateral-raise,,,
1018,199,-634,lateral-raise,,,
1048,185,-665,lateral-raise,,,
1056,216,-704,lateral-raise,,,
1056,208,-704,lateral-raise,,,
1095,192,-751,lateral-raise,,,
1088,200,-744,lateral-raise,,,
1155,178,-759,lateral-raise,,,
1167,183,-789,lateral-raise,,,
1211,227,-878,lateral-raise,,,
1265,239,-860,lateral-raise,,,
1265,220,-781,lateral-raise,,,
1291,229,-735,lateral-raise,,,
1303,225,-741,lateral-raise,,,
1323,249,-757,lateral-raise,,,
1334,244,-729,lateral-raise,,,
1306,246,-744,lateral-raise,,,
1272,219,-705,lateral-raise,,,
1224,225,-705,lateral-raise,,,
1175,249,-706,lateral-raise,,,
1117,251,-688,lateral-raise,,,
1054,243,-648,lateral-raise,,,
996,235,-703,lateral-raise,,,
912,237,-719,lateral-raise,,,
843,245,-723,lateral-raise,,,
792,239,-685,lateral-raise,,,
737,214,-652,lateral-raise,,,
673,161,-621,lateral-raise,,,
607,107,-571,lateral-raise,,,
516,72,-544,lateral-raise,,,
410,68,-548,lateral-raise,,,
334,80,-604,lateral-raise,,,
262,66,-638,lateral-raise,,,
178,35,-586,lateral-raise,,,
101,22,-489,lateral-raise,,,
33,17,-432,lateral-raise,,,
-7,-11,-498,lateral-raise,,,
-48,-24,-508,lateral-raise,,,
-83,-37,-427,lateral-raise,,,
-95,-37,-381,lateral-raise,,,
-130,-37,-359,lateral-raise,,,
-180,-25,-427,lateral-raise,,,
-200,-68,-438,lateral-raise,,,
-222,-54,-397,lateral-raise,,,
-219,-60,-425,lateral-raise,,,
-238,-97,-372,lateral-raise,,,
-261,-67,-401,lateral-raise,,,
-244,-78,-450,lateral-raise,,,
-229,-66,-465,lateral-raise,,,
-263,-80,-469,lateral-raise,,,
-255,-77,-451,lateral-raise,,,
-236,-51,-565,lateral-raise,,,
-184,-86,-627,lateral-raise,,,
-191,-56,-538,lateral-raise,,,
-144,-48,-600,lateral-raise,,,
-128,-32,-648,lateral-raise,,,
-74,-55,-741,lateral-raise,,,
-34,-33,-752,lateral-raise,,,
-10,-10,-633,lateral-raise,,,
65,7,-690,lateral-raise,,,
93,8,-732,lateral-raise,,,
152,-6,-764,lateral-raise,,,
201,12,-768,lateral-raise,,,
255,29,-708,lateral-raise,,,
303,104,-800,lateral-raise,,,
356,101,-837,lateral-raise,,,
399,96,-797,lateral-raise,,,
456,120,-796,lateral-raise,,,
525,104,-865,lateral-raise,,,
590,142,-859,lateral-raise,,,
658,143,-787,lateral-raise,,,
707,141,-765,lateral-raise,,,
767,123,-852,lateral-raise,,,
823,148,-835,lateral-raise,,,
870,173,-770,lateral-raise,,,
917,176,-795,lateral-raise,,,
945,204,-819,lateral-raise,,,
961,197,-789,lateral-raise,,,
964,202,-772,lateral-raise,,,
964,216,-726,lateral-raise,,,
956,204,-744,lateral-raise,,,
956,219,-804,lateral-raise,,,
957,207,-745,lateral-raise,,,
951,196,-624,lateral-raise,,,
970,202,-586,lateral-raise,,,
997,189,-606,lateral-raise,,,
1019,223,-568,lateral-raise,,,
1027,208,-553,lateral-raise,,,
1035,230,-509,lateral-raise,,,
1037,251,-480,lateral-raise,,,
1025,189,-486,lateral-raise,,,
1008,149,-441,lateral-raise,,,
1008,173,-409,lateral-raise,,,
1010,200,-490,lateral-raise,,,
1018,167,-506,lateral-raise,,,
1024,144,-469,lateral-raise,,,
1024,169,-523,lateral-raise,,,
1031,140,-553,lateral-raise,,,
1060,167,-635,lateral-raise,,,
1051,205,-629,lateral-raise,,,
1127,187,-776,lateral-raise,,,
1124,203,-775,lateral-raise,,,
1161,154,-771,lateral-raise,,,
1168,184,-808,lateral-raise,,,
1168,184,-810,lateral-raise,,,
1176,176,-864,lateral-raise,,,
1192,208,-792,lateral-raise,,,
1192,208,-792,lateral-raise,,,
1254,255,-901,lateral-raise,,,
1294,248,-752,lateral-raise,,,
1303,211,-625,lateral-raise,,,
1311,208,-689,lateral-raise,,,
1333,208,-696,lateral-raise,,,
1322,208,-696,lateral-raise,,,
1306,194,-655,lateral-raise,,,
1277,212,-661,lateral-raise,,,
1233,183,-697,lateral-raise,,,
1186,189,-685,lateral-raise,,,
1108,167,-655,lateral-raise,,,
1064,166,-654,lateral-raise,,,
997,186,-680,lateral-raise,,,
924,169,-705,lateral-raise,,,
843,149,-734,lateral-raise,,,
751,112,-695,lateral-raise,,,
662,107,-683,lateral-raise,,,
571,97,-708,lateral-raise,,,
492,88,-715,lateral-raise,,,
397,98,-664,lateral-raise,,,
310,81,-623,lateral-raise,,,
226,42,-571,lateral-raise,,,
137,41,-501,lateral-raise,,,
54,19,-472,lateral-raise,,,
8,-24,-436,lateral-raise,,,
-8,-40,-381,lateral-raise,,,
-27,-37,-378,lateral-raise,,,
-47,-28,-446,lateral-raise,,,
-73,-59,-470,lateral-raise,,,
-112,-86,-360,lateral-raise,,,
-142,-54,-295,lateral-raise,,,
-140,-62,-379,lateral-raise,,,
-139,-109,-404,lateral-raise,,,
-173,-75,-359,lateral-raise,,,
-173,-73,-396,lateral-raise,,,
-184,-47,-395,lateral-raise,,,
-182,-30,-479,lateral-raise,,,
-178,-48,-516,lateral-raise,,,
-184,-48,-500,lateral-raise,,,
-181,-43,-503,lateral-raise,,,
-159,-30,-570,lateral-raise,,,
-119,-48,-615,lateral-raise,,,
-105,-10,-615,lateral-raise,,,
-60,-23,-656,lateral-raise,,,
-27,-14,-663,lateral-raise,,,
17,-1,-724,lateral-raise,,,
36,-16,-763,lateral-raise,,,
90,-15,-696,lateral-raise,,,
130,8,-698,lateral-raise,,,
184,8,-768,lateral-raise,,,
232,16,-776,lateral-raise,,,
279,32,-737,lateral-raise,,,
326,40,-744,lateral-raise,,,
373,70,-781,lateral-raise,,,
427,94,-864,lateral-raise,,,
468,117,-979,lateral-raise,,,
500,92,-901,lateral-raise,,,
552,88,-656,lateral-raise,,,
593,81,-723,lateral-raise,,,
678,119,-809,lateral-raise,,,
753,90,-811,lateral-raise,,,
818,167,-839,lateral-raise,,,
868,150,-824,lateral-raise,,,
915,177,-740,lateral-raise,,,
962,152,-706,lateral-raise,,,
998,130,-726,lateral-raise,,,
1035,171,-752,lateral-raise,,,
1069,160,-713,lateral-raise,,,
1065,169,-601,lateral-raise,,,
1081,174,-626,lateral-raise,,,
1096,144,-653,lateral-raise,,,
1091,170,-612,lateral-raise,,,
1088,191,-574,lateral-raise,,,
1075,180,-586,lateral-raise,,,
1068,193,-571,lateral-raise,,,
1064,200,-516,lateral-raise,,,
1056,184,-527,lateral-raise,,,
1052,180,-531,lateral-raise,,,
1044,177,-489,lateral-raise,,,
1033,175,-450,lateral-raise,,,
1024,178,-434,lateral-raise,,,
1033,171,-496,lateral-raise,,,
1048,173,-553,lateral-raise,,,
1045,154,-568,lateral-raise,,,
1035,141,-536,lateral-raise,,,
1024,183,-575,lateral-raise,,,
1033,211,-678,lateral-raise,,,
1073,187,-701,lateral-raise,,,
1122,162,-682,lateral-raise,,,
1137,178,-734,lateral-raise,,,
1158,138,-792,lateral-raise,,,
1129,182,-741,lateral-raise,,,
1168,208,-816,lateral-raise,,,
1173,209,-880,lateral-raise,,,
1204,213,-777,lateral-raise,,,
1235,197,-732,lateral-raise,,,
1258,239,-768,lateral-raise,,,
1281,235,-766,lateral-raise,,,
1297,277,-736,lateral-raise,,,
1320,225,-736,lateral-raise,,,
1320,256,-744,lateral-raise,,,
1280,224,-736,lateral-raise,,,
1233,240,-759,lateral-raise,,,
1186,240,-692,lateral-raise,,,
1169,233,-658,lateral-raise,,,
1102,239,-692,lateral-raise,,,
1053,247,-760,lateral-raise,,,
1006,248,-775,lateral-raise,,,
925,221,-674,lateral-raise,,,
825,236,-563,lateral-raise,,,
769,214,-733,lateral-raise,,,
677,195,-719,lateral-raise,,,
588,180,-574,lateral-raise,,,
496,194,-584,lateral-raise,,,
401,147,-671,lateral-raise,,,
296,139,-581,lateral-raise,,,
231,105,-519,lateral-raise,,,
178,99,-496,lateral-raise,,,
118,78,-483,lateral-raise,,,
65,54,-480,lateral-raise,,,
33,33,-490,lateral-raise,,,
-14,24,-458,lateral-raise,,,
-82,-13,-409,lateral-raise,,,
-108,-31,-396,lateral-raise,,,
-121,-28,-396,lateral-raise,,,
-144,-36,-413,lateral-raise,,,
-156,-48,-440,lateral-raise,,,
-175,-44,-394,lateral-raise,,,
-185,-39,-380,lateral-raise,,,
-197,-80,-421,lateral-raise,,,
-231,-93,-415,lateral-raise,,,
-250,-59,-453,lateral-raise,,,
-264,-64,-499,lateral-raise,,,
-267,-79,-501,lateral-raise,,,
-277,-93,-499,lateral-raise,,,
-270,-75,-512,lateral-raise,,,
-234,-82,-528,lateral-raise,,,
-222,-79,-551,lateral-raise,,,
-172,-56,-612,lateral-raise,,,
-154,-60,-614,lateral-raise,,,
-123,-68,-600,lateral-raise,,,
-72,-51,-663,lateral-raise,,,
-40,-28,-698,lateral-raise,,,
-28,0,-747,lateral-raise,,,
45,41,-761,lateral-raise,,,
120,48,-767,lateral-raise,,,
128,46,-757,lateral-raise,,,
198,31,-727,lateral-raise,,,
268,27,-716,lateral-raise,,,
330,64,-776,lateral-raise,,,
369,67,-785,lateral-raise,,,
417,152,-809,lateral-raise,,,
495,104,-863,lateral-raise,,,
535,127,-794,lateral-raise,,,
559,120,-708,lateral-raise,,,
642,150,-749,lateral-raise,,,
706,181,-810,lateral-raise,,,
798,155,-959,lateral-raise,,,
857,194,-795,lateral-raise,,,
871,186,-686,lateral-raise,,,
932,164,-739,lateral-raise,,,
990,153,-804,lateral-raise,,,
1006,190,-772,lateral-raise,,,
1033,175,-791,lateral-raise,,,
1040,192,-703,lateral-raise,,,
1058,188,-707,lateral-raise,,,
1081,161,-668,lateral-raise,,,
1094,158,-659,lateral-raise,,,
1091,171,-604,lateral-raise,,,
1088,160,-529,lateral-raise,,,
1093,167,-499,lateral-raise,,,
1101,186,-501,lateral-raise,,,
1118,168,-466,lateral-raise,,,
1109,147,-412,lateral-raise,,,
1092,175,-361,lateral-raise,,,
1071,196,-371,lateral-raise,,,
1077,180,-421,lateral-raise,,,
1084,168,-400,lateral-raise,,,
1068,164,-356,lateral-raise,,,
1068,156,-385,lateral-raise,,,
1068,141,-406,lateral-raise,,,
1057,138,-404,lateral-raise,,,
1051,158,-474,lateral-raise,,,
1059,183,-545,lateral-raise,,,
1081,208,-575,lateral-raise,,,
1117,208,-614,lateral-raise,,,
1131,208,-635,lateral-raise,,,
1155,208,-634,lateral-raise,,,
1200,226,-681,lateral-raise,,,
1211,274,-755,lateral-raise,,,
1242,266,-766,lateral-raise,,,
1255,226,-708,lateral-raise,,,
1282,230,-688,lateral-raise,,,
1289,228,-666,lateral-raise,,,
1307,252,-723,lateral-raise,,,
1360,263,-760,lateral-raise,,,
1360,217,-668,lateral-raise,,,
1362,279,-699,lateral-raise,,,
1377,272,-721,lateral-raise,,,
1380,271,-720,lateral-raise,,,
1319,264,-618,lateral-raise,,,
1302,263,-647,lateral-raise,,,
1224,240,-608,lateral-raise,,,
1168,232,-600,lateral-raise,,,
1168,232,-600,lateral-raise,,,
1090,232,-592,lateral-raise,,,
1027,240,-683,lateral-raise,,,
920,218,-673,lateral-raise,,,
817,187,-584,lateral-raise,,,
758,170,-612,lateral-raise,,,
661,168,-644,lateral-raise,,,
546,120,-552,lateral-raise,,,
475,145,-603,lateral-raise,,,
418,145,-649,lateral-raise,,,
376,125,-637,lateral-raise,,,
300,132,-520,lateral-raise,,,
171,57,-403,lateral-raise,,,
107,56,-400,lateral-raise,,,
85,47,-482,lateral-raise,,,
47,-16,-501,lateral-raise,,,
-11,-29,-415,lateral-raise,,,
-64,-24,-381,lateral-raise,,,
-121,-9,-394,lateral-raise,,,
-139,-40,-435,lateral-raise,,,
-165,-69,-389,lateral-raise,,,
-198,-86,-358,lateral-raise,,,
-212,-109,-355,lateral-raise,,,
-216,-73,-400,lateral-raise,,,
-212,-74,-444,lateral-raise,,,
-212,-116,-388,lateral-raise,,,
-224,-89,-401,lateral-raise,,,
-232,-67,-476,lateral-raise,,,
-225,-73,-501,lateral-raise,,,
-216,-64,-538,lateral-raise,,,
-219,-58,-578,lateral-raise,,,
-212,-42,-592,lateral-raise,,,
-177,-23,-567,lateral-raise,,,
-160,-8,-611,lateral-raise,,,
-166,-5,-671,lateral-raise,,,
-117,-2,-732,lateral-raise,,,
-51,-6,-717,lateral-raise,,,
-29,13,-616,lateral-raise,,,
24,34,-634,lateral-raise,,,
112,15,-639,lateral-raise,,,
186,98,-733,lateral-raise,,,
269,103,-784,lateral-raise,,,
333,107,-780,lateral-raise,,,
368,165,-760,lateral-raise,,,
424,187,-762,lateral-raise,,,
491,156,-779,lateral-raise,,,
581,198,-796,lateral-raise,,,
556,253,-755,lateral-raise,,,
618,210,-789,lateral-raise,,,
650,239,-729,lateral-raise,,,
721,216,-752,lateral-raise,,,
775,256,-720,lateral-raise,,,
838,248,-767,lateral-raise,,,
893,278,-745,lateral-raise,,,
933,258,-759,lateral-raise,,,
965,234,-709,lateral-raise,,,
961,218,-618,lateral-raise,,,
1016,195,-657,lateral-raise,,,
1044,199,-684,lateral-raise,,,
1068,213,-715,lateral-raise,,,
1092,268,-622,lateral-raise,,,
1096,261,-594,lateral-raise,,,
1108,231,-518,lateral-raise,,,
1124,182,-484,lateral-raise,,,
1134,168,-474,lateral-raise,,,
1142,162,-466,lateral-raise,,,
1127,199,-453,lateral-raise,,,
1125,216,-410,lateral-raise,,,
1123,195,-397,lateral-raise,,,
1115,204,-354,lateral-raise,,,
1097,211,-323,lateral-raise,,,
1074,198,-344,lateral-raise,,,
1064,169,-379,lateral-raise,,,
1046,170,-410,lateral-raise,,,
1019,167,-411,lateral-raise,,,
1008,164,-417,lateral-raise,,,
1020,160,-452,lateral-raise,,,
1024,152,-430,lateral-raise,,,
1023,171,-391,lateral-raise,,,
1032,205,-464,lateral-raise,,,
1049,235,-561,lateral-raise,,,
1095,243,-623,lateral-raise,,,
1137,236,-689,lateral-raise,,,
1152,216,-646,lateral-raise,,,
1152,221,-571,lateral-raise,,,
1170,229,-671,lateral-raise,,,
1213,231,-758,lateral-raise,,,
1235,253,-725,lateral-raise,,,
1275,260,-685,lateral-raise,,,
1316,250,-662,lateral-raise,,,
1350,265,-676,lateral-raise,,,
1347,288,-661,lateral-raise,,,
1366,265,-638,lateral-raise,,,
1401,300,-605,lateral-raise,,,
1437,286,-660,lateral-raise,,,
1376,319,-593,lateral-raise,,,
1371,315,-600,lateral-raise,,,
1320,334,-600,lateral-raise,,,
1233,310,-603,lateral-raise,,,
1142,282,-639,lateral-raise,,,
1102,320,-616,lateral-raise,,,
1024,304,-600,lateral-raise,,,
944,216,-512,lateral-raise,,,
781,255,-520,lateral-raise,,,
677,271,-581,lateral-raise,,,
590,272,-711,lateral-raise,,,
467,257,-560,lateral-raise,,,
385,227,-480,lateral-raise,,,
313,210,-507,lateral-raise,,,
249,194,-539,lateral-raise,,,
200,145,-497,lateral-raise,,,
153,129,-475,lateral-raise,,,
106,115,-472,lateral-raise,,,
59,112,-484,lateral-raise,,,
0,88,-434,lateral-raise,,,
-16,39,-469,lateral-raise,,,
-73,30,-431,lateral-raise,,,
-79,10,-475,lateral-raise,,,
-83,-38,-466,lateral-raise,,,
-125,12,-422,lateral-raise,,,
-129,33,-459,lateral-raise,,,
-174,-40,-458,lateral-raise,,,
-203,-3,-430,lateral-raise,,,
-205,6,-489,lateral-raise,,,
-212,-28,-505,lateral-raise,,,
-238,-10,-424,lateral-raise,,,
-231,-9,-451,lateral-raise,,,
-220,-12,-528,lateral-raise,,,
-205,-4,-551,lateral-raise,,,
-180,-19,-542,lateral-raise,,,
-177,-4,-530,lateral-raise,,,
-155,22,-572,lateral-raise,,,
-113,14,-600,lateral-raise,,,
-68,30,-646,lateral-raise,,,
-36,46,-703,lateral-raise,,,
3,51,-658,lateral-raise,,,
53,63,-645,lateral-raise,,,
99,105,-689,lateral-raise,,,
158,81,-733,lateral-raise,,,
203,60,-693,lateral-raise,,,
246,58,-572,lateral-raise,,,
304,95,-643,lateral-raise,,,
368,120,-685,lateral-raise,,,
416,127,-714,lateral-raise,,,
496,165,-759,lateral-raise,,,
548,199,-760,lateral-raise,,,
623,235,-791,lateral-raise,,,
678,211,-679,lateral-raise,,,
735,300,-739,lateral-raise,,,
813,266,-763,lateral-raise,,,
890,287,-684,lateral-raise,,,
938,273,-617,lateral-raise,,,
992,304,-664,lateral-raise,,,
1024,320,-664,lateral-raise,,,
1063,312,-672,lateral-raise,,,
1102,266,-604,lateral-raise,,,
1104,286,-555,lateral-raise,,,
1140,281,-603,lateral-raise,,,
1151,237,-529,lateral-raise,,,
1166,281,-541,lateral-raise,,,
1182,308,-517,lateral-raise,,,
1171,285,-465,lateral-raise,,,
1161,260,-404,lateral-raise,,,
1166,224,-309,lateral-raise,,,
1180,228,-319,lateral-raise,,,
1178,226,-322,lateral-raise,,,
1188,218,-326,lateral-raise,,,
1175,233,-305,lateral-raise,,,
1157,234,-268,lateral-raise,,,
1147,237,-224,lateral-raise,,,
1123,240,-229,lateral-raise,,,
1102,225,-189,lateral-raise,,,
1081,216,-195,lateral-raise,,,
1053,211,-230,lateral-raise,,,
1035,217,-249,lateral-raise,,,
1041,224,-269,lateral-raise,,,
1039,202,-241,lateral-raise,,,
1036,180,-225,lateral-raise,,,
1064,188,-308,lateral-raise,,,
1096,204,-395,lateral-raise,,,
1100,226,-394,lateral-raise,,,
1114,237,-417,lateral-raise,,,
1136,241,-490,lateral-raise,,,
1142,277,-533,lateral-raise,,,
1158,290,-582,lateral-raise,,,
1183,280,-577,lateral-raise,,,
1222,269,-566,lateral-raise,,,
1258,266,-592,lateral-raise,,,
1285,304,-587,lateral-raise,,,
1307,304,-567,lateral-raise,,,
1351,308,-559,lateral-raise,,,
1392,318,-612,lateral-raise,,,
1406,305,-635,lateral-raise,,,
1451,285,-580,lateral-raise,,,
1426,298,-533,lateral-raise,,,
1395,275,-525,lateral-raise,,,
1368,287,-554,lateral-raise,,,
1361,281,-567,lateral-raise,,,
1303,285,-553,lateral-raise,,,
1220,262,-505,lateral-raise,,,
1180,319,-599,lateral-raise,,,
1114,302,-584,lateral-raise,,,
996,264,-426,lateral-raise,,,
880,272,-496,lateral-raise,,,
784,224,-512,lateral-raise,,,
784,224,-512,lateral-raise,,,
683,240,-465,lateral-raise,,,
558,217,-494,lateral-raise,,,
440,223,-518,lateral-raise,,,
381,195,-615,lateral-raise,,,
269,106,-510,lateral-raise,,,
151,82,-370,lateral-raise,,,
109,107,-393,lateral-raise,,,
104,65,-520,lateral-raise,,,
84,49,-453,lateral-raise,,,
48,35,-413,lateral-raise,,,
9,38,-433,lateral-raise,,,
0,64,-446,lateral-raise,,,
-12,66,-442,lateral-raise,,,
-62,41,-320,lateral-raise,,,
-69,32,-289,lateral-raise,,,
-69,54,-366,lateral-raise,,,
-83,38,-421,lateral-raise,,,
-103,4,-386,lateral-raise,,,
-117,2,-375,lateral-raise,,,
-125,37,-408,lateral-raise,,,
-123,37,-456,lateral-raise,,,
-107,28,-462,lateral-raise,,,
-96,28,-487,lateral-raise,,,
-67,24,-520,lateral-raise,,,
-28,16,-480,lateral-raise,,,
7,31,-463,lateral-raise,,,
65,56,-536,lateral-raise,,,
132,67,-603,lateral-raise,,,
185,104,-636,lateral-raise,,,
237,139,-641,lateral-raise,,,
317,172,-614,lateral-raise,,,
385,213,-647,lateral-raise,,,
430,186,-669,lateral-raise,,,
498,162,-598,lateral-raise,,,
554,210,-560,lateral-raise,,,
657,241,-641,lateral-raise,,,
737,260,-656,lateral-raise,,,
792,256,-628,lateral-raise,,,
832,289,-614,lateral-raise,,,
895,312,-611,lateral-raise,,,
933,279,-618,lateral-raise,,,
997,280,-603,lateral-raise,,,
1032,314,-647,lateral-raise,,,
1091,284,-594,lateral-raise,,,
1169,306,-598,lateral-raise,,,
1179,257,-516,lateral-raise,,,
1211,270,-557,lateral-raise,,,
1256,250,-511,lateral-raise,,,
1248,280,-488,lateral-raise,,,
1264,296,-480,lateral-raise,,,
1248,264,-432,lateral-raise,,,
1209,241,-378,lateral-raise,,,
1200,255,-391,lateral-raise,,,
1222,226,-377,lateral-raise,,,
1195,224,-281,lateral-raise,,,
1171,245,-208,lateral-raise,,,
1161,199,-214,lateral-raise,,,
1140,172,-202,lateral-raise,,,
1136,175,-220,lateral-raise,,,
1103,169,-198,lateral-raise,,,
1052,168,-103,lateral-raise,,,
1015,180,-74,lateral-raise,,,
978,184,-102,lateral-raise,,,
950,184,-147,lateral-raise,,,
898,155,-103,lateral-raise,,,
830,138,-30,lateral-raise,,,
765,152,-62,lateral-raise,,,
744,160,-83,lateral-raise,,,
724,165,-70,lateral-raise,,,
697,178,-89,lateral-raise,,,
659,146,-90,lateral-raise,,,
645,120,-61,lateral-raise,,,
648,147,-30,lateral-raise,,,
665,155,14,lateral-raise,,,
676,148,40,lateral-raise,,,
672,144,60,lateral-raise,,,
687,148,80,lateral-raise,,,
745,160,95,lateral-raise,,,
817,121,176,lateral-raise,,,
865,65,253,lateral-raise,,,
914,62,209,lateral-raise,,,
976,81,121,lateral-raise,,,
1019,99,57,lateral-raise,,,
1032,118,40,lateral-raise,,,
1069,134,61,lateral-raise,,,
1119,102,65,lateral-raise,,,
1143,103,80,lateral-raise,,,
1171,168,156,lateral-raise,,,
1196,192,160,lateral-raise,,,
1186,181,179,lateral-raise,,,
1197,156,67,lateral-raise,,,
1222,181,25,lateral-raise,,,
1251,108,60,lateral-raise,,,
1266,172,47,lateral-raise,,,
1282,197,88,lateral-raise,,,
1295,234,91,lateral-raise,,,
1299,245,131,lateral-raise,,,
1414,207,348,lateral-raise,,,
1391,79,608,lateral-raise,,,
1537,-88,437,lateral-raise,,,
1560,192,64,lateral-raise,,,
