-808,848,-376,triceps-extension,,,
-707,848,-252,triceps-extension,,,
-575,810,-332,triceps-extension,,,
-493,741,-329,triceps-extension,,,
-422,685,-240,triceps-extension,,,
-309,730,-296,triceps-extension,,,
-247,589,-416,triceps-extension,,,
-226,507,-336,triceps-extension,,,
-91,549,-393,triceps-extension,,,
-25,482,-375,triceps-extension,,,
92,394,-209,triceps-extension,,,
176,302,-242,triceps-extension,,,
337,340,-361,triceps-extension,,,
460,242,-410,triceps-extension,,,
551,114,-330,triceps-extension,,,
676,24,-290,triceps-extension,,,
774,-38,-385,triceps-extension,,,
747,-30,-464,triceps-extension,,,
817,-103,-296,triceps-extension,,,
887,-167,-78,triceps-extension,,,
886,-209,-123,triceps-extension,,,
843,-190,-269,triceps-extension,,,
825,-182,-177,triceps-extension,,,
841,-217,14,triceps-extension,,,
819,-232,26,triceps-extension,,,
772,-236,-40,triceps-extension,,,
702,-221,-2,triceps-extension,,,
655,-185,97,triceps-extension,,,
618,-168,105,triceps-extension,,,
543,-148,36,triceps-extension,,,
478,-104,43,triceps-extension,,,
431,-104,124,triceps-extension,,,
424,-167,151,triceps-extension,,,
354,-203,109,triceps-extension,,,
341,-200,96,triceps-extension,,,
370,-231,127,triceps-extension,,,
383,-284,162,triceps-extension,,,
419,-340,143,triceps-extension,,,
488,-360,58,triceps-extension,,,
547,-404,57,triceps-extension,,,
602,-480,192,triceps-extension,,,
673,-522,172,triceps-extension,,,
681,-559,219,triceps-extension,,,
697,-506,201,triceps-extension,,,
746,-482,248,triceps-extension,,,
696,-553,181,triceps-extension,,,
638,-553,92,triceps-extension,,,
697,-490,131,triceps-extension,,,
603,-633,172,triceps-extension,,,
512,-653,96,triceps-extension,,,
527,-561,104,triceps-extension,,,
473,-639,128,triceps-extension,,,
456,-780,299,triceps-extension,,,
372,-799,350,triceps-extension,,,
346,-718,270,triceps-extension,,,
337,-851,249,triceps-extension,,,
257,-935,376,triceps-extension,,,
234,-958,371,triceps-extension,,,
191,-1035,375,triceps-extension,,,
184,-1061,403,triceps-extension,,,
125,-1097,375,triceps-extension,,,
80,-1129,355,triceps-extension,,,
35,-1155,389,triceps-extension,,,
24,-1172,334,triceps-extension,,,
-35,-1152,400,triceps-extension,,,
-96,-1144,472,triceps-extension,,,
-129,-1161,421,triceps-extension,,,
-163,-1130,457,triceps-extension,,,
-218,-1128,472,triceps-extension,,,
-240,-1126,505,triceps-extension,,,
-255,-1125,484,triceps-extension,,,
-240,-1138,427,triceps-extension,,,
-247,-1116,431,triceps-extension,,,
-237,-1100,461,triceps-extension,,,
-203,-1100,455,triceps-extension,,,
-192,-1088,432,triceps-extension,,,
-164,-1080,436,triceps-extension,,,
-132,-1065,433,triceps-extension,,,
-106,-1041,416,triceps-extension,,,
-66,-1025,434,triceps-extension,,,
-31,-1013,426,triceps-extension,,,
11,-998,423,triceps-extension,,,
46,-984,459,triceps-extension,,,
71,-987,409,triceps-extension,,,
110,-989,381,triceps-extension,,,
152,-981,386,triceps-extension,,,
191,-966,410,triceps-extension,,,
222,-937,418,triceps-extension,,,
264,-922,426,triceps-extension,,,
296,-928,416,triceps-extension,,,
329,-926,357,triceps-extension,,,
365,-917,325,triceps-extension,,,
391,-898,341,triceps-extension,,,
429,-873,327,triceps-extension,,,
462,-878,324,triceps-extension,,,
500,-861,341,triceps-extension,,,
531,-837,316,triceps-extension,,,
565,-815,280,triceps-extension,,,
615,-797,277,triceps-extension,,,
611,-758,240,triceps-extension,,,
664,-727,233,triceps-extension,,,
680,-680,264,triceps-extension,,,
688,-648,176,triceps-extension,,,
711,-586,137,triceps-extension,,,
697,-554,121,triceps-extension,,,
726,-507,98,triceps-extension,,,
692,-446,60,triceps-extension,,,
688,-376,113,triceps-extension,,,
667,-347,64,triceps-extension,,,
691,-324,97,triceps-extension,,,
676,-333,111,triceps-extension,,,
679,-329,86,triceps-extension,,,
686,-290,80,triceps-extension,,,
663,-311,92,triceps-extension,,,
674,-326,120,triceps-extension,,,
686,-287,110,triceps-extension,,,
671,-318,81,triceps-extension,,,
714,-319,172,triceps-extension,,,
725,-317,108,triceps-extension,,,
731,-320,72,triceps-extension,,,
772,-295,95,triceps-extension,,,
782,-334,124,triceps-extension,,,
743,-392,141,triceps-extension,,,
706,-385,116,triceps-extension,,,
727,-341,78,triceps-extension,,,
752,-411,159,triceps-extension,,,
694,-500,252,triceps-extension,,,
664,-484,248,triceps-extension,,,
692,-468,167,triceps-extension,,,
689,-554,159,triceps-extension,,,
634,-672,288,triceps-extension,,,
573,-678,330,triceps-extension,,,
571,-658,265,triceps-extension,,,
567,-733,238,triceps-extension,,,
523,-827,329,triceps-extension,,,
445,-866,428,triceps-extension,,,
389,-834,344,triceps-extension,,,
374,-888,351,triceps-extension,,,
336,-971,368,triceps-extension,,,
277,-1002,360,triceps-extension,,,
214,-1016,348,triceps-extension,,,
177,-1049,384,triceps-extension,,,
144,-1080,386,triceps-extension,,,
111,-1084,386,triceps-extension,,,
100,-1108,359,triceps-extension,,,
78,-1129,354,triceps-extension,,,
63,-1137,369,triceps-extension,,,
55,-1147,380,triceps-extension,,,
50,-1167,408,triceps-extension,,,
71,-1154,330,triceps-extension,,,
63,-1176,354,triceps-extension,,,
48,-1176,381,triceps-extension,,,
32,-1168,289,triceps-extension,,,
16,-1144,359,triceps-extension,,,
39,-1113,368,triceps-extension,,,
32,-1104,322,triceps-extension,,,
47,-1111,253,triceps-extension,,,
55,-1068,314,triceps-extension,,,
70,-1064,363,triceps-extension,,,
107,-1043,284,triceps-extension,,,
132,-1040,286,triceps-extension,,,
156,-1040,328,triceps-extension,,,
193,-1020,356,triceps-extension,,,
213,-1016,328,triceps-extension,,,
228,-997,295,triceps-extension,,,
244,-1004,318,triceps-extension,,,
283,-1002,352,triceps-extension,,,
313,-989,349,triceps-extension,,,
337,-978,311,triceps-extension,,,
371,-944,312,triceps-extension,,,
389,-933,299,triceps-extension,,,
417,-911,313,triceps-extension,,,
437,-891,318,triceps-extension,,,
459,-883,307,triceps-extension,,,
463,-875,309,triceps-extension,,,
496,-859,312,triceps-extension,,,
532,-852,277,triceps-extension,,,
573,-831,256,triceps-extension,,,
612,-796,264,triceps-extension,,,
639,-772,283,triceps-extension,,,
657,-745,267,triceps-extension,,,
666,-707,235,triceps-extension,,,
695,-646,221,triceps-extension,,,
707,-590,184,triceps-extension,,,
703,-570,163,triceps-extension,,,
708,-537,148,triceps-extension,,,
741,-480,162,triceps-extension,,,
752,-443,148,triceps-extension,,,
791,-437,184,triceps-extension,,,
808,-446,121,triceps-extension,,,
804,-429,68,triceps-extension,,,
784,-402,-12,triceps-extension,,,
753,-406,57,triceps-extension,,,
730,-380,88,triceps-extension,,,
732,-304,84,triceps-extension,,,
705,-301,67,triceps-extension,,,
667,-289,79,triceps-extension,,,
647,-294,74,triceps-extension,,,
693,-278,80,triceps-extension,,,
669,-271,25,triceps-extension,,,
720,-341,114,triceps-extension,,,
722,-309,37,triceps-extension,,,
760,-399,125,triceps-extension,,,
744,-368,32,triceps-extension,,,
672,-392,56,triceps-extension,,,
796,-252,134,triceps-extension,,,
671,-415,159,triceps-extension,,,
716,-446,264,triceps-extension,,,
735,-419,104,triceps-extension,,,
750,-487,95,triceps-extension,,,
661,-587,284,triceps-extension,,,
641,-566,251,triceps-extension,,,
620,-540,180,triceps-extension,,,
590,-556,194,triceps-extension,,,
546,-598,302,triceps-extension,,,
536,-639,266,triceps-extension,,,
542,-660,284,triceps-extension,,,
520,-752,337,triceps-extension,,,
501,-858,352,triceps-extension,,,
446,-882,369,triceps-extension,,,
429,-880,311,triceps-extension,,,
416,-922,327,triceps-extension,,,
347,-969,377,triceps-extension,,,
312,-979,382,triceps-extension,,,
293,-990,338,triceps-extension,,,
243,-1023,340,triceps-extension,,,
198,-1049,369,triceps-extension,,,
158,-1069,359,triceps-extension,,,
128,-1092,352,triceps-extension,,,
108,-1124,372,triceps-extension,,,
92,-1152,419,triceps-extension,,,
81,-1156,445,triceps-extension,,,
65,-1166,443,triceps-extension,,,
53,-1177,446,triceps-extension,,,
35,-1158,451,triceps-extension,,,
13,-1141,468,triceps-extension,,,
11,-1136,439,triceps-extension,,,
16,-1125,416,triceps-extension,,,
13,-1099,395,triceps-extension,,,
10,-1081,408,triceps-extension,,,
16,-1059,453,triceps-extension,,,
22,-1040,416,triceps-extension,,,
42,-1014,398,triceps-extension,,,
55,-1003,427,triceps-extension,,,
83,-984,457,triceps-extension,,,
97,-981,431,triceps-extension,,,
109,-965,425,triceps-extension,,,
140,-951,430,triceps-extension,,,
160,-943,419,triceps-extension,,,
163,-933,443,triceps-extension,,,
196,-912,463,triceps-extension,,,
241,-913,454,triceps-extension,,,
259,-927,426,triceps-extension,,,
311,-912,471,triceps-extension,,,
288,-912,448,triceps-extension,,,
336,-920,400,triceps-extension,,,
359,-889,377,triceps-extension,,,
390,-888,391,triceps-extension,,,
414,-881,355,triceps-extension,,,
452,-858,367,triceps-extension,,,
456,-842,311,triceps-extension,,,
505,-819,297,triceps-extension,,,
539,-809,323,triceps-extension,,,
577,-801,315,triceps-extension,,,
597,-787,292,triceps-extension,,,
638,-765,282,triceps-extension,,,
685,-729,280,triceps-extension,,,
708,-696,286,triceps-extension,,,
747,-676,300,triceps-extension,,,
771,-643,281,triceps-extension,,,
770,-610,205,triceps-extension,,,
752,-546,181,triceps-extension,,,
755,-488,173,triceps-extension,,,
755,-457,143,triceps-extension,,,
732,-408,128,triceps-extension,,,
734,-346,118,triceps-extension,,,
725,-334,135,triceps-extension,,,
694,-322,134,triceps-extension,,,
676,-278,142,triceps-extension,,,
684,-231,135,triceps-extension,,,
676,-212,100,triceps-extension,,,
687,-197,119,triceps-extension,,,
702,-213,141,triceps-extension,,,
708,-245,107,triceps-extension,,,
734,-242,70,triceps-extension,,,
759,-259,107,triceps-extension,,,
807,-285,163,triceps-extension,,,
812,-320,125,triceps-extension,,,
851,-315,98,triceps-extension,,,
838,-325,77,triceps-extension,,,
802,-356,139,triceps-extension,,,
799,-328,161,triceps-extension,,,
789,-351,159,triceps-extension,,,
802,-418,296,triceps-extension,,,
734,-419,235,triceps-extension,,,
743,-397,189,triceps-extension,,,
779,-409,200,triceps-extension,,,
684,-523,312,triceps-extension,,,
660,-529,332,triceps-extension,,,
646,-506,227,triceps-extension,,,
680,-643,313,triceps-extension,,,
611,-735,391,triceps-extension,,,
562,-727,372,triceps-extension,,,
584,-716,314,triceps-extension,,,
574,-803,346,triceps-extension,,,
496,-888,400,triceps-extension,,,
448,-856,384,triceps-extension,,,
448,-856,384,triceps-extension,,,
409,-856,330,triceps-extension,,,
385,-917,343,triceps-extension,,,
339,-950,366,triceps-extension,,,
307,-967,353,triceps-extension,,,
275,-975,352,triceps-extension,,,
258,-997,331,triceps-extension,,,
229,-1020,376,triceps-extension,,,
217,-1037,364,triceps-extension,,,
196,-1066,367,triceps-extension,,,
173,-1078,381,triceps-extension,,,
162,-1099,390,triceps-extension,,,
166,-1140,374,triceps-extension,,,
174,-1140,374,triceps-extension,,,
176,-1136,387,triceps-extension,,,
187,-1130,381,triceps-extension,,,
187,-1117,398,triceps-extension,,,
195,-1112,361,triceps-extension,,,
205,-1097,367,triceps-extension,,,
218,-1083,389,triceps-extension,,,
224,-1080,344,triceps-extension,,,
238,-1066,354,triceps-extension,,,
239,-1043,362,triceps-extension,,,
249,-1028,348,triceps-extension,,,
260,-1020,315,triceps-extension,,,
272,-1004,312,triceps-extension,,,
292,-984,344,triceps-extension,,,
311,-972,344,triceps-extension,,,
339,-964,348,triceps-extension,,,
349,-953,359,triceps-extension,,,
360,-944,358,triceps-extension,,,
384,-935,335,triceps-extension,,,
390,-917,311,triceps-extension,,,
405,-909,280,triceps-extension,,,
419,-899,264,triceps-extension,,,
424,-881,301,triceps-extension,,,
431,-862,307,triceps-extension,,,
459,-854,298,triceps-extension,,,
500,-840,302,triceps-extension,,,
540,-814,303,triceps-extension,,,
560,-805,326,triceps-extension,,,
599,-785,323,triceps-extension,,,
636,-748,337,triceps-extension,,,
658,-722,338,triceps-extension,,,
676,-685,309,triceps-extension,,,
707,-662,340,triceps-extension,,,
729,-647,297,triceps-extension,,,
739,-629,227,triceps-extension,,,
782,-582,272,triceps-extension,,,
745,-552,271,triceps-extension,,,
792,-560,248,triceps-extension,,,
832,-552,232,triceps-extension,,,
848,-513,216,triceps-extension,,,
818,-482,148,triceps-extension,,,
823,-465,248,triceps-extension,,,
780,-391,190,triceps-extension,,,
797,-320,177,triceps-extension,,,
758,-326,176,triceps-extension,,,
759,-260,183,triceps-extension,,,
773,-221,157,triceps-extension,,,
776,-275,139,triceps-extension,,,
820,-269,193,triceps-extension,,,
813,-239,109,triceps-extension,,,
796,-250,159,triceps-extension,,,
763,-227,155,triceps-extension,,,
746,-193,161,triceps-extension,,,
733,-151,140,triceps-extension,,,
733,-163,133,triceps-extension,,,
762,-213,215,triceps-extension,,,
817,-181,210,triceps-extension,,,
815,-196,135,triceps-extension,,,
843,-243,219,triceps-extension,,,
844,-237,203,triceps-extension,,,
855,-251,181,triceps-extension,,,
889,-285,212,triceps-extension,,,
854,-321,208,triceps-extension,,,
828,-308,196,triceps-extension,,,
825,-322,188,triceps-extension,,,
790,-409,258,triceps-extension,,,
726,-434,304,triceps-extension,,,
692,-416,264,triceps-extension,,,
707,-467,299,triceps-extension,,,
664,-568,386,triceps-extension,,,
607,-596,399,triceps-extension,,,
592,-587,320,triceps-extension,,,
624,-655,320,triceps-extension,,,
590,-767,364,triceps-extension,,,
512,-795,378,triceps-extension,,,
514,-799,333,triceps-extension,,,
493,-854,306,triceps-extension,,,
412,-903,330,triceps-extension,,,
408,-923,372,triceps-extension,,,
341,-910,308,triceps-extension,,,
324,-939,359,triceps-extension,,,
298,-952,345,triceps-extension,,,
262,-957,306,triceps-extension,,,
246,-997,313,triceps-extension,,,
231,-1041,267,triceps-extension,,,
213,-1051,376,triceps-extension,,,
176,-1089,276,triceps-extension,,,
167,-1104,351,triceps-extension,,,
144,-1120,304,triceps-extension,,,
120,-1120,304,triceps-extension,,,
128,-1151,366,triceps-extension,,,
105,-1137,421,triceps-extension,,,
89,-1143,499,triceps-extension,,,
103,-1122,453,triceps-extension,,,
104,-1106,491,triceps-extension,,,
83,-1111,468,triceps-extension,,,
100,-1085,437,triceps-extension,,,
97,-1067,419,triceps-extension,,,
122,-1051,409,triceps-extension,,,
122,-1023,414,triceps-extension,,,
145,-1016,441,triceps-extension,,,
176,-986,448,triceps-extension,,,
190,-970,419,triceps-extension,,,
226,-968,437,triceps-extension,,,
234,-968,420,triceps-extension,,,
270,-952,451,triceps-extension,,,
299,-933,393,triceps-extension,,,
319,-928,398,triceps-extension,,,
343,-923,444,triceps-extension,,,
362,-920,418,triceps-extension,,,
373,-920,392,triceps-extension,,,
385,-911,419,triceps-extension,,,
409,-895,414,triceps-extension,,,
432,-880,371,triceps-extension,,,
452,-872,352,triceps-extension,,,
472,-860,371,triceps-extension,,,
491,-837,377,triceps-extension,,,
515,-820,342,triceps-extension,,,
538,-806,337,triceps-extension,,,
565,-786,337,triceps-extension,,,
593,-761,310,triceps-extension,,,
623,-716,303,triceps-extension,,,
664,-680,280,triceps-extension,,,
701,-664,278,triceps-extension,,,
717,-620,223,triceps-extension,,,
726,-585,200,triceps-extension,,,
735,-551,221,triceps-extension,,,
772,-498,164,triceps-extension,,,
758,-467,152,triceps-extension,,,
752,-421,150,triceps-extension,,,
751,-401,147,triceps-extension,,,
743,-356,156,triceps-extension,,,
734,-290,135,triceps-extension,,,
727,-257,135,triceps-extension,,,
773,-260,170,triceps-extension,,,
743,-225,64,triceps-extension,,,
739,-228,144,triceps-extension,,,
784,-170,141,triceps-extension,,,
785,-208,80,triceps-extension,,,
808,-200,97,triceps-extension,,,
840,-248,175,triceps-extension,,,
871,-186,106,triceps-extension,,,
842,-237,89,triceps-extension,,,
885,-277,192,triceps-extension,,,
888,-200,134,triceps-extension,,,
874,-228,149,triceps-extension,,,
900,-204,173,triceps-extension,,,
829,-234,94,triceps-extension,,,
816,-280,200,triceps-extension,,,
809,-210,152,triceps-extension,,,
764,-294,149,triceps-extension,,,
808,-357,288,triceps-extension,,,
721,-374,165,triceps-extension,,,
741,-423,236,triceps-extension,,,
708,-434,228,triceps-extension,,,
694,-465,253,triceps-extension,,,
728,-523,288,triceps-extension,,,
718,-607,275,triceps-extension,,,
699,-701,274,triceps-extension,,,
676,-751,270,triceps-extension,,,
664,-755,259,triceps-extension,,,
636,-798,247,triceps-extension,,,
562,-836,249,triceps-extension,,,
481,-823,247,triceps-extension,,,
494,-820,294,triceps-extension,,,
488,-880,360,triceps-extension,,,
421,-909,364,triceps-extension,,,
378,-888,359,triceps-extension,,,
338,-906,347,triceps-extension,,,
307,-948,333,triceps-extension,,,
269,-966,352,triceps-extension,,,
240,-955,349,triceps-extension,,,
228,-975,344,triceps-extension,,,
200,-1008,355,triceps-extension,,,
184,-1024,392,triceps-extension,,,
184,-1031,424,triceps-extension,,,
179,-1048,422,triceps-extension,,,
168,-1052,424,triceps-extension,,,
164,-1064,456,triceps-extension,,,
152,-1069,473,triceps-extension,,,
150,-1085,438,triceps-extension,,,
145,-1071,412,triceps-extension,,,
160,-1065,465,triceps-extension,,,
196,-1071,471,triceps-extension,,,
175,-1062,467,triceps-extension,,,
167,-1048,484,triceps-extension,,,
161,-1047,447,triceps-extension,,,
175,-1039,433,triceps-extension,,,
168,-1024,448,triceps-extension,,,
176,-1024,439,triceps-extension,,,
192,-1008,408,triceps-extension,,,
184,-1008,416,triceps-extension,,,
184,-1008,416,triceps-extension,,,
207,-969,432,triceps-extension,,,
185,-976,409,triceps-extension,,,
244,-954,401,triceps-extension,,,
241,-945,393,triceps-extension,,,
276,-923,428,triceps-extension,,,
294,-906,439,triceps-extension,,,
316,-911,379,triceps-extension,,,
347,-872,415,triceps-extension,,,
365,-877,404,triceps-extension,,,
387,-880,394,triceps-extension,,,
392,-880,336,triceps-extension,,,
422,-880,362,triceps-extension,,,
444,-868,335,triceps-extension,,,
459,-870,320,triceps-extension,,,
481,-866,320,triceps-extension,,,
510,-853,336,triceps-extension,,,
525,-848,307,triceps-extension,,,
548,-828,303,triceps-extension,,,
575,-801,317,triceps-extension,,,
584,-782,287,triceps-extension,,,
607,-771,269,triceps-extension,,,
637,-777,236,triceps-extension,,,
691,-741,243,triceps-extension,,,
720,-687,247,triceps-extension,,,
720,-652,220,triceps-extension,,,
736,-613,216,triceps-extension,,,
737,-570,201,triceps-extension,,,
732,-526,184,triceps-extension,,,
746,-501,181,triceps-extension,,,
763,-477,170,triceps-extension,,,
762,-436,145,triceps-extension,,,
758,-404,114,triceps-extension,,,
763,-379,101,triceps-extension,,,
744,-355,101,triceps-extension,,,
726,-313,100,triceps-extension,,,
722,-291,81,triceps-extension,,,
730,-303,102,triceps-extension,,,
756,-248,102,triceps-extension,,,
814,-240,109,triceps-extension,,,
818,-286,74,triceps-extension,,,
859,-251,77,triceps-extension,,,
881,-253,65,triceps-extension,,,
924,-208,65,triceps-extension,,,
904,-257,36,triceps-extension,,,
908,-250,111,triceps-extension,,,
940,-145,32,triceps-extension,,,
896,-239,37,triceps-extension,,,
896,-231,109,triceps-extension,,,
887,-208,54,triceps-extension,,,
856,-200,-7,triceps-extension,,,
872,-232,71,triceps-extension,,,
771,-279,64,triceps-extension,,,
768,-250,72,triceps-extension,,,
805,-255,109,triceps-extension,,,
735,-365,134,triceps-extension,,,
714,-405,143,triceps-extension,,,
789,-373,158,triceps-extension,,,
704,-484,112,triceps-extension,,,
715,-557,271,triceps-extension,,,
655,-548,232,triceps-extension,,,
646,-538,178,triceps-extension,,,
673,-579,224,triceps-extension,,,
638,-671,264,triceps-extension,,,
559,-714,313,triceps-extension,,,
559,-686,311,triceps-extension,,,
546,-733,293,triceps-extension,,,
498,-820,353,triceps-extension,,,
427,-837,389,triceps-extension,,,
405,-852,341,triceps-extension,,,
378,-923,347,triceps-extension,,,
327,-931,354,triceps-extension,,,
295,-926,367,triceps-extension,,,
279,-981,339,triceps-extension,,,
225,-1012,347,triceps-extension,,,
188,-1008,359,triceps-extension,,,
196,-1024,352,triceps-extension,,,
188,-1040,372,triceps-extension,,,
165,-1055,391,triceps-extension,,,
145,-1090,419,triceps-extension,,,
153,-1115,388,triceps-extension,,,
170,-1110,331,triceps-extension,,,
154,-1093,357,triceps-extension,,,
147,-1094,372,triceps-extension,,,
152,-1107,363,triceps-extension,,,
160,-1107,403,triceps-extension,,,
169,-1089,393,triceps-extension,,,
157,-1077,432,triceps-extension,,,
166,-1084,419,triceps-extension,,,
158,-1072,392,triceps-extension,,,
157,-1067,400,triceps-extension,,,
178,-1045,349,triceps-extension,,,
184,-1029,368,triceps-extension,,,
191,-1012,369,triceps-extension,,,
219,-991,375,triceps-extension,,,
198,-982,367,triceps-extension,,,
241,-965,357,triceps-extension,,,
250,-936,340,triceps-extension,,,
274,-934,383,triceps-extension,,,
298,-911,376,triceps-extension,,,
344,-888,376,triceps-extension,,,
328,-880,384,triceps-extension,,,
360,-872,432,triceps-extension,,,
360,-864,339,triceps-extension,,,
383,-849,412,triceps-extension,,,
406,-878,356,triceps-extension,,,
452,-865,337,triceps-extension,,,
477,-864,400,triceps-extension,,,
508,-864,401,triceps-extension,,,
532,-850,380,triceps-extension,,,
556,-841,376,triceps-extension,,,
580,-820,396,triceps-extension,,,
597,-797,400,triceps-extension,,,
600,-780,406,triceps-extension,,,
618,-764,396,triceps-extension,,,
642,-742,398,triceps-extension,,,
671,-713,400,triceps-extension,,,
680,-698,355,triceps-extension,,,
696,-658,352,triceps-extension,,,
730,-640,344,triceps-extension,,,
739,-625,321,triceps-extension,,,
746,-581,302,triceps-extension,,,
752,-550,263,triceps-extension,,,
747,-502,245,triceps-extension,,,
744,-481,226,triceps-extension,,,
787,-449,251,triceps-extension,,,
816,-399,238,triceps-extension,,,
820,-380,188,triceps-extension,,,
836,-372,157,triceps-extension,,,
807,-331,117,triceps-extension,,,
772,-277,104,triceps-extension,,,
756,-244,77,triceps-extension,,,
731,-213,30,triceps-extension,,,
721,-214,25,triceps-extension,,,
713,-201,49,triceps-extension,,,
749,-176,53,triceps-extension,,,
768,-192,29,triceps-extension,,,
789,-182,36,triceps-extension,,,
816,-221,75,triceps-extension,,,
843,-207,81,triceps-extension,,,
826,-246,36,triceps-extension,,,
880,-244,82,triceps-extension,,,
888,-253,42,triceps-extension,,,
911,-253,76,triceps-extension,,,
875,-299,57,triceps-extension,,,
879,-240,63,triceps-extension,,,
823,-300,71,triceps-extension,,,
810,-384,178,triceps-extension,,,
763,-378,188,triceps-extension,,,
795,-319,156,triceps-extension,,,
836,-420,218,triceps-extension,,,
768,-496,247,triceps-extension,,,
752,-512,225,triceps-extension,,,
800,-512,295,triceps-extension,,,
715,-566,343,triceps-extension,,,
636,-530,276,triceps-extension,,,
684,-558,302,triceps-extension,,,
652,-655,348,triceps-extension,,,
569,-635,345,triceps-extension,,,
525,-618,351,triceps-extension,,,
561,-677,359,triceps-extension,,,
488,-708,353,triceps-extension,,,
492,-732,411,triceps-extension,,,
509,-755,399,triceps-extension,,,
500,-810,423,triceps-extension,,,
490,-842,450,triceps-extension,,,
476,-854,444,triceps-extension,,,
449,-867,429,triceps-extension,,,
429,-889,424,triceps-extension,,,
435,-918,429,triceps-extension,,,
403,-933,437,triceps-extension,,,
369,-941,491,triceps-extension,,,
345,-974,515,triceps-extension,,,
331,-987,545,triceps-extension,,,
305,-993,549,triceps-extension,,,
292,-1013,549,triceps-extension,,,
292,-1020,551,triceps-extension,,,
284,-1012,548,triceps-extension,,,
284,-1000,580,triceps-extension,,,
280,-996,581,triceps-extension,,,
272,-1004,556,triceps-extension,,,
276,-1012,546,triceps-extension,,,
283,-1009,515,triceps-extension,,,
285,-994,496,triceps-extension,,,
283,-987,496,triceps-extension,,,
276,-989,487,triceps-extension,,,
261,-968,488,triceps-extension,,,
277,-918,530,triceps-extension,,,
288,-875,545,triceps-extension,,,
288,-864,528,triceps-extension,,,
288,-853,530,triceps-extension,,,
294,-822,548,triceps-extension,,,
312,-821,579,triceps-extension,,,
312,-843,560,triceps-extension,,,
312,-857,550,triceps-extension,,,
316,-867,501,triceps-extension,,,
335,-880,487,triceps-extension,,,
332,-881,473,triceps-extension,,,
362,-889,421,triceps-extension,,,
376,-894,399,triceps-extension,,,
378,-871,386,triceps-extension,,,
408,-864,406,triceps-extension,,,
401,-856,376,triceps-extension,,,
424,-848,376,triceps-extension,,,
456,-816,400,triceps-extension,,,
456,-816,400,triceps-extension,,,
448,-832,338,triceps-extension,,,
501,-824,351,triceps-extension,,,
504,-802,352,triceps-extension,,,
533,-807,374,triceps-extension,,,
550,-815,347,triceps-extension,,,
580,-809,337,triceps-extension,,,
598,-808,404,triceps-extension,,,
633,-788,356,triceps-extension,,,
647,-784,285,triceps-extension,,,
661,-784,316,triceps-extension,,,
664,-772,278,triceps-extension,,,
700,-726,276,triceps-extension,,,
706,-688,239,triceps-extension,,,
687,-663,235,triceps-extension,,,
674,-639,218,triceps-extension,,,
721,-583,224,triceps-extension,,,
739,-555,179,triceps-extension,,,
772,-527,177,triceps-extension,,,
807,-507,177,triceps-extension,,,
816,-475,178,triceps-extension,,,
848,-433,184,triceps-extension,,,
841,-416,153,triceps-extension,,,
829,-394,145,triceps-extension,,,
819,-355,106,triceps-extension,,,
796,-320,72,triceps-extension,,,
777,-300,80,triceps-extension,,,
749,-267,54,triceps-extension,,,
729,-236,50,triceps-extension,,,
713,-237,69,triceps-extension,,,
717,-213,70,triceps-extension,,,
757,-199,56,triceps-extension,,,
798,-227,36,triceps-extension,,,
822,-232,58,triceps-extension,,,
856,-242,45,triceps-extension,,,
860,-262,45,triceps-extension,,,
837,-254,7,triceps-extension,,,
848,-240,45,triceps-extension,,,
830,-232,-6,triceps-extension,,,
771,-273,18,triceps-extension,,,
768,-233,78,triceps-extension,,,
816,-201,60,triceps-extension,,,
751,-309,33,triceps-extension,,,
776,-298,141,triceps-extension,,,
731,-318,40,triceps-extension,,,
756,-366,98,triceps-extension,,,
785,-421,114,triceps-extension,,,
715,-476,141,triceps-extension,,,
762,-532,219,triceps-extension,,,
798,-610,278,triceps-extension,,,
720,-680,209,triceps-extension,,,
768,-720,279,triceps-extension,,,
760,-782,296,triceps-extension,,,
623,-761,250,triceps-extension,,,
601,-775,315,triceps-extension,,,
578,-849,305,triceps-extension,,,
497,-827,354,triceps-extension,,,
446,-789,325,triceps-extension,,,
467,-873,340,triceps-extension,,,
419,-921,377,triceps-extension,,,
375,-902,332,triceps-extension,,,
381,-921,371,triceps-extension,,,
328,-928,384,triceps-extension,,,
318,-916,390,triceps-extension,,,
302,-959,363,triceps-extension,,,
273,-970,352,triceps-extension,,,
258,-985,391,triceps-extension,,,
229,-992,370,triceps-extension,,,
200,-976,347,triceps-extension,,,
182,-983,369,triceps-extension,,,
156,-972,384,triceps-extension,,,
134,-960,346,triceps-extension,,,
123,-979,320,triceps-extension,,,
120,-979,369,triceps-extension,,,
103,-990,386,triceps-extension,,,
96,-1020,351,triceps-extension,,,
116,-1040,372,triceps-extension,,,
136,-1056,408,triceps-extension,,,
155,-1068,426,triceps-extension,,,
175,-1079,434,triceps-extension,,,
191,-1088,429,triceps-extension,,,
197,-1085,416,triceps-extension,,,
192,-1071,386,triceps-extension,,,
183,-1053,404,triceps-extension,,,
168,-1043,384,triceps-extension,,,
163,-1032,389,triceps-extension,,,
150,-1027,395,triceps-extension,,,
137,-1009,379,triceps-extension,,,
120,-990,362,triceps-extension,,,
118,-970,354,triceps-extension,,,
123,-930,393,triceps-extension,,,
157,-931,422,triceps-extension,,,
148,-913,423,triceps-extension,,,
169,-919,449,triceps-extension,,,
181,-910,416,triceps-extension,,,
210,-896,417,triceps-extension,,,
231,-896,421,triceps-extension,,,
289,-894,397,triceps-extension,,,
298,-874,445,triceps-extension,,,
321,-897,409,triceps-extension,,,
337,-912,431,triceps-extension,,,
384,-904,408,triceps-extension,,,
376,-904,392,triceps-extension,,,
392,-927,415,triceps-extension,,,
400,-867,439,triceps-extension,,,
415,-819,365,triceps-extension,,,
438,-794,411,triceps-extension,,,
461,-771,480,triceps-extension,,,
485,-768,453,triceps-extension,,,
508,-761,434,triceps-extension,,,
525,-767,485,triceps-extension,,,
535,-761,450,triceps-extension,,,
574,-766,472,triceps-extension,,,
609,-787,406,triceps-extension,,,
634,-786,396,triceps-extension,,,
664,-778,406,triceps-extension,,,
683,-742,402,triceps-extension,,,
705,-728,383,triceps-extension,,,
728,-696,371,triceps-extension,,,
747,-664,310,triceps-extension,,,
742,-620,290,triceps-extension,,,
736,-585,276,triceps-extension,,,
746,-562,250,triceps-extension,,,
747,-520,226,triceps-extension,,,
757,-487,189,triceps-extension,,,
772,-476,142,triceps-extension,,,
772,-460,108,triceps-extension,,,
776,-408,136,triceps-extension,,,
784,-353,134,triceps-extension,,,
795,-303,117,triceps-extension,,,
787,-264,110,triceps-extension,,,
760,-254,86,triceps-extension,,,
744,-230,96,triceps-extension,,,
717,-207,54,triceps-extension,,,
735,-186,58,triceps-extension,,,
784,-179,29,triceps-extension,,,
831,-189,10,triceps-extension,,,
894,-222,24,triceps-extension,,,
890,-263,-30,triceps-extension,,,
885,-246,-30,triceps-extension,,,
862,-252,-34,triceps-extension,,,
871,-218,13,triceps-extension,,,
830,-222,27,triceps-extension,,,
795,-210,17,triceps-extension,,,
801,-191,56,triceps-extension,,,
777,-219,58,triceps-extension,,,
830,-209,68,triceps-extension,,,
813,-331,41,triceps-extension,,,
787,-350,49,triceps-extension,,,
818,-332,67,triceps-extension,,,
845,-388,112,triceps-extension,,,
791,-457,113,triceps-extension,,,
753,-488,136,triceps-extension,,,
807,-480,176,triceps-extension,,,
715,-573,215,triceps-extension,,,
644,-538,186,triceps-extension,,,
685,-529,236,triceps-extension,,,
644,-623,204,triceps-extension,,,
626,-646,229,triceps-extension,,,
589,-655,197,triceps-extension,,,
611,-690,212,triceps-extension,,,
576,-769,216,triceps-extension,,,
555,-771,249,triceps-extension,,,
546,-749,243,triceps-extension,,,
550,-806,234,triceps-extension,,,
510,-866,274,triceps-extension,,,
478,-868,276,triceps-extension,,,
466,-904,283,triceps-extension,,,
447,-942,310,triceps-extension,,,
413,-957,320,triceps-extension,,,
363,-981,299,triceps-extension,,,
319,-997,303,triceps-extension,,,
289,-1040,292,triceps-extension,,,
270,-1074,247,triceps-extension,,,
245,-1089,303,triceps-extension,,,
232,-1096,364,triceps-extension,,,
219,-1100,381,triceps-extension,,,
225,-1100,421,triceps-extension,,,
224,-1092,424,triceps-extension,,,
193,-1096,377,triceps-extension,,,
172,-1097,393,triceps-extension,,,
168,-1092,412,triceps-extension,,,
155,-1093,389,triceps-extension,,,
155,-1085,395,triceps-extension,,,
175,-1071,367,triceps-extension,,,
172,-1050,352,triceps-extension,,,
192,-1026,349,triceps-extension,,,
189,-1003,334,triceps-extension,,,
194,-993,341,triceps-extension,,,
218,-960,399,triceps-extension,,,
230,-949,384,triceps-extension,,,
252,-918,414,triceps-extension,,,
275,-905,419,triceps-extension,,,
314,-883,376,triceps-extension,,,
321,-893,392,triceps-extension,,,
323,-883,437,triceps-extension,,,
300,-897,312,triceps-extension,,,
322,-904,363,triceps-extension,,,
338,-904,383,triceps-extension,,,
353,-905,372,triceps-extension,,,
369,-918,338,triceps-extension,,,
376,-896,359,triceps-extension,,,
368,-888,335,triceps-extension,,,
352,-872,288,triceps-extension,,,
344,-896,248,triceps-extension,,,
360,-849,264,triceps-extension,,,
413,-818,294,triceps-extension,,,
394,-809,303,triceps-extension,,,
392,-830,311,triceps-extension,,,
421,-818,298,triceps-extension,,,
417,-816,338,triceps-extension,,,
430,-823,324,triceps-extension,,,
445,-831,267,triceps-extension,,,
481,-845,328,triceps-extension,,,
501,-867,388,triceps-extension,,,
510,-860,338,triceps-extension,,,
530,-856,314,triceps-extension,,,
554,-850,353,triceps-extension,,,
577,-842,351,triceps-extension,,,
595,-829,333,triceps-extension,,,
595,-819,301,triceps-extension,,,
613,-784,309,triceps-extension,,,
619,-773,320,triceps-extension,,,
621,-756,325,triceps-extension,,,
634,-730,314,triceps-extension,,,
659,-715,313,triceps-extension,,,
685,-712,316,triceps-extension,,,
709,-699,290,triceps-extension,,,
728,-688,272,triceps-extension,,,
744,-672,276,triceps-extension,,,
744,-648,261,triceps-extension,,,
747,-636,251,triceps-extension,,,
764,-614,260,triceps-extension,,,
778,-595,246,triceps-extension,,,
805,-594,242,triceps-extension,,,
830,-566,253,triceps-extension,,,
837,-533,242,triceps-extension,,,
837,-517,229,triceps-extension,,,
840,-488,216,triceps-extension,,,
831,-465,202,triceps-extension,,,
855,-441,199,triceps-extension,,,
870,-416,180,triceps-extension,,,
868,-384,194,triceps-extension,,,
882,-364,195,triceps-extension,,,
896,-366,178,triceps-extension,,,
924,-324,178,triceps-extension,,,
904,-303,145,triceps-extension,,,
905,-291,107,triceps-extension,,,
905,-261,80,triceps-extension,,,
853,-236,77,triceps-extension,,,
818,-197,45,triceps-extension,,,
749,-169,19,triceps-extension,,,
711,-182,57,triceps-extension,,,
697,-151,80,triceps-extension,,,
728,-128,95,triceps-extension,,,
736,-112,41,triceps-extension,,,
775,-182,79,triceps-extension,,,
860,-184,126,triceps-extension,,,
894,-221,76,triceps-extension,,,
954,-253,79,triceps-extension,,,
917,-235,9,triceps-extension,,,
961,-253,42,triceps-extension,,,
913,-229,28,triceps-extension,,,
904,-211,17,triceps-extension,,,
839,-241,62,triceps-extension,,,
830,-165,66,triceps-extension,,,
751,-150,33,triceps-extension,,,
692,-140,78,triceps-extension,,,
715,-118,96,triceps-extension,,,
642,-89,44,triceps-extension,,,
575,-97,30,triceps-extension,,,
587,-109,97,triceps-extension,,,
584,-80,54,triceps-extension,,,
576,-100,11,triceps-extension,,,
625,-135,48,triceps-extension,,,
651,-130,29,triceps-extension,,,
667,-199,32,triceps-extension,,,
729,-202,34,triceps-extension,,,
764,-156,38,triceps-extension,,,
768,-156,19,triceps-extension,,,
776,-132,-8,triceps-extension,,,
788,-104,0,triceps-extension,,,
796,-86,-63,triceps-extension,,,
792,-60,-104,triceps-extension,,,
799,-26,-81,triceps-extension,,,
811,19,-127,triceps-extension,,,
828,33,-142,triceps-extension,,,
865,77,-109,triceps-extension,,,
907,147,-101,triceps-extension,,,
954,189,-86,triceps-extension,,,
1018,205,-103,triceps-extension,,,
1049,236,-169,triceps-extension,,,
1089,303,-114,triceps-extension,,,
1136,356,-145,triceps-extension,,,
1120,417,-217,triceps-extension,,,
1051,504,-174,triceps-extension,,,
996,507,-98,triceps-extension,,,
952,535,-44,triceps-extension,,,
824,610,98,triceps-extension,,,
758,638,122,triceps-extension,,,
623,742,205,triceps-extension,,,
546,797,309,triceps-extension,,,
473,844,287,triceps-extension,,,
372,796,387,triceps-extension,,,
285,863,437,triceps-extension,,,
200,840,336,triceps-extension,,,
96,768,264,triceps-extension,,,
96,768,264,triceps-extension,,,
49,939,520,triceps-extension,,,
10,860,513,triceps-extension,,,
-96,796,572,triceps-extension,,,
-170,887,817,triceps-extension,,,
-283,867,733,triceps-extension,,,
-401,696,755,triceps-extension,,,
-512,836,910,triceps-extension,,,
-608,817,709,triceps-extension,,,
-735,710,612,triceps-extension,,,
-804,669,721,triceps-extension,,,
-847,701,628,triceps-extension,,,
-916,603,610,triceps-extension,,,
-971,521,587,triceps-extension,,,
-1001,556,691,triceps-extension,,,
-1047,509,586,triceps-extension,,,
-1096,437,401,triceps-extension,,,
-1154,442,559,triceps-extension,,,
-1186,405,555,triceps-extension,,,
-1217,322,404,triceps-extension,,,
-1208,293,352,triceps-extension,,,
-1187,259,375,triceps-extension,,,
-1206,277,329,triceps-extension,,,
-1220,290,202,triceps-extension,,,
-1195,230,153,triceps-extension,,,
-1176,200,224,triceps-extension,,,
-1195,173,368,triceps-extension,,,
-1172,121,361,triceps-extension,,,
-1074,150,286,triceps-extension,,,
-1040,188,270,triceps-extension,,,
-1078,176,213,triceps-extension,,,
-1088,206,259,triceps-extension,,,
-1097,216,143,triceps-extension,,,
-1079,213,36,triceps-extension,,,
-1003,213,208,triceps-extension,,,
-978,200,402,triceps-extension,,,
-1007,130,363,triceps-extension,,,
-1100,121,307,triceps-extension,,,
-1184,200,66,triceps-extension,,,
-1114,215,48,triceps-extension,,,
-1028,209,84,triceps-extension,,,
-972,273,267,triceps-extension,,,
-941,97,477,triceps-extension,,,
-1067,-123,588,triceps-extension,,,
-1179,-284,553,triceps-extension,,,
-1182,-285,164,triceps-extension,,,
-1026,-41,70,triceps-extension,,,
-972,197,134,triceps-extension,,,
-1032,157,213,triceps-extension,,,
-1031,246,155,triceps-extension,,,
-1001,191,239,triceps-extension,,,
-1063,65,177,triceps-extension,,,
-1002,-91,230,triceps-extension,,,
-954,-50,285,triceps-extension,,,
-997,-41,325,triceps-extension,,,
-1007,-69,240,triceps-extension,,,
-979,-65,218,triceps-extension,,,
-976,27,251,triceps-extension,,,
-969,54,331,triceps-extension,,,
-948,49,237,triceps-extension,,,
-951,107,236,triceps-extension,,,
-984,196,335,triceps-extension,,,
-992,191,397,triceps-extension,,,
-968,160,293,triceps-extension,,,
-972,93,227,triceps-extension,,,
-976,72,239,triceps-extension,,,
-987,122,287,triceps-extension,,,
-1014,209,385,triceps-extension,,,
-1087,293,429,triceps-extension,,,
-1135,356,544,triceps-extension,,,
-1174,401,643,triceps-extension,,,
-1225,397,654,triceps-extension,,,
-1285,342,592,triceps-extension,,,
-1339,249,422,triceps-extension,,,
-1356,291,281,triceps-extension,,,
-1302,468,236,triceps-extension,,,
-1228,580,148,triceps-extension,,,
-1188,581,26,triceps-extension,,,
-1121,545,-28,triceps-extension,,,
-1000,493,-43,triceps-extension,,,
-884,441,-49,triceps-extension,,,
-792,422,-98,triceps-extension,,,
-713,423,-212,triceps-extension,,,
-641,448,-271,triceps-extension,,,
-586,448,-299,triceps-extension,,,
-544,435,-320,triceps-extension,,,
-505,403,-364,triceps-extension,,,
-488,394,-417,triceps-extension,,,
-484,402,-495,triceps-extension,,,
-468,396,-534,triceps-extension,,,
-451,333,-535,triceps-extension,,,
-432,256,-555,triceps-extension,,,
-429,324,-540,triceps-extension,,,
-412,347,-571,triceps-extension,,,
-392,359,-630,triceps-extension,,,
-391,355,-664,triceps-extension,,,
-385,377,-672,triceps-extension,,,
-400,381,-733,triceps-extension,,,
-471,353,-702,triceps-extension,,,
-352,362,-680,triceps-extension,,,
-352,391,-673,triceps-extension,,,
-336,352,-704,triceps-extension,,,
